config,corpus,thr,group,n_gt,n_pred,precision,recall,f1
bardsai_eu_pii,hard,0.15,DATE_TIME,85,16,1.0,0.188,0.317
bardsai_eu_pii,hard,0.15,EMAIL,27,33,1.0,0.926,0.962
bardsai_eu_pii,hard,0.15,FINANCIAL,19,19,0.895,0.684,0.775
bardsai_eu_pii,hard,0.15,GOV_ID,40,50,0.76,0.875,0.813
bardsai_eu_pii,hard,0.15,IP,3,4,0.75,1.0,0.857
bardsai_eu_pii,hard,0.15,LOCATION,59,57,0.93,0.847,0.887
bardsai_eu_pii,hard,0.15,ORGANIZATION,72,112,0.589,0.889,0.709
bardsai_eu_pii,hard,0.15,PERSON,155,154,0.994,0.981,0.987
bardsai_eu_pii,hard,0.15,PHONE,23,30,0.8,0.957,0.871
bardsai_eu_pii,hard,0.15,URL,4,8,0.875,0.75,0.808
bardsai_eu_pii,hard,0.2,DATE_TIME,85,16,1.0,0.188,0.317
bardsai_eu_pii,hard,0.2,EMAIL,27,33,1.0,0.926,0.962
bardsai_eu_pii,hard,0.2,FINANCIAL,19,19,0.895,0.684,0.775
bardsai_eu_pii,hard,0.2,GOV_ID,40,50,0.76,0.875,0.813
bardsai_eu_pii,hard,0.2,IP,3,4,0.75,1.0,0.857
bardsai_eu_pii,hard,0.2,LOCATION,59,57,0.93,0.847,0.887
bardsai_eu_pii,hard,0.2,ORGANIZATION,72,112,0.589,0.889,0.709
bardsai_eu_pii,hard,0.2,PERSON,155,154,0.994,0.981,0.987
bardsai_eu_pii,hard,0.2,PHONE,23,29,0.828,0.957,0.887
bardsai_eu_pii,hard,0.2,URL,4,8,0.875,0.75,0.808
bardsai_eu_pii,hard,0.25,DATE_TIME,85,16,1.0,0.188,0.317
bardsai_eu_pii,hard,0.25,EMAIL,27,33,1.0,0.926,0.962
bardsai_eu_pii,hard,0.25,FINANCIAL,19,19,0.895,0.684,0.775
bardsai_eu_pii,hard,0.25,GOV_ID,40,50,0.76,0.875,0.813
bardsai_eu_pii,hard,0.25,IP,3,4,0.75,1.0,0.857
bardsai_eu_pii,hard,0.25,LOCATION,59,57,0.93,0.847,0.887
bardsai_eu_pii,hard,0.25,ORGANIZATION,72,112,0.589,0.889,0.709
bardsai_eu_pii,hard,0.25,PERSON,155,154,0.994,0.981,0.987
bardsai_eu_pii,hard,0.25,PHONE,23,29,0.828,0.957,0.887
bardsai_eu_pii,hard,0.25,URL,4,8,0.875,0.75,0.808
bardsai_eu_pii,hard,0.3,DATE_TIME,85,16,1.0,0.188,0.317
bardsai_eu_pii,hard,0.3,EMAIL,27,33,1.0,0.926,0.962
bardsai_eu_pii,hard,0.3,FINANCIAL,19,19,0.895,0.684,0.775
bardsai_eu_pii,hard,0.3,GOV_ID,40,50,0.76,0.875,0.813
bardsai_eu_pii,hard,0.3,IP,3,4,0.75,1.0,0.857
bardsai_eu_pii,hard,0.3,LOCATION,59,57,0.93,0.847,0.887
bardsai_eu_pii,hard,0.3,ORGANIZATION,72,112,0.589,0.889,0.709
bardsai_eu_pii,hard,0.3,PERSON,155,154,0.994,0.981,0.987
bardsai_eu_pii,hard,0.3,PHONE,23,29,0.828,0.957,0.887
bardsai_eu_pii,hard,0.3,URL,4,8,0.875,0.75,0.808
bardsai_eu_pii,hard,0.4,DATE_TIME,85,16,1.0,0.188,0.317
bardsai_eu_pii,hard,0.4,EMAIL,27,32,1.0,0.926,0.962
bardsai_eu_pii,hard,0.4,FINANCIAL,19,18,0.889,0.632,0.738
bardsai_eu_pii,hard,0.4,GOV_ID,40,47,0.745,0.85,0.794
bardsai_eu_pii,hard,0.4,IP,3,4,0.75,1.0,0.857
bardsai_eu_pii,hard,0.4,LOCATION,59,57,0.93,0.847,0.887
bardsai_eu_pii,hard,0.4,ORGANIZATION,72,110,0.6,0.889,0.716
bardsai_eu_pii,hard,0.4,PERSON,155,154,0.994,0.981,0.987
bardsai_eu_pii,hard,0.4,PHONE,23,29,0.828,0.957,0.887
bardsai_eu_pii,hard,0.4,URL,4,7,0.857,0.75,0.8
bardsai_eu_pii,hard,0.5,DATE_TIME,85,16,1.0,0.188,0.317
bardsai_eu_pii,hard,0.5,EMAIL,27,31,1.0,0.926,0.962
bardsai_eu_pii,hard,0.5,FINANCIAL,19,17,0.882,0.632,0.736
bardsai_eu_pii,hard,0.5,GOV_ID,40,39,0.769,0.725,0.746
bardsai_eu_pii,hard,0.5,IP,3,4,0.75,1.0,0.857
bardsai_eu_pii,hard,0.5,LOCATION,59,56,0.929,0.847,0.886
bardsai_eu_pii,hard,0.5,ORGANIZATION,72,106,0.623,0.889,0.732
bardsai_eu_pii,hard,0.5,PERSON,155,154,0.994,0.981,0.987
bardsai_eu_pii,hard,0.5,PHONE,23,26,0.923,0.957,0.94
bardsai_eu_pii,hard,0.5,URL,4,5,1.0,0.75,0.857
bardsai_eu_pii,hard,0.6,DATE_TIME,85,16,1.0,0.188,0.317
bardsai_eu_pii,hard,0.6,EMAIL,27,27,1.0,0.889,0.941
bardsai_eu_pii,hard,0.6,FINANCIAL,19,16,0.938,0.632,0.755
bardsai_eu_pii,hard,0.6,GOV_ID,40,35,0.771,0.65,0.706
bardsai_eu_pii,hard,0.6,IP,3,4,0.75,1.0,0.857
bardsai_eu_pii,hard,0.6,LOCATION,59,54,0.944,0.847,0.893
bardsai_eu_pii,hard,0.6,ORGANIZATION,72,99,0.636,0.847,0.727
bardsai_eu_pii,hard,0.6,PERSON,155,154,0.994,0.981,0.987
bardsai_eu_pii,hard,0.6,PHONE,23,25,0.96,0.957,0.958
bardsai_eu_pii,hard,0.6,URL,4,4,1.0,0.75,0.857
bardsai_eu_pii,hard,0.7,DATE_TIME,85,16,1.0,0.188,0.317
bardsai_eu_pii,hard,0.7,EMAIL,27,26,1.0,0.852,0.92
bardsai_eu_pii,hard,0.7,FINANCIAL,19,15,0.933,0.632,0.753
bardsai_eu_pii,hard,0.7,GOV_ID,40,33,0.758,0.6,0.67
bardsai_eu_pii,hard,0.7,IP,3,3,1.0,1.0,1.0
bardsai_eu_pii,hard,0.7,LOCATION,59,52,0.942,0.831,0.883
bardsai_eu_pii,hard,0.7,ORGANIZATION,72,95,0.663,0.847,0.744
bardsai_eu_pii,hard,0.7,PERSON,155,152,0.993,0.968,0.98
bardsai_eu_pii,hard,0.7,PHONE,23,24,1.0,0.957,0.978
bardsai_eu_pii,hard,0.7,URL,4,2,1.0,0.25,0.4
bardsai_eu_pii,hard,0.8,DATE_TIME,85,16,1.0,0.188,0.317
bardsai_eu_pii,hard,0.8,EMAIL,27,16,1.0,0.593,0.744
bardsai_eu_pii,hard,0.8,FINANCIAL,19,12,1.0,0.526,0.69
bardsai_eu_pii,hard,0.8,GOV_ID,40,30,0.8,0.575,0.669
bardsai_eu_pii,hard,0.8,IP,3,3,1.0,1.0,1.0
bardsai_eu_pii,hard,0.8,LOCATION,59,45,0.978,0.763,0.857
bardsai_eu_pii,hard,0.8,ORGANIZATION,72,84,0.75,0.847,0.796
bardsai_eu_pii,hard,0.8,PERSON,155,149,0.993,0.948,0.97
bardsai_eu_pii,hard,0.8,PHONE,23,24,1.0,0.957,0.978
bardsai_eu_pii,hard,0.8,URL,4,2,1.0,0.25,0.4
bardsai_eu_pii,sanctum,0.15,DATE_TIME,30,3,1.0,0.1,0.182
bardsai_eu_pii,sanctum,0.15,EMAIL,11,14,0.929,1.0,0.963
bardsai_eu_pii,sanctum,0.15,FINANCIAL,5,5,1.0,1.0,1.0
bardsai_eu_pii,sanctum,0.15,GOV_ID,3,12,0.333,1.0,0.5
bardsai_eu_pii,sanctum,0.15,IP,1,1,1.0,1.0,1.0
bardsai_eu_pii,sanctum,0.15,LOCATION,14,28,0.929,1.0,0.963
bardsai_eu_pii,sanctum,0.15,ORGANIZATION,31,47,0.426,0.645,0.513
bardsai_eu_pii,sanctum,0.15,PERSON,48,74,0.649,1.0,0.787
bardsai_eu_pii,sanctum,0.15,PHONE,9,11,0.909,1.0,0.952
bardsai_eu_pii,sanctum,0.15,URL,2,2,1.0,0.5,0.667
bardsai_eu_pii,sanctum,0.2,DATE_TIME,30,3,1.0,0.1,0.182
bardsai_eu_pii,sanctum,0.2,EMAIL,11,14,0.929,1.0,0.963
bardsai_eu_pii,sanctum,0.2,FINANCIAL,5,5,1.0,1.0,1.0
bardsai_eu_pii,sanctum,0.2,GOV_ID,3,12,0.333,1.0,0.5
bardsai_eu_pii,sanctum,0.2,IP,1,1,1.0,1.0,1.0
bardsai_eu_pii,sanctum,0.2,LOCATION,14,28,0.929,1.0,0.963
bardsai_eu_pii,sanctum,0.2,ORGANIZATION,31,47,0.426,0.645,0.513
bardsai_eu_pii,sanctum,0.2,PERSON,48,74,0.649,1.0,0.787
bardsai_eu_pii,sanctum,0.2,PHONE,9,11,0.909,1.0,0.952
bardsai_eu_pii,sanctum,0.2,URL,2,2,1.0,0.5,0.667
bardsai_eu_pii,sanctum,0.25,DATE_TIME,30,3,1.0,0.1,0.182
bardsai_eu_pii,sanctum,0.25,EMAIL,11,14,0.929,1.0,0.963
bardsai_eu_pii,sanctum,0.25,FINANCIAL,5,5,1.0,1.0,1.0
bardsai_eu_pii,sanctum,0.25,GOV_ID,3,12,0.333,1.0,0.5
bardsai_eu_pii,sanctum,0.25,IP,1,1,1.0,1.0,1.0
bardsai_eu_pii,sanctum,0.25,LOCATION,14,28,0.929,1.0,0.963
bardsai_eu_pii,sanctum,0.25,ORGANIZATION,31,47,0.426,0.645,0.513
bardsai_eu_pii,sanctum,0.25,PERSON,48,74,0.649,1.0,0.787
bardsai_eu_pii,sanctum,0.25,PHONE,9,11,0.909,1.0,0.952
bardsai_eu_pii,sanctum,0.25,URL,2,1,1.0,0.5,0.667
bardsai_eu_pii,sanctum,0.3,DATE_TIME,30,3,1.0,0.1,0.182
bardsai_eu_pii,sanctum,0.3,EMAIL,11,14,0.929,1.0,0.963
bardsai_eu_pii,sanctum,0.3,FINANCIAL,5,5,1.0,1.0,1.0
bardsai_eu_pii,sanctum,0.3,GOV_ID,3,12,0.333,1.0,0.5
bardsai_eu_pii,sanctum,0.3,IP,1,1,1.0,1.0,1.0
bardsai_eu_pii,sanctum,0.3,LOCATION,14,28,0.929,1.0,0.963
bardsai_eu_pii,sanctum,0.3,ORGANIZATION,31,47,0.426,0.645,0.513
bardsai_eu_pii,sanctum,0.3,PERSON,48,74,0.649,1.0,0.787
bardsai_eu_pii,sanctum,0.3,PHONE,9,11,0.909,1.0,0.952
bardsai_eu_pii,sanctum,0.3,URL,2,1,1.0,0.5,0.667
bardsai_eu_pii,sanctum,0.4,DATE_TIME,30,3,1.0,0.1,0.182
bardsai_eu_pii,sanctum,0.4,EMAIL,11,14,0.929,1.0,0.963
bardsai_eu_pii,sanctum,0.4,FINANCIAL,5,5,1.0,1.0,1.0
bardsai_eu_pii,sanctum,0.4,GOV_ID,3,10,0.4,1.0,0.571
bardsai_eu_pii,sanctum,0.4,IP,1,1,1.0,1.0,1.0
bardsai_eu_pii,sanctum,0.4,LOCATION,14,26,0.923,1.0,0.96
bardsai_eu_pii,sanctum,0.4,ORGANIZATION,31,47,0.426,0.645,0.513
bardsai_eu_pii,sanctum,0.4,PERSON,48,74,0.649,1.0,0.787
bardsai_eu_pii,sanctum,0.4,PHONE,9,11,0.909,1.0,0.952
bardsai_eu_pii,sanctum,0.4,URL,2,1,1.0,0.5,0.667
bardsai_eu_pii,sanctum,0.5,DATE_TIME,30,3,1.0,0.1,0.182
bardsai_eu_pii,sanctum,0.5,EMAIL,11,14,0.929,1.0,0.963
bardsai_eu_pii,sanctum,0.5,FINANCIAL,5,5,1.0,1.0,1.0
bardsai_eu_pii,sanctum,0.5,GOV_ID,3,10,0.4,1.0,0.571
bardsai_eu_pii,sanctum,0.5,IP,1,1,1.0,1.0,1.0
bardsai_eu_pii,sanctum,0.5,LOCATION,14,26,0.923,1.0,0.96
bardsai_eu_pii,sanctum,0.5,ORGANIZATION,31,46,0.435,0.645,0.519
bardsai_eu_pii,sanctum,0.5,PERSON,48,74,0.649,1.0,0.787
bardsai_eu_pii,sanctum,0.5,PHONE,9,11,0.909,1.0,0.952
bardsai_eu_pii,sanctum,0.5,URL,2,1,1.0,0.5,0.667
bardsai_eu_pii,sanctum,0.6,DATE_TIME,30,3,1.0,0.1,0.182
bardsai_eu_pii,sanctum,0.6,EMAIL,11,14,0.929,1.0,0.963
bardsai_eu_pii,sanctum,0.6,FINANCIAL,5,4,1.0,0.8,0.889
bardsai_eu_pii,sanctum,0.6,GOV_ID,3,9,0.444,1.0,0.615
bardsai_eu_pii,sanctum,0.6,IP,1,1,1.0,1.0,1.0
bardsai_eu_pii,sanctum,0.6,LOCATION,14,24,0.917,1.0,0.957
bardsai_eu_pii,sanctum,0.6,ORGANIZATION,31,42,0.476,0.645,0.548
bardsai_eu_pii,sanctum,0.6,PERSON,48,73,0.658,1.0,0.793
bardsai_eu_pii,sanctum,0.6,PHONE,9,11,0.909,1.0,0.952
bardsai_eu_pii,sanctum,0.6,URL,2,1,1.0,0.5,0.667
bardsai_eu_pii,sanctum,0.7,DATE_TIME,30,3,1.0,0.1,0.182
bardsai_eu_pii,sanctum,0.7,EMAIL,11,12,0.917,1.0,0.957
bardsai_eu_pii,sanctum,0.7,FINANCIAL,5,4,1.0,0.8,0.889
bardsai_eu_pii,sanctum,0.7,GOV_ID,3,9,0.444,1.0,0.615
bardsai_eu_pii,sanctum,0.7,IP,1,1,1.0,1.0,1.0
bardsai_eu_pii,sanctum,0.7,LOCATION,14,21,0.905,1.0,0.95
bardsai_eu_pii,sanctum,0.7,ORGANIZATION,31,38,0.526,0.645,0.58
bardsai_eu_pii,sanctum,0.7,PERSON,48,73,0.658,1.0,0.793
bardsai_eu_pii,sanctum,0.7,PHONE,9,11,0.909,1.0,0.952
bardsai_eu_pii,sanctum,0.7,URL,2,1,1.0,0.5,0.667
bardsai_eu_pii,sanctum,0.8,DATE_TIME,30,3,1.0,0.1,0.182
bardsai_eu_pii,sanctum,0.8,EMAIL,11,8,0.875,0.636,0.737
bardsai_eu_pii,sanctum,0.8,FINANCIAL,5,4,1.0,0.8,0.889
bardsai_eu_pii,sanctum,0.8,GOV_ID,3,8,0.5,1.0,0.667
bardsai_eu_pii,sanctum,0.8,IP,1,1,1.0,1.0,1.0
bardsai_eu_pii,sanctum,0.8,LOCATION,14,18,0.889,0.857,0.873
bardsai_eu_pii,sanctum,0.8,ORGANIZATION,31,33,0.606,0.645,0.625
bardsai_eu_pii,sanctum,0.8,PERSON,48,71,0.676,1.0,0.807
bardsai_eu_pii,sanctum,0.8,PHONE,9,11,0.909,1.0,0.952
bardsai_eu_pii,sanctum,0.8,URL,2,1,1.0,0.5,0.667
dslim_bert_ner,hard,0.15,DATE_TIME,85,0,0.0,0.0,0.0
dslim_bert_ner,hard,0.15,EMAIL,27,0,0.0,0.0,0.0
dslim_bert_ner,hard,0.15,FINANCIAL,19,0,0.0,0.0,0.0
dslim_bert_ner,hard,0.15,GOV_ID,40,0,0.0,0.0,0.0
dslim_bert_ner,hard,0.15,IP,3,0,0.0,0.0,0.0
dslim_bert_ner,hard,0.15,LOCATION,59,122,0.787,0.847,0.816
dslim_bert_ner,hard,0.15,ORGANIZATION,72,187,0.369,0.819,0.509
dslim_bert_ner,hard,0.15,PERSON,155,173,0.954,0.819,0.881
dslim_bert_ner,hard,0.15,PHONE,23,0,0.0,0.0,0.0
dslim_bert_ner,hard,0.15,URL,4,0,0.0,0.0,0.0
dslim_bert_ner,hard,0.2,DATE_TIME,85,0,0.0,0.0,0.0
dslim_bert_ner,hard,0.2,EMAIL,27,0,0.0,0.0,0.0
dslim_bert_ner,hard,0.2,FINANCIAL,19,0,0.0,0.0,0.0
dslim_bert_ner,hard,0.2,GOV_ID,40,0,0.0,0.0,0.0
dslim_bert_ner,hard,0.2,IP,3,0,0.0,0.0,0.0
dslim_bert_ner,hard,0.2,LOCATION,59,122,0.787,0.847,0.816
dslim_bert_ner,hard,0.2,ORGANIZATION,72,187,0.369,0.819,0.509
dslim_bert_ner,hard,0.2,PERSON,155,173,0.954,0.819,0.881
dslim_bert_ner,hard,0.2,PHONE,23,0,0.0,0.0,0.0
dslim_bert_ner,hard,0.2,URL,4,0,0.0,0.0,0.0
dslim_bert_ner,hard,0.25,DATE_TIME,85,0,0.0,0.0,0.0
dslim_bert_ner,hard,0.25,EMAIL,27,0,0.0,0.0,0.0
dslim_bert_ner,hard,0.25,FINANCIAL,19,0,0.0,0.0,0.0
dslim_bert_ner,hard,0.25,GOV_ID,40,0,0.0,0.0,0.0
dslim_bert_ner,hard,0.25,IP,3,0,0.0,0.0,0.0
dslim_bert_ner,hard,0.25,LOCATION,59,122,0.787,0.847,0.816
dslim_bert_ner,hard,0.25,ORGANIZATION,72,187,0.369,0.819,0.509
dslim_bert_ner,hard,0.25,PERSON,155,173,0.954,0.819,0.881
dslim_bert_ner,hard,0.25,PHONE,23,0,0.0,0.0,0.0
dslim_bert_ner,hard,0.25,URL,4,0,0.0,0.0,0.0
dslim_bert_ner,hard,0.3,DATE_TIME,85,0,0.0,0.0,0.0
dslim_bert_ner,hard,0.3,EMAIL,27,0,0.0,0.0,0.0
dslim_bert_ner,hard,0.3,FINANCIAL,19,0,0.0,0.0,0.0
dslim_bert_ner,hard,0.3,GOV_ID,40,0,0.0,0.0,0.0
dslim_bert_ner,hard,0.3,IP,3,0,0.0,0.0,0.0
dslim_bert_ner,hard,0.3,LOCATION,59,122,0.787,0.847,0.816
dslim_bert_ner,hard,0.3,ORGANIZATION,72,187,0.369,0.819,0.509
dslim_bert_ner,hard,0.3,PERSON,155,172,0.953,0.813,0.878
dslim_bert_ner,hard,0.3,PHONE,23,0,0.0,0.0,0.0
dslim_bert_ner,hard,0.3,URL,4,0,0.0,0.0,0.0
dslim_bert_ner,hard,0.4,DATE_TIME,85,0,0.0,0.0,0.0
dslim_bert_ner,hard,0.4,EMAIL,27,0,0.0,0.0,0.0
dslim_bert_ner,hard,0.4,FINANCIAL,19,0,0.0,0.0,0.0
dslim_bert_ner,hard,0.4,GOV_ID,40,0,0.0,0.0,0.0
dslim_bert_ner,hard,0.4,IP,3,0,0.0,0.0,0.0
dslim_bert_ner,hard,0.4,LOCATION,59,120,0.8,0.847,0.823
dslim_bert_ner,hard,0.4,ORGANIZATION,72,186,0.371,0.819,0.511
dslim_bert_ner,hard,0.4,PERSON,155,171,0.953,0.813,0.877
dslim_bert_ner,hard,0.4,PHONE,23,0,0.0,0.0,0.0
dslim_bert_ner,hard,0.4,URL,4,0,0.0,0.0,0.0
dslim_bert_ner,hard,0.5,DATE_TIME,85,0,0.0,0.0,0.0
dslim_bert_ner,hard,0.5,EMAIL,27,0,0.0,0.0,0.0
dslim_bert_ner,hard,0.5,FINANCIAL,19,0,0.0,0.0,0.0
dslim_bert_ner,hard,0.5,GOV_ID,40,0,0.0,0.0,0.0
dslim_bert_ner,hard,0.5,IP,3,0,0.0,0.0,0.0
dslim_bert_ner,hard,0.5,LOCATION,59,113,0.832,0.831,0.831
dslim_bert_ner,hard,0.5,ORGANIZATION,72,180,0.378,0.819,0.517
dslim_bert_ner,hard,0.5,PERSON,155,169,0.959,0.813,0.88
dslim_bert_ner,hard,0.5,PHONE,23,0,0.0,0.0,0.0
dslim_bert_ner,hard,0.5,URL,4,0,0.0,0.0,0.0
dslim_bert_ner,hard,0.6,DATE_TIME,85,0,0.0,0.0,0.0
dslim_bert_ner,hard,0.6,EMAIL,27,0,0.0,0.0,0.0
dslim_bert_ner,hard,0.6,FINANCIAL,19,0,0.0,0.0,0.0
dslim_bert_ner,hard,0.6,GOV_ID,40,0,0.0,0.0,0.0
dslim_bert_ner,hard,0.6,IP,3,0,0.0,0.0,0.0
dslim_bert_ner,hard,0.6,LOCATION,59,109,0.853,0.831,0.842
dslim_bert_ner,hard,0.6,ORGANIZATION,72,166,0.404,0.806,0.538
dslim_bert_ner,hard,0.6,PERSON,155,167,0.964,0.813,0.882
dslim_bert_ner,hard,0.6,PHONE,23,0,0.0,0.0,0.0
dslim_bert_ner,hard,0.6,URL,4,0,0.0,0.0,0.0
dslim_bert_ner,hard,0.7,DATE_TIME,85,0,0.0,0.0,0.0
dslim_bert_ner,hard,0.7,EMAIL,27,0,0.0,0.0,0.0
dslim_bert_ner,hard,0.7,FINANCIAL,19,0,0.0,0.0,0.0
dslim_bert_ner,hard,0.7,GOV_ID,40,0,0.0,0.0,0.0
dslim_bert_ner,hard,0.7,IP,3,0,0.0,0.0,0.0
dslim_bert_ner,hard,0.7,LOCATION,59,105,0.876,0.814,0.844
dslim_bert_ner,hard,0.7,ORGANIZATION,72,144,0.438,0.778,0.56
dslim_bert_ner,hard,0.7,PERSON,155,163,0.963,0.813,0.882
dslim_bert_ner,hard,0.7,PHONE,23,0,0.0,0.0,0.0
dslim_bert_ner,hard,0.7,URL,4,0,0.0,0.0,0.0
dslim_bert_ner,hard,0.8,DATE_TIME,85,0,0.0,0.0,0.0
dslim_bert_ner,hard,0.8,EMAIL,27,0,0.0,0.0,0.0
dslim_bert_ner,hard,0.8,FINANCIAL,19,0,0.0,0.0,0.0
dslim_bert_ner,hard,0.8,GOV_ID,40,0,0.0,0.0,0.0
dslim_bert_ner,hard,0.8,IP,3,0,0.0,0.0,0.0
dslim_bert_ner,hard,0.8,LOCATION,59,100,0.9,0.814,0.855
dslim_bert_ner,hard,0.8,ORGANIZATION,72,119,0.504,0.778,0.612
dslim_bert_ner,hard,0.8,PERSON,155,156,0.962,0.794,0.87
dslim_bert_ner,hard,0.8,PHONE,23,0,0.0,0.0,0.0
dslim_bert_ner,hard,0.8,URL,4,0,0.0,0.0,0.0
dslim_bert_ner,sanctum,0.15,DATE_TIME,30,0,0.0,0.0,0.0
dslim_bert_ner,sanctum,0.15,EMAIL,11,0,0.0,0.0,0.0
dslim_bert_ner,sanctum,0.15,FINANCIAL,5,0,0.0,0.0,0.0
dslim_bert_ner,sanctum,0.15,GOV_ID,3,0,0.0,0.0,0.0
dslim_bert_ner,sanctum,0.15,IP,1,0,0.0,0.0,0.0
dslim_bert_ner,sanctum,0.15,LOCATION,14,61,0.721,1.0,0.838
dslim_bert_ner,sanctum,0.15,ORGANIZATION,31,67,0.493,0.871,0.629
dslim_bert_ner,sanctum,0.15,PERSON,48,61,0.77,0.979,0.862
dslim_bert_ner,sanctum,0.15,PHONE,9,0,0.0,0.0,0.0
dslim_bert_ner,sanctum,0.15,URL,2,0,0.0,0.0,0.0
dslim_bert_ner,sanctum,0.2,DATE_TIME,30,0,0.0,0.0,0.0
dslim_bert_ner,sanctum,0.2,EMAIL,11,0,0.0,0.0,0.0
dslim_bert_ner,sanctum,0.2,FINANCIAL,5,0,0.0,0.0,0.0
dslim_bert_ner,sanctum,0.2,GOV_ID,3,0,0.0,0.0,0.0
dslim_bert_ner,sanctum,0.2,IP,1,0,0.0,0.0,0.0
dslim_bert_ner,sanctum,0.2,LOCATION,14,61,0.721,1.0,0.838
dslim_bert_ner,sanctum,0.2,ORGANIZATION,31,67,0.493,0.871,0.629
dslim_bert_ner,sanctum,0.2,PERSON,48,61,0.77,0.979,0.862
dslim_bert_ner,sanctum,0.2,PHONE,9,0,0.0,0.0,0.0
dslim_bert_ner,sanctum,0.2,URL,2,0,0.0,0.0,0.0
dslim_bert_ner,sanctum,0.25,DATE_TIME,30,0,0.0,0.0,0.0
dslim_bert_ner,sanctum,0.25,EMAIL,11,0,0.0,0.0,0.0
dslim_bert_ner,sanctum,0.25,FINANCIAL,5,0,0.0,0.0,0.0
dslim_bert_ner,sanctum,0.25,GOV_ID,3,0,0.0,0.0,0.0
dslim_bert_ner,sanctum,0.25,IP,1,0,0.0,0.0,0.0
dslim_bert_ner,sanctum,0.25,LOCATION,14,61,0.721,1.0,0.838
dslim_bert_ner,sanctum,0.25,ORGANIZATION,31,66,0.5,0.871,0.635
dslim_bert_ner,sanctum,0.25,PERSON,48,61,0.77,0.979,0.862
dslim_bert_ner,sanctum,0.25,PHONE,9,0,0.0,0.0,0.0
dslim_bert_ner,sanctum,0.25,URL,2,0,0.0,0.0,0.0
dslim_bert_ner,sanctum,0.3,DATE_TIME,30,0,0.0,0.0,0.0
dslim_bert_ner,sanctum,0.3,EMAIL,11,0,0.0,0.0,0.0
dslim_bert_ner,sanctum,0.3,FINANCIAL,5,0,0.0,0.0,0.0
dslim_bert_ner,sanctum,0.3,GOV_ID,3,0,0.0,0.0,0.0
dslim_bert_ner,sanctum,0.3,IP,1,0,0.0,0.0,0.0
dslim_bert_ner,sanctum,0.3,LOCATION,14,61,0.721,1.0,0.838
dslim_bert_ner,sanctum,0.3,ORGANIZATION,31,66,0.5,0.871,0.635
dslim_bert_ner,sanctum,0.3,PERSON,48,61,0.77,0.979,0.862
dslim_bert_ner,sanctum,0.3,PHONE,9,0,0.0,0.0,0.0
dslim_bert_ner,sanctum,0.3,URL,2,0,0.0,0.0,0.0
dslim_bert_ner,sanctum,0.4,DATE_TIME,30,0,0.0,0.0,0.0
dslim_bert_ner,sanctum,0.4,EMAIL,11,0,0.0,0.0,0.0
dslim_bert_ner,sanctum,0.4,FINANCIAL,5,0,0.0,0.0,0.0
dslim_bert_ner,sanctum,0.4,GOV_ID,3,0,0.0,0.0,0.0
dslim_bert_ner,sanctum,0.4,IP,1,0,0.0,0.0,0.0
dslim_bert_ner,sanctum,0.4,LOCATION,14,61,0.721,1.0,0.838
dslim_bert_ner,sanctum,0.4,ORGANIZATION,31,63,0.508,0.871,0.642
dslim_bert_ner,sanctum,0.4,PERSON,48,61,0.77,0.979,0.862
dslim_bert_ner,sanctum,0.4,PHONE,9,0,0.0,0.0,0.0
dslim_bert_ner,sanctum,0.4,URL,2,0,0.0,0.0,0.0
dslim_bert_ner,sanctum,0.5,DATE_TIME,30,0,0.0,0.0,0.0
dslim_bert_ner,sanctum,0.5,EMAIL,11,0,0.0,0.0,0.0
dslim_bert_ner,sanctum,0.5,FINANCIAL,5,0,0.0,0.0,0.0
dslim_bert_ner,sanctum,0.5,GOV_ID,3,0,0.0,0.0,0.0
dslim_bert_ner,sanctum,0.5,IP,1,0,0.0,0.0,0.0
dslim_bert_ner,sanctum,0.5,LOCATION,14,60,0.733,1.0,0.846
dslim_bert_ner,sanctum,0.5,ORGANIZATION,31,60,0.517,0.839,0.639
dslim_bert_ner,sanctum,0.5,PERSON,48,59,0.797,0.979,0.879
dslim_bert_ner,sanctum,0.5,PHONE,9,0,0.0,0.0,0.0
dslim_bert_ner,sanctum,0.5,URL,2,0,0.0,0.0,0.0
dslim_bert_ner,sanctum,0.6,DATE_TIME,30,0,0.0,0.0,0.0
dslim_bert_ner,sanctum,0.6,EMAIL,11,0,0.0,0.0,0.0
dslim_bert_ner,sanctum,0.6,FINANCIAL,5,0,0.0,0.0,0.0
dslim_bert_ner,sanctum,0.6,GOV_ID,3,0,0.0,0.0,0.0
dslim_bert_ner,sanctum,0.6,IP,1,0,0.0,0.0,0.0
dslim_bert_ner,sanctum,0.6,LOCATION,14,52,0.827,1.0,0.905
dslim_bert_ner,sanctum,0.6,ORGANIZATION,31,57,0.526,0.806,0.637
dslim_bert_ner,sanctum,0.6,PERSON,48,57,0.825,0.979,0.895
dslim_bert_ner,sanctum,0.6,PHONE,9,0,0.0,0.0,0.0
dslim_bert_ner,sanctum,0.6,URL,2,0,0.0,0.0,0.0
dslim_bert_ner,sanctum,0.7,DATE_TIME,30,0,0.0,0.0,0.0
dslim_bert_ner,sanctum,0.7,EMAIL,11,0,0.0,0.0,0.0
dslim_bert_ner,sanctum,0.7,FINANCIAL,5,0,0.0,0.0,0.0
dslim_bert_ner,sanctum,0.7,GOV_ID,3,0,0.0,0.0,0.0
dslim_bert_ner,sanctum,0.7,IP,1,0,0.0,0.0,0.0
dslim_bert_ner,sanctum,0.7,LOCATION,14,48,0.854,1.0,0.921
dslim_bert_ner,sanctum,0.7,ORGANIZATION,31,50,0.56,0.742,0.638
dslim_bert_ner,sanctum,0.7,PERSON,48,55,0.836,0.958,0.893
dslim_bert_ner,sanctum,0.7,PHONE,9,0,0.0,0.0,0.0
dslim_bert_ner,sanctum,0.7,URL,2,0,0.0,0.0,0.0
dslim_bert_ner,sanctum,0.8,DATE_TIME,30,0,0.0,0.0,0.0
dslim_bert_ner,sanctum,0.8,EMAIL,11,0,0.0,0.0,0.0
dslim_bert_ner,sanctum,0.8,FINANCIAL,5,0,0.0,0.0,0.0
dslim_bert_ner,sanctum,0.8,GOV_ID,3,0,0.0,0.0,0.0
dslim_bert_ner,sanctum,0.8,IP,1,0,0.0,0.0,0.0
dslim_bert_ner,sanctum,0.8,LOCATION,14,44,0.841,1.0,0.914
dslim_bert_ner,sanctum,0.8,ORGANIZATION,31,44,0.568,0.677,0.618
dslim_bert_ner,sanctum,0.8,PERSON,48,54,0.833,0.938,0.882
dslim_bert_ner,sanctum,0.8,PHONE,9,0,0.0,0.0,0.0
dslim_bert_ner,sanctum,0.8,URL,2,0,0.0,0.0,0.0
e3jsi_multi_pii_domains,hard,0.15,DATE_TIME,85,69,0.913,0.741,0.818
e3jsi_multi_pii_domains,hard,0.15,EMAIL,27,27,0.963,0.963,0.963
e3jsi_multi_pii_domains,hard,0.15,FINANCIAL,19,17,0.706,0.632,0.667
e3jsi_multi_pii_domains,hard,0.15,GOV_ID,40,30,0.767,0.575,0.657
e3jsi_multi_pii_domains,hard,0.15,IP,3,4,0.75,1.0,0.857
e3jsi_multi_pii_domains,hard,0.15,LOCATION,59,65,0.923,0.864,0.893
e3jsi_multi_pii_domains,hard,0.15,ORGANIZATION,72,95,0.663,0.875,0.754
e3jsi_multi_pii_domains,hard,0.15,PERSON,155,145,0.924,0.865,0.893
e3jsi_multi_pii_domains,hard,0.15,PHONE,23,18,1.0,0.783,0.878
e3jsi_multi_pii_domains,hard,0.15,URL,4,4,0.75,0.75,0.75
e3jsi_multi_pii_domains,hard,0.2,DATE_TIME,85,67,0.925,0.729,0.816
e3jsi_multi_pii_domains,hard,0.2,EMAIL,27,26,0.962,0.926,0.943
e3jsi_multi_pii_domains,hard,0.2,FINANCIAL,19,15,0.8,0.632,0.706
e3jsi_multi_pii_domains,hard,0.2,GOV_ID,40,27,0.778,0.525,0.627
e3jsi_multi_pii_domains,hard,0.2,IP,3,4,0.75,1.0,0.857
e3jsi_multi_pii_domains,hard,0.2,LOCATION,59,62,0.919,0.847,0.882
e3jsi_multi_pii_domains,hard,0.2,ORGANIZATION,72,91,0.692,0.875,0.773
e3jsi_multi_pii_domains,hard,0.2,PERSON,155,139,0.935,0.839,0.884
e3jsi_multi_pii_domains,hard,0.2,PHONE,23,18,1.0,0.783,0.878
e3jsi_multi_pii_domains,hard,0.2,URL,4,4,0.75,0.75,0.75
e3jsi_multi_pii_domains,hard,0.25,DATE_TIME,85,66,0.939,0.729,0.821
e3jsi_multi_pii_domains,hard,0.25,EMAIL,27,25,1.0,0.926,0.962
e3jsi_multi_pii_domains,hard,0.25,FINANCIAL,19,14,0.857,0.632,0.727
e3jsi_multi_pii_domains,hard,0.25,GOV_ID,40,24,0.875,0.525,0.656
e3jsi_multi_pii_domains,hard,0.25,IP,3,4,0.75,1.0,0.857
e3jsi_multi_pii_domains,hard,0.25,LOCATION,59,61,0.934,0.847,0.889
e3jsi_multi_pii_domains,hard,0.25,ORGANIZATION,72,87,0.713,0.861,0.78
e3jsi_multi_pii_domains,hard,0.25,PERSON,155,136,0.949,0.832,0.887
e3jsi_multi_pii_domains,hard,0.25,PHONE,23,18,1.0,0.783,0.878
e3jsi_multi_pii_domains,hard,0.25,URL,4,4,0.75,0.75,0.75
e3jsi_multi_pii_domains,hard,0.3,DATE_TIME,85,65,0.938,0.718,0.813
e3jsi_multi_pii_domains,hard,0.3,EMAIL,27,25,1.0,0.926,0.962
e3jsi_multi_pii_domains,hard,0.3,FINANCIAL,19,12,1.0,0.632,0.774
e3jsi_multi_pii_domains,hard,0.3,GOV_ID,40,24,0.875,0.525,0.656
e3jsi_multi_pii_domains,hard,0.3,IP,3,4,0.75,1.0,0.857
e3jsi_multi_pii_domains,hard,0.3,LOCATION,59,54,0.944,0.797,0.864
e3jsi_multi_pii_domains,hard,0.3,ORGANIZATION,72,84,0.738,0.861,0.795
e3jsi_multi_pii_domains,hard,0.3,PERSON,155,135,0.956,0.832,0.89
e3jsi_multi_pii_domains,hard,0.3,PHONE,23,18,1.0,0.783,0.878
e3jsi_multi_pii_domains,hard,0.3,URL,4,3,1.0,0.75,0.857
e3jsi_multi_pii_domains,hard,0.4,DATE_TIME,85,62,0.935,0.682,0.789
e3jsi_multi_pii_domains,hard,0.4,EMAIL,27,22,1.0,0.815,0.898
e3jsi_multi_pii_domains,hard,0.4,FINANCIAL,19,11,1.0,0.579,0.733
e3jsi_multi_pii_domains,hard,0.4,GOV_ID,40,15,1.0,0.375,0.545
e3jsi_multi_pii_domains,hard,0.4,IP,3,4,0.75,1.0,0.857
e3jsi_multi_pii_domains,hard,0.4,LOCATION,59,48,0.938,0.746,0.831
e3jsi_multi_pii_domains,hard,0.4,ORGANIZATION,72,77,0.779,0.819,0.799
e3jsi_multi_pii_domains,hard,0.4,PERSON,155,133,0.962,0.826,0.889
e3jsi_multi_pii_domains,hard,0.4,PHONE,23,18,1.0,0.783,0.878
e3jsi_multi_pii_domains,hard,0.4,URL,4,3,1.0,0.75,0.857
e3jsi_multi_pii_domains,hard,0.5,DATE_TIME,85,55,0.927,0.6,0.729
e3jsi_multi_pii_domains,hard,0.5,EMAIL,27,22,1.0,0.815,0.898
e3jsi_multi_pii_domains,hard,0.5,FINANCIAL,19,11,1.0,0.579,0.733
e3jsi_multi_pii_domains,hard,0.5,GOV_ID,40,11,1.0,0.275,0.431
e3jsi_multi_pii_domains,hard,0.5,IP,3,4,0.75,1.0,0.857
e3jsi_multi_pii_domains,hard,0.5,LOCATION,59,38,0.947,0.61,0.742
e3jsi_multi_pii_domains,hard,0.5,ORGANIZATION,72,71,0.817,0.792,0.804
e3jsi_multi_pii_domains,hard,0.5,PERSON,155,132,0.962,0.819,0.885
e3jsi_multi_pii_domains,hard,0.5,PHONE,23,18,1.0,0.783,0.878
e3jsi_multi_pii_domains,hard,0.5,URL,4,2,1.0,0.5,0.667
e3jsi_multi_pii_domains,hard,0.6,DATE_TIME,85,50,0.92,0.541,0.681
e3jsi_multi_pii_domains,hard,0.6,EMAIL,27,17,1.0,0.63,0.773
e3jsi_multi_pii_domains,hard,0.6,FINANCIAL,19,11,1.0,0.579,0.733
e3jsi_multi_pii_domains,hard,0.6,GOV_ID,40,9,1.0,0.225,0.367
e3jsi_multi_pii_domains,hard,0.6,IP,3,3,1.0,1.0,1.0
e3jsi_multi_pii_domains,hard,0.6,LOCATION,59,28,0.929,0.441,0.598
e3jsi_multi_pii_domains,hard,0.6,ORGANIZATION,72,63,0.889,0.778,0.83
e3jsi_multi_pii_domains,hard,0.6,PERSON,155,125,0.968,0.781,0.864
e3jsi_multi_pii_domains,hard,0.6,PHONE,23,18,1.0,0.783,0.878
e3jsi_multi_pii_domains,hard,0.6,URL,4,2,1.0,0.5,0.667
e3jsi_multi_pii_domains,hard,0.7,DATE_TIME,85,42,0.952,0.471,0.63
e3jsi_multi_pii_domains,hard,0.7,EMAIL,27,15,1.0,0.556,0.714
e3jsi_multi_pii_domains,hard,0.7,FINANCIAL,19,10,1.0,0.526,0.69
e3jsi_multi_pii_domains,hard,0.7,GOV_ID,40,8,1.0,0.2,0.333
e3jsi_multi_pii_domains,hard,0.7,IP,3,3,1.0,1.0,1.0
e3jsi_multi_pii_domains,hard,0.7,LOCATION,59,20,0.9,0.305,0.456
e3jsi_multi_pii_domains,hard,0.7,ORGANIZATION,72,56,0.911,0.708,0.797
e3jsi_multi_pii_domains,hard,0.7,PERSON,155,117,0.966,0.729,0.831
e3jsi_multi_pii_domains,hard,0.7,PHONE,23,18,1.0,0.783,0.878
e3jsi_multi_pii_domains,hard,0.7,URL,4,1,1.0,0.25,0.4
e3jsi_multi_pii_domains,hard,0.8,DATE_TIME,85,39,0.949,0.435,0.597
e3jsi_multi_pii_domains,hard,0.8,EMAIL,27,13,1.0,0.481,0.65
e3jsi_multi_pii_domains,hard,0.8,FINANCIAL,19,9,1.0,0.474,0.643
e3jsi_multi_pii_domains,hard,0.8,GOV_ID,40,7,1.0,0.175,0.298
e3jsi_multi_pii_domains,hard,0.8,IP,3,3,1.0,1.0,1.0
e3jsi_multi_pii_domains,hard,0.8,LOCATION,59,13,1.0,0.22,0.361
e3jsi_multi_pii_domains,hard,0.8,ORGANIZATION,72,42,0.976,0.569,0.719
e3jsi_multi_pii_domains,hard,0.8,PERSON,155,106,0.962,0.658,0.782
e3jsi_multi_pii_domains,hard,0.8,PHONE,23,17,1.0,0.739,0.85
e3jsi_multi_pii_domains,hard,0.8,URL,4,1,1.0,0.25,0.4
e3jsi_multi_pii_domains,sanctum,0.15,DATE_TIME,30,35,0.829,0.967,0.892
e3jsi_multi_pii_domains,sanctum,0.15,EMAIL,11,11,1.0,1.0,1.0
e3jsi_multi_pii_domains,sanctum,0.15,FINANCIAL,5,4,1.0,0.8,0.889
e3jsi_multi_pii_domains,sanctum,0.15,GOV_ID,3,3,1.0,1.0,1.0
e3jsi_multi_pii_domains,sanctum,0.15,IP,1,1,1.0,1.0,1.0
e3jsi_multi_pii_domains,sanctum,0.15,LOCATION,14,28,0.75,0.929,0.83
e3jsi_multi_pii_domains,sanctum,0.15,ORGANIZATION,31,37,0.703,0.71,0.706
e3jsi_multi_pii_domains,sanctum,0.15,PERSON,48,78,0.615,1.0,0.762
e3jsi_multi_pii_domains,sanctum,0.15,PHONE,9,12,0.75,1.0,0.857
e3jsi_multi_pii_domains,sanctum,0.15,URL,2,1,1.0,0.5,0.667
e3jsi_multi_pii_domains,sanctum,0.2,DATE_TIME,30,35,0.829,0.967,0.892
e3jsi_multi_pii_domains,sanctum,0.2,EMAIL,11,11,1.0,1.0,1.0
e3jsi_multi_pii_domains,sanctum,0.2,FINANCIAL,5,4,1.0,0.8,0.889
e3jsi_multi_pii_domains,sanctum,0.2,GOV_ID,3,3,1.0,1.0,1.0
e3jsi_multi_pii_domains,sanctum,0.2,IP,1,1,1.0,1.0,1.0
e3jsi_multi_pii_domains,sanctum,0.2,LOCATION,14,25,0.76,0.857,0.806
e3jsi_multi_pii_domains,sanctum,0.2,ORGANIZATION,31,37,0.703,0.71,0.706
e3jsi_multi_pii_domains,sanctum,0.2,PERSON,48,76,0.632,1.0,0.774
e3jsi_multi_pii_domains,sanctum,0.2,PHONE,9,12,0.75,1.0,0.857
e3jsi_multi_pii_domains,sanctum,0.2,URL,2,1,1.0,0.5,0.667
e3jsi_multi_pii_domains,sanctum,0.25,DATE_TIME,30,34,0.853,0.967,0.906
e3jsi_multi_pii_domains,sanctum,0.25,EMAIL,11,11,1.0,1.0,1.0
e3jsi_multi_pii_domains,sanctum,0.25,FINANCIAL,5,4,1.0,0.8,0.889
e3jsi_multi_pii_domains,sanctum,0.25,GOV_ID,3,3,1.0,1.0,1.0
e3jsi_multi_pii_domains,sanctum,0.25,IP,1,1,1.0,1.0,1.0
e3jsi_multi_pii_domains,sanctum,0.25,LOCATION,14,21,0.762,0.786,0.774
e3jsi_multi_pii_domains,sanctum,0.25,ORGANIZATION,31,32,0.75,0.677,0.712
e3jsi_multi_pii_domains,sanctum,0.25,PERSON,48,73,0.658,1.0,0.793
e3jsi_multi_pii_domains,sanctum,0.25,PHONE,9,12,0.75,1.0,0.857
e3jsi_multi_pii_domains,sanctum,0.25,URL,2,1,1.0,0.5,0.667
e3jsi_multi_pii_domains,sanctum,0.3,DATE_TIME,30,33,0.879,0.967,0.921
e3jsi_multi_pii_domains,sanctum,0.3,EMAIL,11,10,1.0,0.909,0.952
e3jsi_multi_pii_domains,sanctum,0.3,FINANCIAL,5,4,1.0,0.8,0.889
e3jsi_multi_pii_domains,sanctum,0.3,GOV_ID,3,3,1.0,1.0,1.0
e3jsi_multi_pii_domains,sanctum,0.3,IP,1,1,1.0,1.0,1.0
e3jsi_multi_pii_domains,sanctum,0.3,LOCATION,14,18,0.722,0.643,0.68
e3jsi_multi_pii_domains,sanctum,0.3,ORGANIZATION,31,29,0.793,0.645,0.712
e3jsi_multi_pii_domains,sanctum,0.3,PERSON,48,68,0.706,1.0,0.828
e3jsi_multi_pii_domains,sanctum,0.3,PHONE,9,12,0.75,1.0,0.857
e3jsi_multi_pii_domains,sanctum,0.3,URL,2,1,1.0,0.5,0.667
e3jsi_multi_pii_domains,sanctum,0.4,DATE_TIME,30,29,0.966,0.933,0.949
e3jsi_multi_pii_domains,sanctum,0.4,EMAIL,11,10,1.0,0.909,0.952
e3jsi_multi_pii_domains,sanctum,0.4,FINANCIAL,5,4,1.0,0.8,0.889
e3jsi_multi_pii_domains,sanctum,0.4,GOV_ID,3,3,1.0,1.0,1.0
e3jsi_multi_pii_domains,sanctum,0.4,IP,1,1,1.0,1.0,1.0
e3jsi_multi_pii_domains,sanctum,0.4,LOCATION,14,16,0.688,0.571,0.624
e3jsi_multi_pii_domains,sanctum,0.4,ORGANIZATION,31,26,0.846,0.645,0.732
e3jsi_multi_pii_domains,sanctum,0.4,PERSON,48,61,0.787,1.0,0.881
e3jsi_multi_pii_domains,sanctum,0.4,PHONE,9,12,0.75,1.0,0.857
e3jsi_multi_pii_domains,sanctum,0.4,URL,2,0,0.0,0.0,0.0
e3jsi_multi_pii_domains,sanctum,0.5,DATE_TIME,30,28,1.0,0.933,0.966
e3jsi_multi_pii_domains,sanctum,0.5,EMAIL,11,8,1.0,0.727,0.842
e3jsi_multi_pii_domains,sanctum,0.5,FINANCIAL,5,4,1.0,0.8,0.889
e3jsi_multi_pii_domains,sanctum,0.5,GOV_ID,3,3,1.0,1.0,1.0
e3jsi_multi_pii_domains,sanctum,0.5,IP,1,1,1.0,1.0,1.0
e3jsi_multi_pii_domains,sanctum,0.5,LOCATION,14,9,0.667,0.357,0.465
e3jsi_multi_pii_domains,sanctum,0.5,ORGANIZATION,31,23,0.826,0.581,0.682
e3jsi_multi_pii_domains,sanctum,0.5,PERSON,48,56,0.857,1.0,0.923
e3jsi_multi_pii_domains,sanctum,0.5,PHONE,9,12,0.75,1.0,0.857
e3jsi_multi_pii_domains,sanctum,0.5,URL,2,0,0.0,0.0,0.0
e3jsi_multi_pii_domains,sanctum,0.6,DATE_TIME,30,28,1.0,0.933,0.966
e3jsi_multi_pii_domains,sanctum,0.6,EMAIL,11,8,1.0,0.727,0.842
e3jsi_multi_pii_domains,sanctum,0.6,FINANCIAL,5,4,1.0,0.8,0.889
e3jsi_multi_pii_domains,sanctum,0.6,GOV_ID,3,3,1.0,1.0,1.0
e3jsi_multi_pii_domains,sanctum,0.6,IP,1,1,1.0,1.0,1.0
e3jsi_multi_pii_domains,sanctum,0.6,LOCATION,14,6,0.5,0.214,0.3
e3jsi_multi_pii_domains,sanctum,0.6,ORGANIZATION,31,21,0.857,0.581,0.692
e3jsi_multi_pii_domains,sanctum,0.6,PERSON,48,52,0.923,1.0,0.96
e3jsi_multi_pii_domains,sanctum,0.6,PHONE,9,12,0.75,1.0,0.857
e3jsi_multi_pii_domains,sanctum,0.6,URL,2,0,0.0,0.0,0.0
e3jsi_multi_pii_domains,sanctum,0.7,DATE_TIME,30,28,1.0,0.933,0.966
e3jsi_multi_pii_domains,sanctum,0.7,EMAIL,11,8,1.0,0.727,0.842
e3jsi_multi_pii_domains,sanctum,0.7,FINANCIAL,5,4,1.0,0.8,0.889
e3jsi_multi_pii_domains,sanctum,0.7,GOV_ID,3,3,1.0,1.0,1.0
e3jsi_multi_pii_domains,sanctum,0.7,IP,1,1,1.0,1.0,1.0
e3jsi_multi_pii_domains,sanctum,0.7,LOCATION,14,5,0.4,0.143,0.211
e3jsi_multi_pii_domains,sanctum,0.7,ORGANIZATION,31,20,0.85,0.548,0.667
e3jsi_multi_pii_domains,sanctum,0.7,PERSON,48,52,0.923,1.0,0.96
e3jsi_multi_pii_domains,sanctum,0.7,PHONE,9,12,0.75,1.0,0.857
e3jsi_multi_pii_domains,sanctum,0.7,URL,2,0,0.0,0.0,0.0
e3jsi_multi_pii_domains,sanctum,0.8,DATE_TIME,30,25,1.0,0.833,0.909
e3jsi_multi_pii_domains,sanctum,0.8,EMAIL,11,8,1.0,0.727,0.842
e3jsi_multi_pii_domains,sanctum,0.8,FINANCIAL,5,4,1.0,0.8,0.889
e3jsi_multi_pii_domains,sanctum,0.8,GOV_ID,3,3,1.0,1.0,1.0
e3jsi_multi_pii_domains,sanctum,0.8,IP,1,1,1.0,1.0,1.0
e3jsi_multi_pii_domains,sanctum,0.8,LOCATION,14,3,0.333,0.071,0.118
e3jsi_multi_pii_domains,sanctum,0.8,ORGANIZATION,31,18,0.889,0.516,0.653
e3jsi_multi_pii_domains,sanctum,0.8,PERSON,48,50,0.94,0.979,0.959
e3jsi_multi_pii_domains,sanctum,0.8,PHONE,9,12,0.75,1.0,0.857
e3jsi_multi_pii_domains,sanctum,0.8,URL,2,0,0.0,0.0,0.0
fastino_gliner2_pii,hard,0.15,DATE_TIME,85,102,0.902,0.953,0.927
fastino_gliner2_pii,hard,0.15,EMAIL,27,29,0.931,1.0,0.964
fastino_gliner2_pii,hard,0.15,FINANCIAL,19,39,0.538,0.737,0.622
fastino_gliner2_pii,hard,0.15,GOV_ID,40,29,0.862,0.525,0.653
fastino_gliner2_pii,hard,0.15,IP,3,3,0.667,0.667,0.667
fastino_gliner2_pii,hard,0.15,LOCATION,59,81,0.914,0.847,0.879
fastino_gliner2_pii,hard,0.15,ORGANIZATION,72,149,0.503,1.0,0.67
fastino_gliner2_pii,hard,0.15,PERSON,155,145,0.959,0.897,0.927
fastino_gliner2_pii,hard,0.15,PHONE,23,25,0.88,0.957,0.917
fastino_gliner2_pii,hard,0.15,URL,4,5,0.8,1.0,0.889
fastino_gliner2_pii,hard,0.2,DATE_TIME,85,100,0.91,0.953,0.931
fastino_gliner2_pii,hard,0.2,EMAIL,27,28,0.964,1.0,0.982
fastino_gliner2_pii,hard,0.2,FINANCIAL,19,34,0.618,0.737,0.672
fastino_gliner2_pii,hard,0.2,GOV_ID,40,27,0.889,0.5,0.64
fastino_gliner2_pii,hard,0.2,IP,3,3,0.667,0.667,0.667
fastino_gliner2_pii,hard,0.2,LOCATION,59,79,0.924,0.847,0.884
fastino_gliner2_pii,hard,0.2,ORGANIZATION,72,139,0.54,1.0,0.701
fastino_gliner2_pii,hard,0.2,PERSON,155,144,0.958,0.89,0.923
fastino_gliner2_pii,hard,0.2,PHONE,23,25,0.88,0.957,0.917
fastino_gliner2_pii,hard,0.2,URL,4,5,0.8,1.0,0.889
fastino_gliner2_pii,hard,0.25,DATE_TIME,85,94,0.915,0.953,0.934
fastino_gliner2_pii,hard,0.25,EMAIL,27,28,0.964,1.0,0.982
fastino_gliner2_pii,hard,0.25,FINANCIAL,19,32,0.625,0.737,0.676
fastino_gliner2_pii,hard,0.25,GOV_ID,40,25,0.88,0.475,0.617
fastino_gliner2_pii,hard,0.25,IP,3,3,0.667,0.667,0.667
fastino_gliner2_pii,hard,0.25,LOCATION,59,76,0.934,0.847,0.889
fastino_gliner2_pii,hard,0.25,ORGANIZATION,72,132,0.553,1.0,0.712
fastino_gliner2_pii,hard,0.25,PERSON,155,143,0.965,0.89,0.926
fastino_gliner2_pii,hard,0.25,PHONE,23,25,0.88,0.957,0.917
fastino_gliner2_pii,hard,0.25,URL,4,5,0.8,1.0,0.889
fastino_gliner2_pii,hard,0.3,DATE_TIME,85,93,0.914,0.953,0.933
fastino_gliner2_pii,hard,0.3,EMAIL,27,27,1.0,1.0,1.0
fastino_gliner2_pii,hard,0.3,FINANCIAL,19,31,0.645,0.737,0.688
fastino_gliner2_pii,hard,0.3,GOV_ID,40,23,0.87,0.425,0.571
fastino_gliner2_pii,hard,0.3,IP,3,3,0.667,0.667,0.667
fastino_gliner2_pii,hard,0.3,LOCATION,59,75,0.933,0.831,0.879
fastino_gliner2_pii,hard,0.3,ORGANIZATION,72,125,0.576,0.986,0.727
fastino_gliner2_pii,hard,0.3,PERSON,155,143,0.965,0.89,0.926
fastino_gliner2_pii,hard,0.3,PHONE,23,24,0.917,0.957,0.936
fastino_gliner2_pii,hard,0.3,URL,4,4,1.0,1.0,1.0
fastino_gliner2_pii,hard,0.4,DATE_TIME,85,88,0.92,0.918,0.919
fastino_gliner2_pii,hard,0.4,EMAIL,27,27,1.0,1.0,1.0
fastino_gliner2_pii,hard,0.4,FINANCIAL,19,25,0.72,0.737,0.728
fastino_gliner2_pii,hard,0.4,GOV_ID,40,18,0.944,0.4,0.562
fastino_gliner2_pii,hard,0.4,IP,3,3,0.667,0.667,0.667
fastino_gliner2_pii,hard,0.4,LOCATION,59,70,0.943,0.831,0.883
fastino_gliner2_pii,hard,0.4,ORGANIZATION,72,108,0.648,0.958,0.773
fastino_gliner2_pii,hard,0.4,PERSON,155,143,0.965,0.89,0.926
fastino_gliner2_pii,hard,0.4,PHONE,23,24,0.917,0.957,0.936
fastino_gliner2_pii,hard,0.4,URL,4,4,1.0,1.0,1.0
fastino_gliner2_pii,hard,0.5,DATE_TIME,85,87,0.92,0.906,0.913
fastino_gliner2_pii,hard,0.5,EMAIL,27,27,1.0,1.0,1.0
fastino_gliner2_pii,hard,0.5,FINANCIAL,19,23,0.739,0.737,0.738
fastino_gliner2_pii,hard,0.5,GOV_ID,40,17,0.941,0.375,0.536
fastino_gliner2_pii,hard,0.5,IP,3,3,0.667,0.667,0.667
fastino_gliner2_pii,hard,0.5,LOCATION,59,68,0.941,0.831,0.882
fastino_gliner2_pii,hard,0.5,ORGANIZATION,72,96,0.708,0.931,0.804
fastino_gliner2_pii,hard,0.5,PERSON,155,141,0.965,0.877,0.919
fastino_gliner2_pii,hard,0.5,PHONE,23,24,0.917,0.957,0.936
fastino_gliner2_pii,hard,0.5,URL,4,4,1.0,1.0,1.0
fastino_gliner2_pii,hard,0.6,DATE_TIME,85,84,0.929,0.894,0.911
fastino_gliner2_pii,hard,0.6,EMAIL,27,27,1.0,1.0,1.0
fastino_gliner2_pii,hard,0.6,FINANCIAL,19,15,0.8,0.632,0.706
fastino_gliner2_pii,hard,0.6,GOV_ID,40,17,0.941,0.375,0.536
fastino_gliner2_pii,hard,0.6,IP,3,3,0.667,0.667,0.667
fastino_gliner2_pii,hard,0.6,LOCATION,59,64,0.938,0.814,0.871
fastino_gliner2_pii,hard,0.6,ORGANIZATION,72,92,0.739,0.931,0.824
fastino_gliner2_pii,hard,0.6,PERSON,155,138,0.978,0.871,0.922
fastino_gliner2_pii,hard,0.6,PHONE,23,24,0.917,0.957,0.936
fastino_gliner2_pii,hard,0.6,URL,4,4,1.0,1.0,1.0
fastino_gliner2_pii,hard,0.7,DATE_TIME,85,82,0.927,0.882,0.904
fastino_gliner2_pii,hard,0.7,EMAIL,27,27,1.0,1.0,1.0
fastino_gliner2_pii,hard,0.7,FINANCIAL,19,13,0.769,0.526,0.625
fastino_gliner2_pii,hard,0.7,GOV_ID,40,16,0.938,0.35,0.51
fastino_gliner2_pii,hard,0.7,IP,3,3,0.667,0.667,0.667
fastino_gliner2_pii,hard,0.7,LOCATION,59,61,0.967,0.814,0.884
fastino_gliner2_pii,hard,0.7,ORGANIZATION,72,85,0.788,0.917,0.848
fastino_gliner2_pii,hard,0.7,PERSON,155,132,0.992,0.845,0.913
fastino_gliner2_pii,hard,0.7,PHONE,23,24,0.917,0.957,0.936
fastino_gliner2_pii,hard,0.7,URL,4,3,1.0,0.75,0.857
fastino_gliner2_pii,hard,0.8,DATE_TIME,85,74,0.919,0.788,0.849
fastino_gliner2_pii,hard,0.8,EMAIL,27,27,1.0,1.0,1.0
fastino_gliner2_pii,hard,0.8,FINANCIAL,19,10,0.8,0.421,0.552
fastino_gliner2_pii,hard,0.8,GOV_ID,40,13,1.0,0.325,0.491
fastino_gliner2_pii,hard,0.8,IP,3,2,1.0,0.667,0.8
fastino_gliner2_pii,hard,0.8,LOCATION,59,57,0.965,0.763,0.852
fastino_gliner2_pii,hard,0.8,ORGANIZATION,72,74,0.824,0.833,0.829
fastino_gliner2_pii,hard,0.8,PERSON,155,127,0.992,0.813,0.894
fastino_gliner2_pii,hard,0.8,PHONE,23,24,0.917,0.957,0.936
fastino_gliner2_pii,hard,0.8,URL,4,3,1.0,0.75,0.857
fastino_gliner2_pii,sanctum,0.15,DATE_TIME,30,39,0.821,1.0,0.901
fastino_gliner2_pii,sanctum,0.15,EMAIL,11,12,0.917,1.0,0.957
fastino_gliner2_pii,sanctum,0.15,FINANCIAL,5,12,0.667,1.0,0.8
fastino_gliner2_pii,sanctum,0.15,GOV_ID,3,5,1.0,1.0,1.0
fastino_gliner2_pii,sanctum,0.15,IP,1,1,1.0,1.0,1.0
fastino_gliner2_pii,sanctum,0.15,LOCATION,14,23,0.913,1.0,0.955
fastino_gliner2_pii,sanctum,0.15,ORGANIZATION,31,58,0.569,0.935,0.708
fastino_gliner2_pii,sanctum,0.15,PERSON,48,59,0.797,0.979,0.879
fastino_gliner2_pii,sanctum,0.15,PHONE,9,12,0.75,1.0,0.857
fastino_gliner2_pii,sanctum,0.15,URL,2,0,0.0,0.0,0.0
fastino_gliner2_pii,sanctum,0.2,DATE_TIME,30,39,0.821,1.0,0.901
fastino_gliner2_pii,sanctum,0.2,EMAIL,11,12,0.917,1.0,0.957
fastino_gliner2_pii,sanctum,0.2,FINANCIAL,5,12,0.667,1.0,0.8
fastino_gliner2_pii,sanctum,0.2,GOV_ID,3,5,1.0,1.0,1.0
fastino_gliner2_pii,sanctum,0.2,IP,1,1,1.0,1.0,1.0
fastino_gliner2_pii,sanctum,0.2,LOCATION,14,23,0.913,1.0,0.955
fastino_gliner2_pii,sanctum,0.2,ORGANIZATION,31,54,0.593,0.903,0.716
fastino_gliner2_pii,sanctum,0.2,PERSON,48,59,0.797,0.979,0.879
fastino_gliner2_pii,sanctum,0.2,PHONE,9,12,0.75,1.0,0.857
fastino_gliner2_pii,sanctum,0.2,URL,2,0,0.0,0.0,0.0
fastino_gliner2_pii,sanctum,0.25,DATE_TIME,30,38,0.842,1.0,0.914
fastino_gliner2_pii,sanctum,0.25,EMAIL,11,12,0.917,1.0,0.957
fastino_gliner2_pii,sanctum,0.25,FINANCIAL,5,10,0.8,1.0,0.889
fastino_gliner2_pii,sanctum,0.25,GOV_ID,3,5,1.0,1.0,1.0
fastino_gliner2_pii,sanctum,0.25,IP,1,1,1.0,1.0,1.0
fastino_gliner2_pii,sanctum,0.25,LOCATION,14,23,0.913,1.0,0.955
fastino_gliner2_pii,sanctum,0.25,ORGANIZATION,31,49,0.633,0.903,0.744
fastino_gliner2_pii,sanctum,0.25,PERSON,48,56,0.839,0.979,0.904
fastino_gliner2_pii,sanctum,0.25,PHONE,9,12,0.75,1.0,0.857
fastino_gliner2_pii,sanctum,0.25,URL,2,0,0.0,0.0,0.0
fastino_gliner2_pii,sanctum,0.3,DATE_TIME,30,37,0.838,1.0,0.912
fastino_gliner2_pii,sanctum,0.3,EMAIL,11,12,0.917,1.0,0.957
fastino_gliner2_pii,sanctum,0.3,FINANCIAL,5,10,0.8,1.0,0.889
fastino_gliner2_pii,sanctum,0.3,GOV_ID,3,4,1.0,1.0,1.0
fastino_gliner2_pii,sanctum,0.3,IP,1,1,1.0,1.0,1.0
fastino_gliner2_pii,sanctum,0.3,LOCATION,14,23,0.913,1.0,0.955
fastino_gliner2_pii,sanctum,0.3,ORGANIZATION,31,46,0.63,0.839,0.72
fastino_gliner2_pii,sanctum,0.3,PERSON,48,56,0.839,0.979,0.904
fastino_gliner2_pii,sanctum,0.3,PHONE,9,12,0.75,1.0,0.857
fastino_gliner2_pii,sanctum,0.3,URL,2,0,0.0,0.0,0.0
fastino_gliner2_pii,sanctum,0.4,DATE_TIME,30,36,0.861,1.0,0.925
fastino_gliner2_pii,sanctum,0.4,EMAIL,11,12,0.917,1.0,0.957
fastino_gliner2_pii,sanctum,0.4,FINANCIAL,5,10,0.8,1.0,0.889
fastino_gliner2_pii,sanctum,0.4,GOV_ID,3,4,1.0,1.0,1.0
fastino_gliner2_pii,sanctum,0.4,IP,1,1,1.0,1.0,1.0
fastino_gliner2_pii,sanctum,0.4,LOCATION,14,23,0.913,1.0,0.955
fastino_gliner2_pii,sanctum,0.4,ORGANIZATION,31,40,0.7,0.839,0.763
fastino_gliner2_pii,sanctum,0.4,PERSON,48,52,0.904,0.979,0.94
fastino_gliner2_pii,sanctum,0.4,PHONE,9,11,0.818,1.0,0.9
fastino_gliner2_pii,sanctum,0.4,URL,2,0,0.0,0.0,0.0
fastino_gliner2_pii,sanctum,0.5,DATE_TIME,30,35,0.886,1.0,0.939
fastino_gliner2_pii,sanctum,0.5,EMAIL,11,12,0.917,1.0,0.957
fastino_gliner2_pii,sanctum,0.5,FINANCIAL,5,9,0.778,0.8,0.789
fastino_gliner2_pii,sanctum,0.5,GOV_ID,3,4,1.0,1.0,1.0
fastino_gliner2_pii,sanctum,0.5,IP,1,1,1.0,1.0,1.0
fastino_gliner2_pii,sanctum,0.5,LOCATION,14,23,0.913,1.0,0.955
fastino_gliner2_pii,sanctum,0.5,ORGANIZATION,31,34,0.794,0.839,0.816
fastino_gliner2_pii,sanctum,0.5,PERSON,48,50,0.94,0.979,0.959
fastino_gliner2_pii,sanctum,0.5,PHONE,9,11,0.818,1.0,0.9
fastino_gliner2_pii,sanctum,0.5,URL,2,0,0.0,0.0,0.0
fastino_gliner2_pii,sanctum,0.6,DATE_TIME,30,34,0.912,1.0,0.954
fastino_gliner2_pii,sanctum,0.6,EMAIL,11,12,0.917,1.0,0.957
fastino_gliner2_pii,sanctum,0.6,FINANCIAL,5,8,0.75,0.8,0.774
fastino_gliner2_pii,sanctum,0.6,GOV_ID,3,3,1.0,1.0,1.0
fastino_gliner2_pii,sanctum,0.6,IP,1,1,1.0,1.0,1.0
fastino_gliner2_pii,sanctum,0.6,LOCATION,14,21,0.952,1.0,0.976
fastino_gliner2_pii,sanctum,0.6,ORGANIZATION,31,32,0.844,0.839,0.841
fastino_gliner2_pii,sanctum,0.6,PERSON,48,49,0.939,0.958,0.948
fastino_gliner2_pii,sanctum,0.6,PHONE,9,10,0.9,1.0,0.947
fastino_gliner2_pii,sanctum,0.6,URL,2,0,0.0,0.0,0.0
fastino_gliner2_pii,sanctum,0.7,DATE_TIME,30,31,0.968,1.0,0.984
fastino_gliner2_pii,sanctum,0.7,EMAIL,11,12,0.917,1.0,0.957
fastino_gliner2_pii,sanctum,0.7,FINANCIAL,5,6,0.667,0.6,0.632
fastino_gliner2_pii,sanctum,0.7,GOV_ID,3,3,1.0,1.0,1.0
fastino_gliner2_pii,sanctum,0.7,IP,1,1,1.0,1.0,1.0
fastino_gliner2_pii,sanctum,0.7,LOCATION,14,19,0.947,1.0,0.973
fastino_gliner2_pii,sanctum,0.7,ORGANIZATION,31,29,0.897,0.806,0.849
fastino_gliner2_pii,sanctum,0.7,PERSON,48,47,0.936,0.917,0.926
fastino_gliner2_pii,sanctum,0.7,PHONE,9,10,0.9,1.0,0.947
fastino_gliner2_pii,sanctum,0.7,URL,2,0,0.0,0.0,0.0
fastino_gliner2_pii,sanctum,0.8,DATE_TIME,30,31,0.968,1.0,0.984
fastino_gliner2_pii,sanctum,0.8,EMAIL,11,12,0.917,1.0,0.957
fastino_gliner2_pii,sanctum,0.8,FINANCIAL,5,3,1.0,0.6,0.75
fastino_gliner2_pii,sanctum,0.8,GOV_ID,3,2,1.0,0.667,0.8
fastino_gliner2_pii,sanctum,0.8,IP,1,1,1.0,1.0,1.0
fastino_gliner2_pii,sanctum,0.8,LOCATION,14,18,0.944,1.0,0.971
fastino_gliner2_pii,sanctum,0.8,ORGANIZATION,31,25,0.96,0.774,0.857
fastino_gliner2_pii,sanctum,0.8,PERSON,48,46,0.957,0.917,0.936
fastino_gliner2_pii,sanctum,0.8,PHONE,9,10,0.9,1.0,0.947
fastino_gliner2_pii,sanctum,0.8,URL,2,0,0.0,0.0,0.0
gliner_medium_v21,hard,0.15,DATE_TIME,85,85,0.918,0.918,0.918
gliner_medium_v21,hard,0.15,EMAIL,27,19,0.789,0.556,0.652
gliner_medium_v21,hard,0.15,FINANCIAL,19,22,0.591,0.684,0.634
gliner_medium_v21,hard,0.15,GOV_ID,40,24,0.583,0.35,0.438
gliner_medium_v21,hard,0.15,IP,3,5,0.6,1.0,0.75
gliner_medium_v21,hard,0.15,LOCATION,59,138,0.877,1.0,0.934
gliner_medium_v21,hard,0.15,ORGANIZATION,72,131,0.519,0.917,0.663
gliner_medium_v21,hard,0.15,PERSON,155,205,0.722,0.955,0.822
gliner_medium_v21,hard,0.15,PHONE,23,35,0.657,1.0,0.793
gliner_medium_v21,hard,0.15,URL,4,2,1.0,0.5,0.667
gliner_medium_v21,hard,0.2,DATE_TIME,85,80,0.925,0.871,0.897
gliner_medium_v21,hard,0.2,EMAIL,27,19,0.789,0.556,0.652
gliner_medium_v21,hard,0.2,FINANCIAL,19,21,0.619,0.684,0.65
gliner_medium_v21,hard,0.2,GOV_ID,40,24,0.583,0.35,0.438
gliner_medium_v21,hard,0.2,IP,3,5,0.6,1.0,0.75
gliner_medium_v21,hard,0.2,LOCATION,59,130,0.908,1.0,0.952
gliner_medium_v21,hard,0.2,ORGANIZATION,72,125,0.528,0.889,0.662
gliner_medium_v21,hard,0.2,PERSON,155,189,0.767,0.935,0.843
gliner_medium_v21,hard,0.2,PHONE,23,34,0.676,1.0,0.807
gliner_medium_v21,hard,0.2,URL,4,2,1.0,0.5,0.667
gliner_medium_v21,hard,0.25,DATE_TIME,85,77,0.948,0.859,0.901
gliner_medium_v21,hard,0.25,EMAIL,27,16,0.75,0.444,0.558
gliner_medium_v21,hard,0.25,FINANCIAL,19,16,0.75,0.632,0.686
gliner_medium_v21,hard,0.25,GOV_ID,40,21,0.667,0.35,0.459
gliner_medium_v21,hard,0.25,IP,3,5,0.6,1.0,0.75
gliner_medium_v21,hard,0.25,LOCATION,59,125,0.92,0.983,0.95
gliner_medium_v21,hard,0.25,ORGANIZATION,72,120,0.55,0.889,0.68
gliner_medium_v21,hard,0.25,PERSON,155,177,0.808,0.923,0.861
gliner_medium_v21,hard,0.25,PHONE,23,34,0.676,1.0,0.807
gliner_medium_v21,hard,0.25,URL,4,2,1.0,0.5,0.667
gliner_medium_v21,hard,0.3,DATE_TIME,85,74,0.946,0.824,0.881
gliner_medium_v21,hard,0.3,EMAIL,27,12,0.833,0.37,0.513
gliner_medium_v21,hard,0.3,FINANCIAL,19,14,0.786,0.579,0.667
gliner_medium_v21,hard,0.3,GOV_ID,40,18,0.722,0.325,0.448
gliner_medium_v21,hard,0.3,IP,3,5,0.6,1.0,0.75
gliner_medium_v21,hard,0.3,LOCATION,59,119,0.924,0.949,0.937
gliner_medium_v21,hard,0.3,ORGANIZATION,72,119,0.555,0.889,0.683
gliner_medium_v21,hard,0.3,PERSON,155,169,0.817,0.89,0.852
gliner_medium_v21,hard,0.3,PHONE,23,32,0.719,1.0,0.836
gliner_medium_v21,hard,0.3,URL,4,2,1.0,0.5,0.667
gliner_medium_v21,hard,0.4,DATE_TIME,85,70,0.943,0.776,0.852
gliner_medium_v21,hard,0.4,EMAIL,27,10,1.0,0.37,0.541
gliner_medium_v21,hard,0.4,FINANCIAL,19,12,0.833,0.526,0.645
gliner_medium_v21,hard,0.4,GOV_ID,40,15,0.733,0.275,0.4
gliner_medium_v21,hard,0.4,IP,3,5,0.6,1.0,0.75
gliner_medium_v21,hard,0.4,LOCATION,59,100,0.95,0.949,0.95
gliner_medium_v21,hard,0.4,ORGANIZATION,72,105,0.61,0.861,0.714
gliner_medium_v21,hard,0.4,PERSON,155,158,0.854,0.871,0.863
gliner_medium_v21,hard,0.4,PHONE,23,27,0.815,0.957,0.88
gliner_medium_v21,hard,0.4,URL,4,2,1.0,0.5,0.667
gliner_medium_v21,hard,0.5,DATE_TIME,85,59,0.949,0.659,0.778
gliner_medium_v21,hard,0.5,EMAIL,27,8,1.0,0.296,0.457
gliner_medium_v21,hard,0.5,FINANCIAL,19,11,0.818,0.474,0.6
gliner_medium_v21,hard,0.5,GOV_ID,40,12,0.75,0.225,0.346
gliner_medium_v21,hard,0.5,IP,3,4,0.5,0.667,0.571
gliner_medium_v21,hard,0.5,LOCATION,59,81,1.0,0.898,0.946
gliner_medium_v21,hard,0.5,ORGANIZATION,72,92,0.641,0.806,0.714
gliner_medium_v21,hard,0.5,PERSON,155,152,0.875,0.858,0.866
gliner_medium_v21,hard,0.5,PHONE,23,21,0.905,0.826,0.864
gliner_medium_v21,hard,0.5,URL,4,2,1.0,0.5,0.667
gliner_medium_v21,hard,0.6,DATE_TIME,85,47,0.979,0.541,0.697
gliner_medium_v21,hard,0.6,EMAIL,27,5,1.0,0.185,0.312
gliner_medium_v21,hard,0.6,FINANCIAL,19,7,0.857,0.316,0.462
gliner_medium_v21,hard,0.6,GOV_ID,40,10,0.7,0.175,0.28
gliner_medium_v21,hard,0.6,IP,3,2,1.0,0.667,0.8
gliner_medium_v21,hard,0.6,LOCATION,59,56,1.0,0.746,0.854
gliner_medium_v21,hard,0.6,ORGANIZATION,72,77,0.701,0.75,0.725
gliner_medium_v21,hard,0.6,PERSON,155,133,0.925,0.794,0.854
gliner_medium_v21,hard,0.6,PHONE,23,18,0.944,0.739,0.829
gliner_medium_v21,hard,0.6,URL,4,2,1.0,0.5,0.667
gliner_medium_v21,hard,0.7,DATE_TIME,85,46,1.0,0.541,0.702
gliner_medium_v21,hard,0.7,EMAIL,27,4,1.0,0.148,0.258
gliner_medium_v21,hard,0.7,FINANCIAL,19,4,1.0,0.211,0.348
gliner_medium_v21,hard,0.7,GOV_ID,40,6,0.833,0.125,0.217
gliner_medium_v21,hard,0.7,IP,3,2,1.0,0.667,0.8
gliner_medium_v21,hard,0.7,LOCATION,59,27,1.0,0.424,0.595
gliner_medium_v21,hard,0.7,ORGANIZATION,72,61,0.803,0.681,0.737
gliner_medium_v21,hard,0.7,PERSON,155,118,0.966,0.735,0.835
gliner_medium_v21,hard,0.7,PHONE,23,14,0.929,0.565,0.703
gliner_medium_v21,hard,0.7,URL,4,1,1.0,0.25,0.4
gliner_medium_v21,hard,0.8,DATE_TIME,85,23,1.0,0.271,0.426
gliner_medium_v21,hard,0.8,EMAIL,27,0,0.0,0.0,0.0
gliner_medium_v21,hard,0.8,FINANCIAL,19,3,1.0,0.158,0.273
gliner_medium_v21,hard,0.8,GOV_ID,40,0,0.0,0.0,0.0
gliner_medium_v21,hard,0.8,IP,3,2,1.0,0.667,0.8
gliner_medium_v21,hard,0.8,LOCATION,59,11,1.0,0.169,0.29
gliner_medium_v21,hard,0.8,ORGANIZATION,72,51,0.824,0.583,0.683
gliner_medium_v21,hard,0.8,PERSON,155,97,0.979,0.613,0.754
gliner_medium_v21,hard,0.8,PHONE,23,11,1.0,0.478,0.647
gliner_medium_v21,hard,0.8,URL,4,0,0.0,0.0,0.0
gliner_medium_v21,sanctum,0.15,DATE_TIME,30,42,0.643,0.9,0.75
gliner_medium_v21,sanctum,0.15,EMAIL,11,13,0.846,1.0,0.917
gliner_medium_v21,sanctum,0.15,FINANCIAL,5,9,0.444,0.8,0.571
gliner_medium_v21,sanctum,0.15,GOV_ID,3,7,0.429,1.0,0.6
gliner_medium_v21,sanctum,0.15,IP,1,1,1.0,1.0,1.0
gliner_medium_v21,sanctum,0.15,LOCATION,14,60,0.867,1.0,0.929
gliner_medium_v21,sanctum,0.15,ORGANIZATION,31,39,0.744,0.903,0.816
gliner_medium_v21,sanctum,0.15,PERSON,48,79,0.608,1.0,0.756
gliner_medium_v21,sanctum,0.15,PHONE,9,18,0.444,0.889,0.593
gliner_medium_v21,sanctum,0.15,URL,2,1,1.0,0.5,0.667
gliner_medium_v21,sanctum,0.2,DATE_TIME,30,37,0.73,0.9,0.806
gliner_medium_v21,sanctum,0.2,EMAIL,11,13,0.846,1.0,0.917
gliner_medium_v21,sanctum,0.2,FINANCIAL,5,8,0.5,0.8,0.615
gliner_medium_v21,sanctum,0.2,GOV_ID,3,6,0.5,1.0,0.667
gliner_medium_v21,sanctum,0.2,IP,1,1,1.0,1.0,1.0
gliner_medium_v21,sanctum,0.2,LOCATION,14,55,0.891,1.0,0.942
gliner_medium_v21,sanctum,0.2,ORGANIZATION,31,39,0.744,0.903,0.816
gliner_medium_v21,sanctum,0.2,PERSON,48,76,0.632,1.0,0.774
gliner_medium_v21,sanctum,0.2,PHONE,9,17,0.471,0.889,0.615
gliner_medium_v21,sanctum,0.2,URL,2,1,1.0,0.5,0.667
gliner_medium_v21,sanctum,0.25,DATE_TIME,30,36,0.722,0.867,0.788
gliner_medium_v21,sanctum,0.25,EMAIL,11,13,0.846,1.0,0.917
gliner_medium_v21,sanctum,0.25,FINANCIAL,5,8,0.5,0.8,0.615
gliner_medium_v21,sanctum,0.25,GOV_ID,3,6,0.5,1.0,0.667
gliner_medium_v21,sanctum,0.25,IP,1,1,1.0,1.0,1.0
gliner_medium_v21,sanctum,0.25,LOCATION,14,55,0.891,1.0,0.942
gliner_medium_v21,sanctum,0.25,ORGANIZATION,31,36,0.778,0.903,0.836
gliner_medium_v21,sanctum,0.25,PERSON,48,73,0.658,1.0,0.793
gliner_medium_v21,sanctum,0.25,PHONE,9,16,0.5,0.889,0.64
gliner_medium_v21,sanctum,0.25,URL,2,0,0.0,0.0,0.0
gliner_medium_v21,sanctum,0.3,DATE_TIME,30,35,0.743,0.867,0.8
gliner_medium_v21,sanctum,0.3,EMAIL,11,12,0.917,1.0,0.957
gliner_medium_v21,sanctum,0.3,FINANCIAL,5,7,0.429,0.6,0.5
gliner_medium_v21,sanctum,0.3,GOV_ID,3,6,0.5,1.0,0.667
gliner_medium_v21,sanctum,0.3,IP,1,1,1.0,1.0,1.0
gliner_medium_v21,sanctum,0.3,LOCATION,14,51,0.882,1.0,0.938
gliner_medium_v21,sanctum,0.3,ORGANIZATION,31,36,0.778,0.903,0.836
gliner_medium_v21,sanctum,0.3,PERSON,48,67,0.701,0.979,0.817
gliner_medium_v21,sanctum,0.3,PHONE,9,14,0.571,0.889,0.696
gliner_medium_v21,sanctum,0.3,URL,2,0,0.0,0.0,0.0
gliner_medium_v21,sanctum,0.4,DATE_TIME,30,31,0.839,0.867,0.852
gliner_medium_v21,sanctum,0.4,EMAIL,11,12,0.917,1.0,0.957
gliner_medium_v21,sanctum,0.4,FINANCIAL,5,4,0.75,0.6,0.667
gliner_medium_v21,sanctum,0.4,GOV_ID,3,6,0.5,1.0,0.667
gliner_medium_v21,sanctum,0.4,IP,1,1,1.0,1.0,1.0
gliner_medium_v21,sanctum,0.4,LOCATION,14,44,0.909,1.0,0.952
gliner_medium_v21,sanctum,0.4,ORGANIZATION,31,34,0.794,0.871,0.831
gliner_medium_v21,sanctum,0.4,PERSON,48,63,0.746,0.979,0.847
gliner_medium_v21,sanctum,0.4,PHONE,9,13,0.615,0.889,0.727
gliner_medium_v21,sanctum,0.4,URL,2,0,0.0,0.0,0.0
gliner_medium_v21,sanctum,0.5,DATE_TIME,30,29,0.862,0.833,0.847
gliner_medium_v21,sanctum,0.5,EMAIL,11,12,0.917,1.0,0.957
gliner_medium_v21,sanctum,0.5,FINANCIAL,5,4,0.75,0.6,0.667
gliner_medium_v21,sanctum,0.5,GOV_ID,3,4,0.75,1.0,0.857
gliner_medium_v21,sanctum,0.5,IP,1,1,1.0,1.0,1.0
gliner_medium_v21,sanctum,0.5,LOCATION,14,36,0.889,1.0,0.941
gliner_medium_v21,sanctum,0.5,ORGANIZATION,31,31,0.839,0.839,0.839
gliner_medium_v21,sanctum,0.5,PERSON,48,58,0.81,0.979,0.887
gliner_medium_v21,sanctum,0.5,PHONE,9,12,0.667,0.889,0.762
gliner_medium_v21,sanctum,0.5,URL,2,0,0.0,0.0,0.0
gliner_medium_v21,sanctum,0.6,DATE_TIME,30,24,0.958,0.767,0.852
gliner_medium_v21,sanctum,0.6,EMAIL,11,10,0.9,0.818,0.857
gliner_medium_v21,sanctum,0.6,FINANCIAL,5,4,0.75,0.6,0.667
gliner_medium_v21,sanctum,0.6,GOV_ID,3,3,1.0,1.0,1.0
gliner_medium_v21,sanctum,0.6,IP,1,1,1.0,1.0,1.0
gliner_medium_v21,sanctum,0.6,LOCATION,14,24,0.875,0.929,0.901
gliner_medium_v21,sanctum,0.6,ORGANIZATION,31,29,0.828,0.774,0.8
gliner_medium_v21,sanctum,0.6,PERSON,48,55,0.855,0.979,0.913
gliner_medium_v21,sanctum,0.6,PHONE,9,11,0.636,0.778,0.7
gliner_medium_v21,sanctum,0.6,URL,2,0,0.0,0.0,0.0
gliner_medium_v21,sanctum,0.7,DATE_TIME,30,23,1.0,0.767,0.868
gliner_medium_v21,sanctum,0.7,EMAIL,11,6,0.833,0.455,0.588
gliner_medium_v21,sanctum,0.7,FINANCIAL,5,1,1.0,0.2,0.333
gliner_medium_v21,sanctum,0.7,GOV_ID,3,2,1.0,0.667,0.8
gliner_medium_v21,sanctum,0.7,IP,1,1,1.0,1.0,1.0
gliner_medium_v21,sanctum,0.7,LOCATION,14,10,0.7,0.429,0.532
gliner_medium_v21,sanctum,0.7,ORGANIZATION,31,27,0.889,0.774,0.828
gliner_medium_v21,sanctum,0.7,PERSON,48,53,0.887,0.979,0.931
gliner_medium_v21,sanctum,0.7,PHONE,9,9,0.667,0.667,0.667
gliner_medium_v21,sanctum,0.7,URL,2,0,0.0,0.0,0.0
gliner_medium_v21,sanctum,0.8,DATE_TIME,30,22,1.0,0.733,0.846
gliner_medium_v21,sanctum,0.8,EMAIL,11,5,0.8,0.364,0.5
gliner_medium_v21,sanctum,0.8,FINANCIAL,5,1,1.0,0.2,0.333
gliner_medium_v21,sanctum,0.8,GOV_ID,3,0,0.0,0.0,0.0
gliner_medium_v21,sanctum,0.8,IP,1,1,1.0,1.0,1.0
gliner_medium_v21,sanctum,0.8,LOCATION,14,3,0.333,0.071,0.118
gliner_medium_v21,sanctum,0.8,ORGANIZATION,31,22,1.0,0.71,0.83
gliner_medium_v21,sanctum,0.8,PERSON,48,51,0.922,0.979,0.949
gliner_medium_v21,sanctum,0.8,PHONE,9,7,0.571,0.444,0.5
gliner_medium_v21,sanctum,0.8,URL,2,0,0.0,0.0,0.0
gliner_multi_pii_v1,hard,0.15,DATE_TIME,85,57,0.877,0.6,0.713
gliner_multi_pii_v1,hard,0.15,EMAIL,27,25,0.96,0.889,0.923
gliner_multi_pii_v1,hard,0.15,FINANCIAL,19,31,0.581,0.947,0.72
gliner_multi_pii_v1,hard,0.15,GOV_ID,40,17,0.824,0.35,0.491
gliner_multi_pii_v1,hard,0.15,IP,3,4,0.75,1.0,0.857
gliner_multi_pii_v1,hard,0.15,LOCATION,59,57,0.895,0.932,0.913
gliner_multi_pii_v1,hard,0.15,ORGANIZATION,72,95,0.663,0.875,0.754
gliner_multi_pii_v1,hard,0.15,PERSON,155,151,0.894,0.871,0.882
gliner_multi_pii_v1,hard,0.15,PHONE,23,20,1.0,0.87,0.93
gliner_multi_pii_v1,hard,0.15,URL,4,7,0.429,0.75,0.545
gliner_multi_pii_v1,hard,0.2,DATE_TIME,85,56,0.875,0.588,0.704
gliner_multi_pii_v1,hard,0.2,EMAIL,27,25,0.96,0.889,0.923
gliner_multi_pii_v1,hard,0.2,FINANCIAL,19,31,0.581,0.947,0.72
gliner_multi_pii_v1,hard,0.2,GOV_ID,40,15,0.933,0.35,0.509
gliner_multi_pii_v1,hard,0.2,IP,3,4,0.75,1.0,0.857
gliner_multi_pii_v1,hard,0.2,LOCATION,59,56,0.911,0.932,0.921
gliner_multi_pii_v1,hard,0.2,ORGANIZATION,72,91,0.681,0.861,0.761
gliner_multi_pii_v1,hard,0.2,PERSON,155,148,0.892,0.852,0.871
gliner_multi_pii_v1,hard,0.2,PHONE,23,20,1.0,0.87,0.93
gliner_multi_pii_v1,hard,0.2,URL,4,6,0.5,0.75,0.6
gliner_multi_pii_v1,hard,0.25,DATE_TIME,85,53,0.906,0.576,0.705
gliner_multi_pii_v1,hard,0.25,EMAIL,27,24,0.958,0.852,0.902
gliner_multi_pii_v1,hard,0.25,FINANCIAL,19,31,0.581,0.947,0.72
gliner_multi_pii_v1,hard,0.25,GOV_ID,40,13,1.0,0.325,0.491
gliner_multi_pii_v1,hard,0.25,IP,3,4,0.75,1.0,0.857
gliner_multi_pii_v1,hard,0.25,LOCATION,59,50,0.92,0.847,0.882
gliner_multi_pii_v1,hard,0.25,ORGANIZATION,72,89,0.697,0.861,0.77
gliner_multi_pii_v1,hard,0.25,PERSON,155,144,0.91,0.845,0.876
gliner_multi_pii_v1,hard,0.25,PHONE,23,20,1.0,0.87,0.93
gliner_multi_pii_v1,hard,0.25,URL,4,5,0.4,0.5,0.444
gliner_multi_pii_v1,hard,0.3,DATE_TIME,85,52,0.923,0.576,0.71
gliner_multi_pii_v1,hard,0.3,EMAIL,27,23,0.957,0.815,0.88
gliner_multi_pii_v1,hard,0.3,FINANCIAL,19,30,0.6,0.947,0.735
gliner_multi_pii_v1,hard,0.3,GOV_ID,40,12,1.0,0.3,0.462
gliner_multi_pii_v1,hard,0.3,IP,3,4,0.75,1.0,0.857
gliner_multi_pii_v1,hard,0.3,LOCATION,59,47,0.915,0.797,0.852
gliner_multi_pii_v1,hard,0.3,ORGANIZATION,72,87,0.713,0.861,0.78
gliner_multi_pii_v1,hard,0.3,PERSON,155,144,0.91,0.845,0.876
gliner_multi_pii_v1,hard,0.3,PHONE,23,20,1.0,0.87,0.93
gliner_multi_pii_v1,hard,0.3,URL,4,5,0.4,0.5,0.444
gliner_multi_pii_v1,hard,0.4,DATE_TIME,85,49,0.918,0.541,0.681
gliner_multi_pii_v1,hard,0.4,EMAIL,27,22,0.955,0.778,0.857
gliner_multi_pii_v1,hard,0.4,FINANCIAL,19,27,0.63,0.895,0.739
gliner_multi_pii_v1,hard,0.4,GOV_ID,40,11,1.0,0.275,0.431
gliner_multi_pii_v1,hard,0.4,IP,3,4,0.75,1.0,0.857
gliner_multi_pii_v1,hard,0.4,LOCATION,59,43,0.93,0.746,0.828
gliner_multi_pii_v1,hard,0.4,ORGANIZATION,72,77,0.779,0.833,0.805
gliner_multi_pii_v1,hard,0.4,PERSON,155,143,0.909,0.839,0.872
gliner_multi_pii_v1,hard,0.4,PHONE,23,19,1.0,0.826,0.905
gliner_multi_pii_v1,hard,0.4,URL,4,4,0.5,0.5,0.5
gliner_multi_pii_v1,hard,0.5,DATE_TIME,85,46,0.935,0.518,0.666
gliner_multi_pii_v1,hard,0.5,EMAIL,27,19,1.0,0.704,0.826
gliner_multi_pii_v1,hard,0.5,FINANCIAL,19,26,0.654,0.895,0.756
gliner_multi_pii_v1,hard,0.5,GOV_ID,40,10,1.0,0.25,0.4
gliner_multi_pii_v1,hard,0.5,IP,3,4,0.75,1.0,0.857
gliner_multi_pii_v1,hard,0.5,LOCATION,59,40,0.925,0.695,0.794
gliner_multi_pii_v1,hard,0.5,ORGANIZATION,72,71,0.817,0.806,0.811
gliner_multi_pii_v1,hard,0.5,PERSON,155,142,0.908,0.832,0.869
gliner_multi_pii_v1,hard,0.5,PHONE,23,19,1.0,0.826,0.905
gliner_multi_pii_v1,hard,0.5,URL,4,3,0.667,0.5,0.571
gliner_multi_pii_v1,hard,0.6,DATE_TIME,85,42,0.952,0.471,0.63
gliner_multi_pii_v1,hard,0.6,EMAIL,27,17,1.0,0.63,0.773
gliner_multi_pii_v1,hard,0.6,FINANCIAL,19,26,0.654,0.895,0.756
gliner_multi_pii_v1,hard,0.6,GOV_ID,40,10,1.0,0.25,0.4
gliner_multi_pii_v1,hard,0.6,IP,3,4,0.75,1.0,0.857
gliner_multi_pii_v1,hard,0.6,LOCATION,59,36,0.972,0.661,0.787
gliner_multi_pii_v1,hard,0.6,ORGANIZATION,72,69,0.826,0.792,0.809
gliner_multi_pii_v1,hard,0.6,PERSON,155,139,0.914,0.819,0.864
gliner_multi_pii_v1,hard,0.6,PHONE,23,18,1.0,0.783,0.878
gliner_multi_pii_v1,hard,0.6,URL,4,3,0.667,0.5,0.571
gliner_multi_pii_v1,hard,0.7,DATE_TIME,85,40,0.95,0.447,0.608
gliner_multi_pii_v1,hard,0.7,EMAIL,27,17,1.0,0.63,0.773
gliner_multi_pii_v1,hard,0.7,FINANCIAL,19,19,0.842,0.842,0.842
gliner_multi_pii_v1,hard,0.7,GOV_ID,40,10,1.0,0.25,0.4
gliner_multi_pii_v1,hard,0.7,IP,3,4,0.75,1.0,0.857
gliner_multi_pii_v1,hard,0.7,LOCATION,59,35,0.971,0.627,0.762
gliner_multi_pii_v1,hard,0.7,ORGANIZATION,72,56,0.875,0.681,0.766
gliner_multi_pii_v1,hard,0.7,PERSON,155,137,0.927,0.819,0.87
gliner_multi_pii_v1,hard,0.7,PHONE,23,18,1.0,0.783,0.878
gliner_multi_pii_v1,hard,0.7,URL,4,3,0.667,0.5,0.571
gliner_multi_pii_v1,hard,0.8,DATE_TIME,85,33,0.939,0.365,0.525
gliner_multi_pii_v1,hard,0.8,EMAIL,27,15,1.0,0.556,0.714
gliner_multi_pii_v1,hard,0.8,FINANCIAL,19,12,1.0,0.632,0.774
gliner_multi_pii_v1,hard,0.8,GOV_ID,40,8,1.0,0.2,0.333
gliner_multi_pii_v1,hard,0.8,IP,3,4,0.75,1.0,0.857
gliner_multi_pii_v1,hard,0.8,LOCATION,59,32,1.0,0.576,0.731
gliner_multi_pii_v1,hard,0.8,ORGANIZATION,72,52,0.904,0.653,0.758
gliner_multi_pii_v1,hard,0.8,PERSON,155,131,0.924,0.781,0.846
gliner_multi_pii_v1,hard,0.8,PHONE,23,18,1.0,0.783,0.878
gliner_multi_pii_v1,hard,0.8,URL,4,2,1.0,0.5,0.667
gliner_multi_pii_v1,sanctum,0.15,DATE_TIME,30,36,0.778,0.933,0.848
gliner_multi_pii_v1,sanctum,0.15,EMAIL,11,12,0.917,1.0,0.957
gliner_multi_pii_v1,sanctum,0.15,FINANCIAL,5,4,1.0,0.8,0.889
gliner_multi_pii_v1,sanctum,0.15,GOV_ID,3,3,1.0,1.0,1.0
gliner_multi_pii_v1,sanctum,0.15,IP,1,1,1.0,1.0,1.0
gliner_multi_pii_v1,sanctum,0.15,LOCATION,14,18,0.778,1.0,0.875
gliner_multi_pii_v1,sanctum,0.15,ORGANIZATION,31,36,0.639,0.71,0.672
gliner_multi_pii_v1,sanctum,0.15,PERSON,48,73,0.658,1.0,0.793
gliner_multi_pii_v1,sanctum,0.15,PHONE,9,12,0.75,1.0,0.857
gliner_multi_pii_v1,sanctum,0.15,URL,2,0,0.0,0.0,0.0
gliner_multi_pii_v1,sanctum,0.2,DATE_TIME,30,33,0.848,0.933,0.889
gliner_multi_pii_v1,sanctum,0.2,EMAIL,11,12,0.917,1.0,0.957
gliner_multi_pii_v1,sanctum,0.2,FINANCIAL,5,4,1.0,0.8,0.889
gliner_multi_pii_v1,sanctum,0.2,GOV_ID,3,3,1.0,1.0,1.0
gliner_multi_pii_v1,sanctum,0.2,IP,1,1,1.0,1.0,1.0
gliner_multi_pii_v1,sanctum,0.2,LOCATION,14,18,0.778,1.0,0.875
gliner_multi_pii_v1,sanctum,0.2,ORGANIZATION,31,32,0.656,0.677,0.667
gliner_multi_pii_v1,sanctum,0.2,PERSON,48,71,0.676,1.0,0.807
gliner_multi_pii_v1,sanctum,0.2,PHONE,9,12,0.75,1.0,0.857
gliner_multi_pii_v1,sanctum,0.2,URL,2,0,0.0,0.0,0.0
gliner_multi_pii_v1,sanctum,0.25,DATE_TIME,30,32,0.844,0.9,0.871
gliner_multi_pii_v1,sanctum,0.25,EMAIL,11,12,0.917,1.0,0.957
gliner_multi_pii_v1,sanctum,0.25,FINANCIAL,5,4,1.0,0.8,0.889
gliner_multi_pii_v1,sanctum,0.25,GOV_ID,3,3,1.0,1.0,1.0
gliner_multi_pii_v1,sanctum,0.25,IP,1,1,1.0,1.0,1.0
gliner_multi_pii_v1,sanctum,0.25,LOCATION,14,18,0.778,1.0,0.875
gliner_multi_pii_v1,sanctum,0.25,ORGANIZATION,31,29,0.724,0.677,0.7
gliner_multi_pii_v1,sanctum,0.25,PERSON,48,68,0.706,1.0,0.828
gliner_multi_pii_v1,sanctum,0.25,PHONE,9,12,0.75,1.0,0.857
gliner_multi_pii_v1,sanctum,0.25,URL,2,0,0.0,0.0,0.0
gliner_multi_pii_v1,sanctum,0.3,DATE_TIME,30,32,0.844,0.9,0.871
gliner_multi_pii_v1,sanctum,0.3,EMAIL,11,12,0.917,1.0,0.957
gliner_multi_pii_v1,sanctum,0.3,FINANCIAL,5,4,1.0,0.8,0.889
gliner_multi_pii_v1,sanctum,0.3,GOV_ID,3,3,1.0,1.0,1.0
gliner_multi_pii_v1,sanctum,0.3,IP,1,1,1.0,1.0,1.0
gliner_multi_pii_v1,sanctum,0.3,LOCATION,14,18,0.778,1.0,0.875
gliner_multi_pii_v1,sanctum,0.3,ORGANIZATION,31,27,0.778,0.677,0.724
gliner_multi_pii_v1,sanctum,0.3,PERSON,48,68,0.706,1.0,0.828
gliner_multi_pii_v1,sanctum,0.3,PHONE,9,12,0.75,1.0,0.857
gliner_multi_pii_v1,sanctum,0.3,URL,2,0,0.0,0.0,0.0
gliner_multi_pii_v1,sanctum,0.4,DATE_TIME,30,30,0.9,0.9,0.9
gliner_multi_pii_v1,sanctum,0.4,EMAIL,11,11,1.0,1.0,1.0
gliner_multi_pii_v1,sanctum,0.4,FINANCIAL,5,4,1.0,0.8,0.889
gliner_multi_pii_v1,sanctum,0.4,GOV_ID,3,3,1.0,1.0,1.0
gliner_multi_pii_v1,sanctum,0.4,IP,1,1,1.0,1.0,1.0
gliner_multi_pii_v1,sanctum,0.4,LOCATION,14,18,0.778,1.0,0.875
gliner_multi_pii_v1,sanctum,0.4,ORGANIZATION,31,24,0.833,0.645,0.727
gliner_multi_pii_v1,sanctum,0.4,PERSON,48,67,0.716,1.0,0.835
gliner_multi_pii_v1,sanctum,0.4,PHONE,9,12,0.75,1.0,0.857
gliner_multi_pii_v1,sanctum,0.4,URL,2,0,0.0,0.0,0.0
gliner_multi_pii_v1,sanctum,0.5,DATE_TIME,30,30,0.9,0.9,0.9
gliner_multi_pii_v1,sanctum,0.5,EMAIL,11,10,1.0,0.909,0.952
gliner_multi_pii_v1,sanctum,0.5,FINANCIAL,5,4,1.0,0.8,0.889
gliner_multi_pii_v1,sanctum,0.5,GOV_ID,3,3,1.0,1.0,1.0
gliner_multi_pii_v1,sanctum,0.5,IP,1,1,1.0,1.0,1.0
gliner_multi_pii_v1,sanctum,0.5,LOCATION,14,17,0.765,0.929,0.839
gliner_multi_pii_v1,sanctum,0.5,ORGANIZATION,31,23,0.87,0.645,0.741
gliner_multi_pii_v1,sanctum,0.5,PERSON,48,66,0.727,1.0,0.842
gliner_multi_pii_v1,sanctum,0.5,PHONE,9,12,0.75,1.0,0.857
gliner_multi_pii_v1,sanctum,0.5,URL,2,0,0.0,0.0,0.0
gliner_multi_pii_v1,sanctum,0.6,DATE_TIME,30,29,0.931,0.9,0.915
gliner_multi_pii_v1,sanctum,0.6,EMAIL,11,9,1.0,0.818,0.9
gliner_multi_pii_v1,sanctum,0.6,FINANCIAL,5,4,1.0,0.8,0.889
gliner_multi_pii_v1,sanctum,0.6,GOV_ID,3,3,1.0,1.0,1.0
gliner_multi_pii_v1,sanctum,0.6,IP,1,1,1.0,1.0,1.0
gliner_multi_pii_v1,sanctum,0.6,LOCATION,14,16,0.812,0.929,0.867
gliner_multi_pii_v1,sanctum,0.6,ORGANIZATION,31,23,0.87,0.645,0.741
gliner_multi_pii_v1,sanctum,0.6,PERSON,48,63,0.762,1.0,0.865
gliner_multi_pii_v1,sanctum,0.6,PHONE,9,12,0.75,1.0,0.857
gliner_multi_pii_v1,sanctum,0.6,URL,2,0,0.0,0.0,0.0
gliner_multi_pii_v1,sanctum,0.7,DATE_TIME,30,26,1.0,0.867,0.929
gliner_multi_pii_v1,sanctum,0.7,EMAIL,11,9,1.0,0.818,0.9
gliner_multi_pii_v1,sanctum,0.7,FINANCIAL,5,4,1.0,0.8,0.889
gliner_multi_pii_v1,sanctum,0.7,GOV_ID,3,3,1.0,1.0,1.0
gliner_multi_pii_v1,sanctum,0.7,IP,1,1,1.0,1.0,1.0
gliner_multi_pii_v1,sanctum,0.7,LOCATION,14,15,0.8,0.857,0.828
gliner_multi_pii_v1,sanctum,0.7,ORGANIZATION,31,23,0.87,0.645,0.741
gliner_multi_pii_v1,sanctum,0.7,PERSON,48,59,0.814,1.0,0.897
gliner_multi_pii_v1,sanctum,0.7,PHONE,9,12,0.75,1.0,0.857
gliner_multi_pii_v1,sanctum,0.7,URL,2,0,0.0,0.0,0.0
gliner_multi_pii_v1,sanctum,0.8,DATE_TIME,30,22,1.0,0.733,0.846
gliner_multi_pii_v1,sanctum,0.8,EMAIL,11,8,1.0,0.727,0.842
gliner_multi_pii_v1,sanctum,0.8,FINANCIAL,5,4,1.0,0.8,0.889
gliner_multi_pii_v1,sanctum,0.8,GOV_ID,3,3,1.0,1.0,1.0
gliner_multi_pii_v1,sanctum,0.8,IP,1,1,1.0,1.0,1.0
gliner_multi_pii_v1,sanctum,0.8,LOCATION,14,13,0.769,0.714,0.741
gliner_multi_pii_v1,sanctum,0.8,ORGANIZATION,31,21,0.857,0.581,0.692
gliner_multi_pii_v1,sanctum,0.8,PERSON,48,58,0.828,1.0,0.906
gliner_multi_pii_v1,sanctum,0.8,PHONE,9,12,0.75,1.0,0.857
gliner_multi_pii_v1,sanctum,0.8,URL,2,0,0.0,0.0,0.0
gliner_small_v21,hard,0.15,DATE_TIME,85,76,0.961,0.859,0.907
gliner_small_v21,hard,0.15,EMAIL,27,7,0.429,0.111,0.176
gliner_small_v21,hard,0.15,FINANCIAL,19,11,0.455,0.263,0.333
gliner_small_v21,hard,0.15,GOV_ID,40,27,0.407,0.275,0.328
gliner_small_v21,hard,0.15,IP,3,2,1.0,0.667,0.8
gliner_small_v21,hard,0.15,LOCATION,59,138,0.754,0.966,0.847
gliner_small_v21,hard,0.15,ORGANIZATION,72,163,0.429,0.944,0.59
gliner_small_v21,hard,0.15,PERSON,155,209,0.703,0.948,0.808
gliner_small_v21,hard,0.15,PHONE,23,13,0.615,0.348,0.444
gliner_small_v21,hard,0.15,URL,4,3,0.667,0.5,0.571
gliner_small_v21,hard,0.2,DATE_TIME,85,73,0.959,0.824,0.886
gliner_small_v21,hard,0.2,EMAIL,27,5,0.6,0.111,0.188
gliner_small_v21,hard,0.2,FINANCIAL,19,9,0.556,0.263,0.357
gliner_small_v21,hard,0.2,GOV_ID,40,23,0.435,0.25,0.317
gliner_small_v21,hard,0.2,IP,3,2,1.0,0.667,0.8
gliner_small_v21,hard,0.2,LOCATION,59,119,0.84,0.949,0.891
gliner_small_v21,hard,0.2,ORGANIZATION,72,151,0.457,0.931,0.613
gliner_small_v21,hard,0.2,PERSON,155,193,0.751,0.935,0.833
gliner_small_v21,hard,0.2,PHONE,23,11,0.727,0.348,0.471
gliner_small_v21,hard,0.2,URL,4,3,0.667,0.5,0.571
gliner_small_v21,hard,0.25,DATE_TIME,85,67,0.955,0.753,0.842
gliner_small_v21,hard,0.25,EMAIL,27,3,0.667,0.074,0.133
gliner_small_v21,hard,0.25,FINANCIAL,19,9,0.556,0.263,0.357
gliner_small_v21,hard,0.25,GOV_ID,40,19,0.421,0.2,0.271
gliner_small_v21,hard,0.25,IP,3,2,1.0,0.667,0.8
gliner_small_v21,hard,0.25,LOCATION,59,111,0.856,0.932,0.892
gliner_small_v21,hard,0.25,ORGANIZATION,72,141,0.482,0.931,0.635
gliner_small_v21,hard,0.25,PERSON,155,180,0.794,0.923,0.854
gliner_small_v21,hard,0.25,PHONE,23,8,0.875,0.304,0.452
gliner_small_v21,hard,0.25,URL,4,3,0.667,0.5,0.571
gliner_small_v21,hard,0.3,DATE_TIME,85,61,0.967,0.694,0.808
gliner_small_v21,hard,0.3,EMAIL,27,3,0.667,0.074,0.133
gliner_small_v21,hard,0.3,FINANCIAL,19,7,0.714,0.263,0.385
gliner_small_v21,hard,0.3,GOV_ID,40,19,0.421,0.2,0.271
gliner_small_v21,hard,0.3,IP,3,2,1.0,0.667,0.8
gliner_small_v21,hard,0.3,LOCATION,59,103,0.874,0.915,0.894
gliner_small_v21,hard,0.3,ORGANIZATION,72,132,0.508,0.917,0.653
gliner_small_v21,hard,0.3,PERSON,155,174,0.81,0.91,0.857
gliner_small_v21,hard,0.3,PHONE,23,4,1.0,0.174,0.296
gliner_small_v21,hard,0.3,URL,4,2,0.5,0.25,0.333
gliner_small_v21,hard,0.4,DATE_TIME,85,52,1.0,0.612,0.759
gliner_small_v21,hard,0.4,EMAIL,27,2,0.5,0.037,0.069
gliner_small_v21,hard,0.4,FINANCIAL,19,5,1.0,0.263,0.417
gliner_small_v21,hard,0.4,GOV_ID,40,11,0.455,0.125,0.196
gliner_small_v21,hard,0.4,IP,3,2,1.0,0.667,0.8
gliner_small_v21,hard,0.4,LOCATION,59,77,0.896,0.831,0.862
gliner_small_v21,hard,0.4,ORGANIZATION,72,112,0.571,0.889,0.696
gliner_small_v21,hard,0.4,PERSON,155,155,0.884,0.884,0.884
gliner_small_v21,hard,0.4,PHONE,23,3,1.0,0.13,0.231
gliner_small_v21,hard,0.4,URL,4,0,0.0,0.0,0.0
gliner_small_v21,hard,0.5,DATE_TIME,85,44,1.0,0.518,0.682
gliner_small_v21,hard,0.5,EMAIL,27,1,1.0,0.037,0.071
gliner_small_v21,hard,0.5,FINANCIAL,19,3,1.0,0.158,0.273
gliner_small_v21,hard,0.5,GOV_ID,40,7,0.429,0.075,0.128
gliner_small_v21,hard,0.5,IP,3,1,1.0,0.333,0.5
gliner_small_v21,hard,0.5,LOCATION,59,62,0.935,0.729,0.819
gliner_small_v21,hard,0.5,ORGANIZATION,72,101,0.614,0.861,0.717
gliner_small_v21,hard,0.5,PERSON,155,149,0.893,0.858,0.875
gliner_small_v21,hard,0.5,PHONE,23,2,1.0,0.087,0.16
gliner_small_v21,hard,0.5,URL,4,0,0.0,0.0,0.0
gliner_small_v21,hard,0.6,DATE_TIME,85,27,1.0,0.318,0.482
gliner_small_v21,hard,0.6,EMAIL,27,0,0.0,0.0,0.0
gliner_small_v21,hard,0.6,FINANCIAL,19,2,1.0,0.105,0.19
gliner_small_v21,hard,0.6,GOV_ID,40,5,0.4,0.05,0.089
gliner_small_v21,hard,0.6,IP,3,1,1.0,0.333,0.5
gliner_small_v21,hard,0.6,LOCATION,59,45,0.933,0.576,0.713
gliner_small_v21,hard,0.6,ORGANIZATION,72,85,0.694,0.819,0.752
gliner_small_v21,hard,0.6,PERSON,155,145,0.91,0.852,0.88
gliner_small_v21,hard,0.6,PHONE,23,0,0.0,0.0,0.0
gliner_small_v21,hard,0.6,URL,4,0,0.0,0.0,0.0
gliner_small_v21,hard,0.7,DATE_TIME,85,11,1.0,0.129,0.229
gliner_small_v21,hard,0.7,EMAIL,27,0,0.0,0.0,0.0
gliner_small_v21,hard,0.7,FINANCIAL,19,1,1.0,0.053,0.1
gliner_small_v21,hard,0.7,GOV_ID,40,1,0.0,0.0,0.0
gliner_small_v21,hard,0.7,IP,3,1,1.0,0.333,0.5
gliner_small_v21,hard,0.7,LOCATION,59,19,0.947,0.254,0.401
gliner_small_v21,hard,0.7,ORGANIZATION,72,68,0.809,0.764,0.786
gliner_small_v21,hard,0.7,PERSON,155,129,0.938,0.781,0.852
gliner_small_v21,hard,0.7,PHONE,23,0,0.0,0.0,0.0
gliner_small_v21,hard,0.7,URL,4,0,0.0,0.0,0.0
gliner_small_v21,hard,0.8,DATE_TIME,85,5,1.0,0.059,0.111
gliner_small_v21,hard,0.8,EMAIL,27,0,0.0,0.0,0.0
gliner_small_v21,hard,0.8,FINANCIAL,19,0,0.0,0.0,0.0
gliner_small_v21,hard,0.8,GOV_ID,40,0,0.0,0.0,0.0
gliner_small_v21,hard,0.8,IP,3,0,0.0,0.0,0.0
gliner_small_v21,hard,0.8,LOCATION,59,6,0.833,0.085,0.154
gliner_small_v21,hard,0.8,ORGANIZATION,72,44,0.841,0.514,0.638
gliner_small_v21,hard,0.8,PERSON,155,109,0.945,0.665,0.78
gliner_small_v21,hard,0.8,PHONE,23,0,0.0,0.0,0.0
gliner_small_v21,hard,0.8,URL,4,0,0.0,0.0,0.0
gliner_small_v21,sanctum,0.15,DATE_TIME,30,36,0.833,1.0,0.909
gliner_small_v21,sanctum,0.15,EMAIL,11,5,0.8,0.364,0.5
gliner_small_v21,sanctum,0.15,FINANCIAL,5,5,0.6,0.6,0.6
gliner_small_v21,sanctum,0.15,GOV_ID,3,6,0.333,0.667,0.444
gliner_small_v21,sanctum,0.15,IP,1,2,0.5,1.0,0.667
gliner_small_v21,sanctum,0.15,LOCATION,14,56,0.786,1.0,0.88
gliner_small_v21,sanctum,0.15,ORGANIZATION,31,44,0.545,0.742,0.629
gliner_small_v21,sanctum,0.15,PERSON,48,80,0.588,0.979,0.734
gliner_small_v21,sanctum,0.15,PHONE,9,6,0.667,0.444,0.533
gliner_small_v21,sanctum,0.15,URL,2,3,0.333,0.5,0.4
gliner_small_v21,sanctum,0.2,DATE_TIME,30,33,0.879,0.967,0.921
gliner_small_v21,sanctum,0.2,EMAIL,11,5,0.8,0.364,0.5
gliner_small_v21,sanctum,0.2,FINANCIAL,5,3,0.667,0.4,0.5
gliner_small_v21,sanctum,0.2,GOV_ID,3,6,0.333,0.667,0.444
gliner_small_v21,sanctum,0.2,IP,1,2,0.5,1.0,0.667
gliner_small_v21,sanctum,0.2,LOCATION,14,55,0.782,1.0,0.878
gliner_small_v21,sanctum,0.2,ORGANIZATION,31,41,0.585,0.742,0.654
gliner_small_v21,sanctum,0.2,PERSON,48,75,0.627,0.979,0.764
gliner_small_v21,sanctum,0.2,PHONE,9,5,0.6,0.333,0.429
gliner_small_v21,sanctum,0.2,URL,2,2,0.5,0.5,0.5
gliner_small_v21,sanctum,0.25,DATE_TIME,30,30,0.9,0.9,0.9
gliner_small_v21,sanctum,0.25,EMAIL,11,4,0.75,0.273,0.4
gliner_small_v21,sanctum,0.25,FINANCIAL,5,3,0.667,0.4,0.5
gliner_small_v21,sanctum,0.25,GOV_ID,3,5,0.4,0.667,0.5
gliner_small_v21,sanctum,0.25,IP,1,2,0.5,1.0,0.667
gliner_small_v21,sanctum,0.25,LOCATION,14,51,0.784,1.0,0.879
gliner_small_v21,sanctum,0.25,ORGANIZATION,31,38,0.605,0.742,0.667
gliner_small_v21,sanctum,0.25,PERSON,48,70,0.671,0.979,0.797
gliner_small_v21,sanctum,0.25,PHONE,9,5,0.6,0.333,0.429
gliner_small_v21,sanctum,0.25,URL,2,2,0.5,0.5,0.5
gliner_small_v21,sanctum,0.3,DATE_TIME,30,28,0.929,0.867,0.897
gliner_small_v21,sanctum,0.3,EMAIL,11,3,1.0,0.273,0.429
gliner_small_v21,sanctum,0.3,FINANCIAL,5,3,0.667,0.4,0.5
gliner_small_v21,sanctum,0.3,GOV_ID,3,5,0.4,0.667,0.5
gliner_small_v21,sanctum,0.3,IP,1,2,0.5,1.0,0.667
gliner_small_v21,sanctum,0.3,LOCATION,14,44,0.818,1.0,0.9
gliner_small_v21,sanctum,0.3,ORGANIZATION,31,35,0.657,0.742,0.697
gliner_small_v21,sanctum,0.3,PERSON,48,66,0.712,0.979,0.825
gliner_small_v21,sanctum,0.3,PHONE,9,5,0.6,0.333,0.429
gliner_small_v21,sanctum,0.3,URL,2,1,0.0,0.0,0.0
gliner_small_v21,sanctum,0.4,DATE_TIME,30,25,0.96,0.8,0.873
gliner_small_v21,sanctum,0.4,EMAIL,11,3,1.0,0.273,0.429
gliner_small_v21,sanctum,0.4,FINANCIAL,5,2,0.5,0.2,0.286
gliner_small_v21,sanctum,0.4,GOV_ID,3,4,0.25,0.333,0.286
gliner_small_v21,sanctum,0.4,IP,1,2,0.5,1.0,0.667
gliner_small_v21,sanctum,0.4,LOCATION,14,28,0.786,0.857,0.82
gliner_small_v21,sanctum,0.4,ORGANIZATION,31,34,0.676,0.742,0.708
gliner_small_v21,sanctum,0.4,PERSON,48,64,0.734,0.979,0.839
gliner_small_v21,sanctum,0.4,PHONE,9,4,0.5,0.222,0.308
gliner_small_v21,sanctum,0.4,URL,2,0,0.0,0.0,0.0
gliner_small_v21,sanctum,0.5,DATE_TIME,30,22,1.0,0.733,0.846
gliner_small_v21,sanctum,0.5,EMAIL,11,1,1.0,0.091,0.167
gliner_small_v21,sanctum,0.5,FINANCIAL,5,1,1.0,0.2,0.333
gliner_small_v21,sanctum,0.5,GOV_ID,3,4,0.25,0.333,0.286
gliner_small_v21,sanctum,0.5,IP,1,2,0.5,1.0,0.667
gliner_small_v21,sanctum,0.5,LOCATION,14,17,0.706,0.643,0.673
gliner_small_v21,sanctum,0.5,ORGANIZATION,31,31,0.71,0.71,0.71
gliner_small_v21,sanctum,0.5,PERSON,48,62,0.758,0.979,0.855
gliner_small_v21,sanctum,0.5,PHONE,9,3,0.667,0.222,0.333
gliner_small_v21,sanctum,0.5,URL,2,0,0.0,0.0,0.0
gliner_small_v21,sanctum,0.6,DATE_TIME,30,20,1.0,0.667,0.8
gliner_small_v21,sanctum,0.6,EMAIL,11,0,0.0,0.0,0.0
gliner_small_v21,sanctum,0.6,FINANCIAL,5,1,1.0,0.2,0.333
gliner_small_v21,sanctum,0.6,GOV_ID,3,2,0.5,0.333,0.4
gliner_small_v21,sanctum,0.6,IP,1,1,1.0,1.0,1.0
gliner_small_v21,sanctum,0.6,LOCATION,14,6,0.667,0.214,0.324
gliner_small_v21,sanctum,0.6,ORGANIZATION,31,25,0.76,0.613,0.679
gliner_small_v21,sanctum,0.6,PERSON,48,55,0.855,0.979,0.913
gliner_small_v21,sanctum,0.6,PHONE,9,2,0.5,0.111,0.182
gliner_small_v21,sanctum,0.6,URL,2,0,0.0,0.0,0.0
gliner_small_v21,sanctum,0.7,DATE_TIME,30,16,1.0,0.533,0.696
gliner_small_v21,sanctum,0.7,EMAIL,11,0,0.0,0.0,0.0
gliner_small_v21,sanctum,0.7,FINANCIAL,5,1,1.0,0.2,0.333
gliner_small_v21,sanctum,0.7,GOV_ID,3,0,0.0,0.0,0.0
gliner_small_v21,sanctum,0.7,IP,1,1,1.0,1.0,1.0
gliner_small_v21,sanctum,0.7,LOCATION,14,3,0.667,0.143,0.235
gliner_small_v21,sanctum,0.7,ORGANIZATION,31,21,0.857,0.581,0.692
gliner_small_v21,sanctum,0.7,PERSON,48,52,0.904,0.979,0.94
gliner_small_v21,sanctum,0.7,PHONE,9,0,0.0,0.0,0.0
gliner_small_v21,sanctum,0.7,URL,2,0,0.0,0.0,0.0
gliner_small_v21,sanctum,0.8,DATE_TIME,30,11,1.0,0.367,0.537
gliner_small_v21,sanctum,0.8,EMAIL,11,0,0.0,0.0,0.0
gliner_small_v21,sanctum,0.8,FINANCIAL,5,0,0.0,0.0,0.0
gliner_small_v21,sanctum,0.8,GOV_ID,3,0,0.0,0.0,0.0
gliner_small_v21,sanctum,0.8,IP,1,1,1.0,1.0,1.0
gliner_small_v21,sanctum,0.8,LOCATION,14,0,0.0,0.0,0.0
gliner_small_v21,sanctum,0.8,ORGANIZATION,31,15,0.933,0.452,0.609
gliner_small_v21,sanctum,0.8,PERSON,48,45,0.933,0.875,0.903
gliner_small_v21,sanctum,0.8,PHONE,9,0,0.0,0.0,0.0
gliner_small_v21,sanctum,0.8,URL,2,0,0.0,0.0,0.0
gretel_bi_small,hard,0.15,DATE_TIME,85,22,0.955,0.247,0.393
gretel_bi_small,hard,0.15,EMAIL,27,17,1.0,0.63,0.773
gretel_bi_small,hard,0.15,FINANCIAL,19,11,0.909,0.526,0.667
gretel_bi_small,hard,0.15,GOV_ID,40,16,0.875,0.35,0.5
gretel_bi_small,hard,0.15,IP,3,0,0.0,0.0,0.0
gretel_bi_small,hard,0.15,LOCATION,59,37,0.838,0.492,0.62
gretel_bi_small,hard,0.15,ORGANIZATION,72,9,1.0,0.125,0.222
gretel_bi_small,hard,0.15,PERSON,155,98,0.98,0.619,0.759
gretel_bi_small,hard,0.15,PHONE,23,29,0.724,0.913,0.808
gretel_bi_small,hard,0.15,URL,4,1,1.0,0.25,0.4
gretel_bi_small,hard,0.2,DATE_TIME,85,21,0.952,0.235,0.377
gretel_bi_small,hard,0.2,EMAIL,27,15,1.0,0.556,0.714
gretel_bi_small,hard,0.2,FINANCIAL,19,11,0.909,0.526,0.667
gretel_bi_small,hard,0.2,GOV_ID,40,16,0.875,0.35,0.5
gretel_bi_small,hard,0.2,IP,3,0,0.0,0.0,0.0
gretel_bi_small,hard,0.2,LOCATION,59,33,0.848,0.441,0.58
gretel_bi_small,hard,0.2,ORGANIZATION,72,6,1.0,0.083,0.154
gretel_bi_small,hard,0.2,PERSON,155,91,0.978,0.574,0.724
gretel_bi_small,hard,0.2,PHONE,23,29,0.724,0.913,0.808
gretel_bi_small,hard,0.2,URL,4,1,1.0,0.25,0.4
gretel_bi_small,hard,0.25,DATE_TIME,85,21,0.952,0.235,0.377
gretel_bi_small,hard,0.25,EMAIL,27,14,1.0,0.519,0.683
gretel_bi_small,hard,0.25,FINANCIAL,19,11,0.909,0.526,0.667
gretel_bi_small,hard,0.25,GOV_ID,40,14,0.857,0.3,0.444
gretel_bi_small,hard,0.25,IP,3,0,0.0,0.0,0.0
gretel_bi_small,hard,0.25,LOCATION,59,30,0.833,0.39,0.531
gretel_bi_small,hard,0.25,ORGANIZATION,72,6,1.0,0.083,0.154
gretel_bi_small,hard,0.25,PERSON,155,84,0.976,0.529,0.686
gretel_bi_small,hard,0.25,PHONE,23,29,0.724,0.913,0.808
gretel_bi_small,hard,0.25,URL,4,1,1.0,0.25,0.4
gretel_bi_small,hard,0.3,DATE_TIME,85,20,0.95,0.224,0.362
gretel_bi_small,hard,0.3,EMAIL,27,14,1.0,0.519,0.683
gretel_bi_small,hard,0.3,FINANCIAL,19,10,0.9,0.474,0.621
gretel_bi_small,hard,0.3,GOV_ID,40,14,0.857,0.3,0.444
gretel_bi_small,hard,0.3,IP,3,0,0.0,0.0,0.0
gretel_bi_small,hard,0.3,LOCATION,59,29,0.828,0.373,0.514
gretel_bi_small,hard,0.3,ORGANIZATION,72,6,1.0,0.083,0.154
gretel_bi_small,hard,0.3,PERSON,155,80,0.988,0.51,0.672
gretel_bi_small,hard,0.3,PHONE,23,27,0.741,0.87,0.8
gretel_bi_small,hard,0.3,URL,4,1,1.0,0.25,0.4
gretel_bi_small,hard,0.4,DATE_TIME,85,20,0.95,0.224,0.362
gretel_bi_small,hard,0.4,EMAIL,27,14,1.0,0.519,0.683
gretel_bi_small,hard,0.4,FINANCIAL,19,10,0.9,0.474,0.621
gretel_bi_small,hard,0.4,GOV_ID,40,13,0.923,0.3,0.453
gretel_bi_small,hard,0.4,IP,3,0,0.0,0.0,0.0
gretel_bi_small,hard,0.4,LOCATION,59,22,0.818,0.288,0.426
gretel_bi_small,hard,0.4,ORGANIZATION,72,2,1.0,0.028,0.054
gretel_bi_small,hard,0.4,PERSON,155,76,0.987,0.484,0.649
gretel_bi_small,hard,0.4,PHONE,23,25,0.8,0.87,0.833
gretel_bi_small,hard,0.4,URL,4,1,1.0,0.25,0.4
gretel_bi_small,hard,0.5,DATE_TIME,85,19,0.947,0.212,0.346
gretel_bi_small,hard,0.5,EMAIL,27,14,1.0,0.519,0.683
gretel_bi_small,hard,0.5,FINANCIAL,19,10,0.9,0.474,0.621
gretel_bi_small,hard,0.5,GOV_ID,40,11,0.909,0.25,0.392
gretel_bi_small,hard,0.5,IP,3,0,0.0,0.0,0.0
gretel_bi_small,hard,0.5,LOCATION,59,18,0.833,0.237,0.369
gretel_bi_small,hard,0.5,ORGANIZATION,72,1,1.0,0.014,0.027
gretel_bi_small,hard,0.5,PERSON,155,68,0.985,0.432,0.601
gretel_bi_small,hard,0.5,PHONE,23,24,0.833,0.87,0.851
gretel_bi_small,hard,0.5,URL,4,1,1.0,0.25,0.4
gretel_bi_small,hard,0.6,DATE_TIME,85,16,0.938,0.176,0.297
gretel_bi_small,hard,0.6,EMAIL,27,14,1.0,0.519,0.683
gretel_bi_small,hard,0.6,FINANCIAL,19,10,0.9,0.474,0.621
gretel_bi_small,hard,0.6,GOV_ID,40,8,0.875,0.175,0.292
gretel_bi_small,hard,0.6,IP,3,0,0.0,0.0,0.0
gretel_bi_small,hard,0.6,LOCATION,59,13,0.923,0.203,0.333
gretel_bi_small,hard,0.6,ORGANIZATION,72,0,0.0,0.0,0.0
gretel_bi_small,hard,0.6,PERSON,155,58,1.0,0.374,0.545
gretel_bi_small,hard,0.6,PHONE,23,24,0.833,0.87,0.851
gretel_bi_small,hard,0.6,URL,4,1,1.0,0.25,0.4
gretel_bi_small,hard,0.7,DATE_TIME,85,14,0.929,0.153,0.263
gretel_bi_small,hard,0.7,EMAIL,27,13,1.0,0.481,0.65
gretel_bi_small,hard,0.7,FINANCIAL,19,10,0.9,0.474,0.621
gretel_bi_small,hard,0.7,GOV_ID,40,8,0.875,0.175,0.292
gretel_bi_small,hard,0.7,IP,3,0,0.0,0.0,0.0
gretel_bi_small,hard,0.7,LOCATION,59,8,0.875,0.119,0.209
gretel_bi_small,hard,0.7,ORGANIZATION,72,0,0.0,0.0,0.0
gretel_bi_small,hard,0.7,PERSON,155,37,1.0,0.239,0.385
gretel_bi_small,hard,0.7,PHONE,23,23,0.826,0.826,0.826
gretel_bi_small,hard,0.7,URL,4,0,0.0,0.0,0.0
gretel_bi_small,hard,0.8,DATE_TIME,85,13,0.923,0.141,0.245
gretel_bi_small,hard,0.8,EMAIL,27,11,1.0,0.407,0.579
gretel_bi_small,hard,0.8,FINANCIAL,19,10,0.9,0.474,0.621
gretel_bi_small,hard,0.8,GOV_ID,40,4,1.0,0.1,0.182
gretel_bi_small,hard,0.8,IP,3,0,0.0,0.0,0.0
gretel_bi_small,hard,0.8,LOCATION,59,5,0.8,0.068,0.125
gretel_bi_small,hard,0.8,ORGANIZATION,72,0,0.0,0.0,0.0
gretel_bi_small,hard,0.8,PERSON,155,18,1.0,0.116,0.208
gretel_bi_small,hard,0.8,PHONE,23,23,0.826,0.826,0.826
gretel_bi_small,hard,0.8,URL,4,0,0.0,0.0,0.0
gretel_bi_small,sanctum,0.15,DATE_TIME,30,9,0.889,0.267,0.41
gretel_bi_small,sanctum,0.15,EMAIL,11,10,1.0,0.909,0.952
gretel_bi_small,sanctum,0.15,FINANCIAL,5,4,1.0,0.8,0.889
gretel_bi_small,sanctum,0.15,GOV_ID,3,2,1.0,0.667,0.8
gretel_bi_small,sanctum,0.15,IP,1,0,0.0,0.0,0.0
gretel_bi_small,sanctum,0.15,LOCATION,14,14,1.0,1.0,1.0
gretel_bi_small,sanctum,0.15,ORGANIZATION,31,22,1.0,0.71,0.83
gretel_bi_small,sanctum,0.15,PERSON,48,30,1.0,0.625,0.769
gretel_bi_small,sanctum,0.15,PHONE,9,10,0.9,1.0,0.947
gretel_bi_small,sanctum,0.15,URL,2,1,1.0,0.5,0.667
gretel_bi_small,sanctum,0.2,DATE_TIME,30,9,0.889,0.267,0.41
gretel_bi_small,sanctum,0.2,EMAIL,11,10,1.0,0.909,0.952
gretel_bi_small,sanctum,0.2,FINANCIAL,5,4,1.0,0.8,0.889
gretel_bi_small,sanctum,0.2,GOV_ID,3,1,1.0,0.333,0.5
gretel_bi_small,sanctum,0.2,IP,1,0,0.0,0.0,0.0
gretel_bi_small,sanctum,0.2,LOCATION,14,14,1.0,1.0,1.0
gretel_bi_small,sanctum,0.2,ORGANIZATION,31,22,1.0,0.71,0.83
gretel_bi_small,sanctum,0.2,PERSON,48,27,1.0,0.562,0.72
gretel_bi_small,sanctum,0.2,PHONE,9,10,0.9,1.0,0.947
gretel_bi_small,sanctum,0.2,URL,2,1,1.0,0.5,0.667
gretel_bi_small,sanctum,0.25,DATE_TIME,30,8,0.875,0.233,0.368
gretel_bi_small,sanctum,0.25,EMAIL,11,10,1.0,0.909,0.952
gretel_bi_small,sanctum,0.25,FINANCIAL,5,4,1.0,0.8,0.889
gretel_bi_small,sanctum,0.25,GOV_ID,3,1,1.0,0.333,0.5
gretel_bi_small,sanctum,0.25,IP,1,0,0.0,0.0,0.0
gretel_bi_small,sanctum,0.25,LOCATION,14,14,1.0,1.0,1.0
gretel_bi_small,sanctum,0.25,ORGANIZATION,31,20,1.0,0.645,0.784
gretel_bi_small,sanctum,0.25,PERSON,48,26,1.0,0.542,0.703
gretel_bi_small,sanctum,0.25,PHONE,9,9,1.0,1.0,1.0
gretel_bi_small,sanctum,0.25,URL,2,1,1.0,0.5,0.667
gretel_bi_small,sanctum,0.3,DATE_TIME,30,8,0.875,0.233,0.368
gretel_bi_small,sanctum,0.3,EMAIL,11,10,1.0,0.909,0.952
gretel_bi_small,sanctum,0.3,FINANCIAL,5,4,1.0,0.8,0.889
gretel_bi_small,sanctum,0.3,GOV_ID,3,1,1.0,0.333,0.5
gretel_bi_small,sanctum,0.3,IP,1,0,0.0,0.0,0.0
gretel_bi_small,sanctum,0.3,LOCATION,14,14,1.0,1.0,1.0
gretel_bi_small,sanctum,0.3,ORGANIZATION,31,19,1.0,0.613,0.76
gretel_bi_small,sanctum,0.3,PERSON,48,23,1.0,0.479,0.648
gretel_bi_small,sanctum,0.3,PHONE,9,9,1.0,1.0,1.0
gretel_bi_small,sanctum,0.3,URL,2,1,1.0,0.5,0.667
gretel_bi_small,sanctum,0.4,DATE_TIME,30,8,0.875,0.233,0.368
gretel_bi_small,sanctum,0.4,EMAIL,11,10,1.0,0.909,0.952
gretel_bi_small,sanctum,0.4,FINANCIAL,5,4,1.0,0.8,0.889
gretel_bi_small,sanctum,0.4,GOV_ID,3,1,1.0,0.333,0.5
gretel_bi_small,sanctum,0.4,IP,1,0,0.0,0.0,0.0
gretel_bi_small,sanctum,0.4,LOCATION,14,14,1.0,1.0,1.0
gretel_bi_small,sanctum,0.4,ORGANIZATION,31,17,1.0,0.548,0.708
gretel_bi_small,sanctum,0.4,PERSON,48,16,1.0,0.333,0.5
gretel_bi_small,sanctum,0.4,PHONE,9,9,1.0,1.0,1.0
gretel_bi_small,sanctum,0.4,URL,2,1,1.0,0.5,0.667
gretel_bi_small,sanctum,0.5,DATE_TIME,30,6,0.833,0.167,0.278
gretel_bi_small,sanctum,0.5,EMAIL,11,10,1.0,0.909,0.952
gretel_bi_small,sanctum,0.5,FINANCIAL,5,3,1.0,0.6,0.75
gretel_bi_small,sanctum,0.5,GOV_ID,3,1,1.0,0.333,0.5
gretel_bi_small,sanctum,0.5,IP,1,0,0.0,0.0,0.0
gretel_bi_small,sanctum,0.5,LOCATION,14,14,1.0,1.0,1.0
gretel_bi_small,sanctum,0.5,ORGANIZATION,31,13,1.0,0.419,0.591
gretel_bi_small,sanctum,0.5,PERSON,48,12,1.0,0.25,0.4
gretel_bi_small,sanctum,0.5,PHONE,9,9,1.0,1.0,1.0
gretel_bi_small,sanctum,0.5,URL,2,1,1.0,0.5,0.667
gretel_bi_small,sanctum,0.6,DATE_TIME,30,5,0.8,0.133,0.229
gretel_bi_small,sanctum,0.6,EMAIL,11,10,1.0,0.909,0.952
gretel_bi_small,sanctum,0.6,FINANCIAL,5,3,1.0,0.6,0.75
gretel_bi_small,sanctum,0.6,GOV_ID,3,1,1.0,0.333,0.5
gretel_bi_small,sanctum,0.6,IP,1,0,0.0,0.0,0.0
gretel_bi_small,sanctum,0.6,LOCATION,14,14,1.0,1.0,1.0
gretel_bi_small,sanctum,0.6,ORGANIZATION,31,10,1.0,0.323,0.488
gretel_bi_small,sanctum,0.6,PERSON,48,9,1.0,0.188,0.316
gretel_bi_small,sanctum,0.6,PHONE,9,9,1.0,1.0,1.0
gretel_bi_small,sanctum,0.6,URL,2,1,1.0,0.5,0.667
gretel_bi_small,sanctum,0.7,DATE_TIME,30,5,0.8,0.133,0.229
gretel_bi_small,sanctum,0.7,EMAIL,11,10,1.0,0.909,0.952
gretel_bi_small,sanctum,0.7,FINANCIAL,5,2,1.0,0.4,0.571
gretel_bi_small,sanctum,0.7,GOV_ID,3,1,1.0,0.333,0.5
gretel_bi_small,sanctum,0.7,IP,1,0,0.0,0.0,0.0
gretel_bi_small,sanctum,0.7,LOCATION,14,14,1.0,1.0,1.0
gretel_bi_small,sanctum,0.7,ORGANIZATION,31,6,1.0,0.194,0.324
gretel_bi_small,sanctum,0.7,PERSON,48,6,1.0,0.125,0.222
gretel_bi_small,sanctum,0.7,PHONE,9,9,1.0,1.0,1.0
gretel_bi_small,sanctum,0.7,URL,2,1,1.0,0.5,0.667
gretel_bi_small,sanctum,0.8,DATE_TIME,30,4,0.75,0.1,0.176
gretel_bi_small,sanctum,0.8,EMAIL,11,10,1.0,0.909,0.952
gretel_bi_small,sanctum,0.8,FINANCIAL,5,2,1.0,0.4,0.571
gretel_bi_small,sanctum,0.8,GOV_ID,3,1,1.0,0.333,0.5
gretel_bi_small,sanctum,0.8,IP,1,0,0.0,0.0,0.0
gretel_bi_small,sanctum,0.8,LOCATION,14,14,1.0,1.0,1.0
gretel_bi_small,sanctum,0.8,ORGANIZATION,31,2,1.0,0.065,0.121
gretel_bi_small,sanctum,0.8,PERSON,48,1,1.0,0.021,0.041
gretel_bi_small,sanctum,0.8,PHONE,9,9,1.0,1.0,1.0
gretel_bi_small,sanctum,0.8,URL,2,1,1.0,0.5,0.667
kg_pii_base,hard,0.15,DATE_TIME,85,85,0.918,0.918,0.918
kg_pii_base,hard,0.15,EMAIL,27,28,0.964,1.0,0.982
kg_pii_base,hard,0.15,FINANCIAL,19,47,0.383,0.947,0.545
kg_pii_base,hard,0.15,GOV_ID,40,42,0.69,0.725,0.707
kg_pii_base,hard,0.15,IP,3,6,0.5,1.0,0.667
kg_pii_base,hard,0.15,LOCATION,59,79,0.823,0.864,0.843
kg_pii_base,hard,0.15,ORGANIZATION,72,136,0.5,0.903,0.644
kg_pii_base,hard,0.15,PERSON,155,147,0.952,0.903,0.927
kg_pii_base,hard,0.15,PHONE,23,21,0.905,0.826,0.864
kg_pii_base,hard,0.15,URL,4,13,0.154,0.5,0.235
kg_pii_base,hard,0.2,DATE_TIME,85,79,0.924,0.859,0.89
kg_pii_base,hard,0.2,EMAIL,27,28,0.964,1.0,0.982
kg_pii_base,hard,0.2,FINANCIAL,19,41,0.439,0.947,0.6
kg_pii_base,hard,0.2,GOV_ID,40,40,0.725,0.725,0.725
kg_pii_base,hard,0.2,IP,3,6,0.5,1.0,0.667
kg_pii_base,hard,0.2,LOCATION,59,74,0.838,0.864,0.851
kg_pii_base,hard,0.2,ORGANIZATION,72,113,0.575,0.875,0.694
kg_pii_base,hard,0.2,PERSON,155,141,0.979,0.89,0.932
kg_pii_base,hard,0.2,PHONE,23,20,0.95,0.826,0.884
kg_pii_base,hard,0.2,URL,4,6,0.333,0.5,0.4
kg_pii_base,hard,0.25,DATE_TIME,85,75,0.92,0.812,0.862
kg_pii_base,hard,0.25,EMAIL,27,28,0.964,1.0,0.982
kg_pii_base,hard,0.25,FINANCIAL,19,37,0.486,0.947,0.643
kg_pii_base,hard,0.25,GOV_ID,40,34,0.735,0.625,0.676
kg_pii_base,hard,0.25,IP,3,6,0.5,1.0,0.667
kg_pii_base,hard,0.25,LOCATION,59,73,0.836,0.864,0.85
kg_pii_base,hard,0.25,ORGANIZATION,72,102,0.637,0.875,0.737
kg_pii_base,hard,0.25,PERSON,155,138,0.986,0.877,0.928
kg_pii_base,hard,0.25,PHONE,23,20,0.95,0.826,0.884
kg_pii_base,hard,0.25,URL,4,3,0.667,0.5,0.571
kg_pii_base,hard,0.3,DATE_TIME,85,75,0.92,0.812,0.862
kg_pii_base,hard,0.3,EMAIL,27,28,0.964,1.0,0.982
kg_pii_base,hard,0.3,FINANCIAL,19,32,0.562,0.947,0.706
kg_pii_base,hard,0.3,GOV_ID,40,30,0.767,0.575,0.657
kg_pii_base,hard,0.3,IP,3,5,0.6,1.0,0.75
kg_pii_base,hard,0.3,LOCATION,59,67,0.821,0.831,0.826
kg_pii_base,hard,0.3,ORGANIZATION,72,90,0.7,0.861,0.772
kg_pii_base,hard,0.3,PERSON,155,134,0.985,0.852,0.913
kg_pii_base,hard,0.3,PHONE,23,20,0.95,0.826,0.884
kg_pii_base,hard,0.3,URL,4,3,0.667,0.5,0.571
kg_pii_base,hard,0.4,DATE_TIME,85,66,0.924,0.718,0.808
kg_pii_base,hard,0.4,EMAIL,27,28,0.964,1.0,0.982
kg_pii_base,hard,0.4,FINANCIAL,19,22,0.591,0.684,0.634
kg_pii_base,hard,0.4,GOV_ID,40,24,0.792,0.475,0.594
kg_pii_base,hard,0.4,IP,3,4,0.75,1.0,0.857
kg_pii_base,hard,0.4,LOCATION,59,53,0.83,0.712,0.766
kg_pii_base,hard,0.4,ORGANIZATION,72,63,0.889,0.778,0.83
kg_pii_base,hard,0.4,PERSON,155,127,0.984,0.806,0.887
kg_pii_base,hard,0.4,PHONE,23,20,0.95,0.826,0.884
kg_pii_base,hard,0.4,URL,4,2,1.0,0.5,0.667
kg_pii_base,hard,0.5,DATE_TIME,85,45,0.933,0.494,0.646
kg_pii_base,hard,0.5,EMAIL,27,26,1.0,0.963,0.981
kg_pii_base,hard,0.5,FINANCIAL,19,15,0.8,0.632,0.706
kg_pii_base,hard,0.5,GOV_ID,40,19,0.789,0.375,0.508
kg_pii_base,hard,0.5,IP,3,4,0.75,1.0,0.857
kg_pii_base,hard,0.5,LOCATION,59,30,0.833,0.407,0.547
kg_pii_base,hard,0.5,ORGANIZATION,72,55,0.891,0.681,0.772
kg_pii_base,hard,0.5,PERSON,155,112,1.0,0.723,0.839
kg_pii_base,hard,0.5,PHONE,23,20,0.95,0.826,0.884
kg_pii_base,hard,0.5,URL,4,2,1.0,0.5,0.667
kg_pii_base,hard,0.6,DATE_TIME,85,27,0.926,0.294,0.446
kg_pii_base,hard,0.6,EMAIL,27,22,1.0,0.815,0.898
kg_pii_base,hard,0.6,FINANCIAL,19,12,0.833,0.526,0.645
kg_pii_base,hard,0.6,GOV_ID,40,16,0.875,0.35,0.5
kg_pii_base,hard,0.6,IP,3,4,0.75,1.0,0.857
kg_pii_base,hard,0.6,LOCATION,59,13,0.846,0.186,0.306
kg_pii_base,hard,0.6,ORGANIZATION,72,32,0.906,0.403,0.558
kg_pii_base,hard,0.6,PERSON,155,83,1.0,0.535,0.697
kg_pii_base,hard,0.6,PHONE,23,20,0.95,0.826,0.884
kg_pii_base,hard,0.6,URL,4,0,0.0,0.0,0.0
kg_pii_base,hard,0.7,DATE_TIME,85,19,1.0,0.224,0.365
kg_pii_base,hard,0.7,EMAIL,27,13,1.0,0.481,0.65
kg_pii_base,hard,0.7,FINANCIAL,19,8,0.875,0.368,0.519
kg_pii_base,hard,0.7,GOV_ID,40,11,0.909,0.25,0.392
kg_pii_base,hard,0.7,IP,3,3,1.0,1.0,1.0
kg_pii_base,hard,0.7,LOCATION,59,3,1.0,0.051,0.097
kg_pii_base,hard,0.7,ORGANIZATION,72,13,0.846,0.153,0.259
kg_pii_base,hard,0.7,PERSON,155,38,1.0,0.245,0.394
kg_pii_base,hard,0.7,PHONE,23,18,1.0,0.783,0.878
kg_pii_base,hard,0.7,URL,4,0,0.0,0.0,0.0
kg_pii_base,hard,0.8,DATE_TIME,85,10,1.0,0.118,0.211
kg_pii_base,hard,0.8,EMAIL,27,9,1.0,0.333,0.5
kg_pii_base,hard,0.8,FINANCIAL,19,4,1.0,0.211,0.348
kg_pii_base,hard,0.8,GOV_ID,40,8,1.0,0.2,0.333
kg_pii_base,hard,0.8,IP,3,2,1.0,0.667,0.8
kg_pii_base,hard,0.8,LOCATION,59,0,0.0,0.0,0.0
kg_pii_base,hard,0.8,ORGANIZATION,72,1,0.0,0.0,0.0
kg_pii_base,hard,0.8,PERSON,155,19,1.0,0.123,0.218
kg_pii_base,hard,0.8,PHONE,23,18,1.0,0.783,0.878
kg_pii_base,hard,0.8,URL,4,0,0.0,0.0,0.0
kg_pii_base,sanctum,0.15,DATE_TIME,30,39,0.769,1.0,0.87
kg_pii_base,sanctum,0.15,EMAIL,11,11,1.0,1.0,1.0
kg_pii_base,sanctum,0.15,FINANCIAL,5,11,0.455,1.0,0.625
kg_pii_base,sanctum,0.15,GOV_ID,3,9,0.333,1.0,0.5
kg_pii_base,sanctum,0.15,IP,1,1,1.0,1.0,1.0
kg_pii_base,sanctum,0.15,LOCATION,14,17,0.824,1.0,0.903
kg_pii_base,sanctum,0.15,ORGANIZATION,31,44,0.75,1.0,0.857
kg_pii_base,sanctum,0.15,PERSON,48,50,0.96,1.0,0.98
kg_pii_base,sanctum,0.15,PHONE,9,12,0.75,1.0,0.857
kg_pii_base,sanctum,0.15,URL,2,22,0.045,0.5,0.083
kg_pii_base,sanctum,0.2,DATE_TIME,30,36,0.833,1.0,0.909
kg_pii_base,sanctum,0.2,EMAIL,11,11,1.0,1.0,1.0
kg_pii_base,sanctum,0.2,FINANCIAL,5,9,0.556,1.0,0.714
kg_pii_base,sanctum,0.2,GOV_ID,3,6,0.5,1.0,0.667
kg_pii_base,sanctum,0.2,IP,1,1,1.0,1.0,1.0
kg_pii_base,sanctum,0.2,LOCATION,14,16,0.875,1.0,0.933
kg_pii_base,sanctum,0.2,ORGANIZATION,31,41,0.805,1.0,0.892
kg_pii_base,sanctum,0.2,PERSON,48,49,0.98,1.0,0.99
kg_pii_base,sanctum,0.2,PHONE,9,12,0.75,1.0,0.857
kg_pii_base,sanctum,0.2,URL,2,10,0.1,0.5,0.167
kg_pii_base,sanctum,0.25,DATE_TIME,30,32,0.875,0.933,0.903
kg_pii_base,sanctum,0.25,EMAIL,11,11,1.0,1.0,1.0
kg_pii_base,sanctum,0.25,FINANCIAL,5,8,0.625,1.0,0.769
kg_pii_base,sanctum,0.25,GOV_ID,3,4,0.75,1.0,0.857
kg_pii_base,sanctum,0.25,IP,1,1,1.0,1.0,1.0
kg_pii_base,sanctum,0.25,LOCATION,14,16,0.875,1.0,0.933
kg_pii_base,sanctum,0.25,ORGANIZATION,31,37,0.865,1.0,0.928
kg_pii_base,sanctum,0.25,PERSON,48,49,0.98,1.0,0.99
kg_pii_base,sanctum,0.25,PHONE,9,12,0.75,1.0,0.857
kg_pii_base,sanctum,0.25,URL,2,7,0.143,0.5,0.222
kg_pii_base,sanctum,0.3,DATE_TIME,30,30,0.933,0.933,0.933
kg_pii_base,sanctum,0.3,EMAIL,11,11,1.0,1.0,1.0
kg_pii_base,sanctum,0.3,FINANCIAL,5,7,0.714,1.0,0.833
kg_pii_base,sanctum,0.3,GOV_ID,3,4,0.75,1.0,0.857
kg_pii_base,sanctum,0.3,IP,1,1,1.0,1.0,1.0
kg_pii_base,sanctum,0.3,LOCATION,14,16,0.875,1.0,0.933
kg_pii_base,sanctum,0.3,ORGANIZATION,31,35,0.886,0.968,0.925
kg_pii_base,sanctum,0.3,PERSON,48,48,1.0,1.0,1.0
kg_pii_base,sanctum,0.3,PHONE,9,12,0.75,1.0,0.857
kg_pii_base,sanctum,0.3,URL,2,1,1.0,0.5,0.667
kg_pii_base,sanctum,0.4,DATE_TIME,30,26,0.923,0.8,0.857
kg_pii_base,sanctum,0.4,EMAIL,11,11,1.0,1.0,1.0
kg_pii_base,sanctum,0.4,FINANCIAL,5,7,0.714,1.0,0.833
kg_pii_base,sanctum,0.4,GOV_ID,3,3,1.0,1.0,1.0
kg_pii_base,sanctum,0.4,IP,1,1,1.0,1.0,1.0
kg_pii_base,sanctum,0.4,LOCATION,14,14,0.929,0.929,0.929
kg_pii_base,sanctum,0.4,ORGANIZATION,31,26,0.846,0.71,0.772
kg_pii_base,sanctum,0.4,PERSON,48,47,1.0,0.979,0.989
kg_pii_base,sanctum,0.4,PHONE,9,11,0.818,1.0,0.9
kg_pii_base,sanctum,0.4,URL,2,0,0.0,0.0,0.0
kg_pii_base,sanctum,0.5,DATE_TIME,30,19,0.947,0.6,0.735
kg_pii_base,sanctum,0.5,EMAIL,11,11,1.0,1.0,1.0
kg_pii_base,sanctum,0.5,FINANCIAL,5,5,0.8,0.8,0.8
kg_pii_base,sanctum,0.5,GOV_ID,3,3,1.0,1.0,1.0
kg_pii_base,sanctum,0.5,IP,1,1,1.0,1.0,1.0
kg_pii_base,sanctum,0.5,LOCATION,14,10,0.9,0.643,0.75
kg_pii_base,sanctum,0.5,ORGANIZATION,31,19,0.947,0.581,0.72
kg_pii_base,sanctum,0.5,PERSON,48,46,1.0,0.958,0.979
kg_pii_base,sanctum,0.5,PHONE,9,10,0.9,1.0,0.947
kg_pii_base,sanctum,0.5,URL,2,0,0.0,0.0,0.0
kg_pii_base,sanctum,0.6,DATE_TIME,30,11,0.909,0.333,0.488
kg_pii_base,sanctum,0.6,EMAIL,11,11,1.0,1.0,1.0
kg_pii_base,sanctum,0.6,FINANCIAL,5,4,1.0,0.8,0.889
kg_pii_base,sanctum,0.6,GOV_ID,3,3,1.0,1.0,1.0
kg_pii_base,sanctum,0.6,IP,1,1,1.0,1.0,1.0
kg_pii_base,sanctum,0.6,LOCATION,14,5,0.8,0.286,0.421
kg_pii_base,sanctum,0.6,ORGANIZATION,31,14,1.0,0.452,0.622
kg_pii_base,sanctum,0.6,PERSON,48,44,1.0,0.917,0.957
kg_pii_base,sanctum,0.6,PHONE,9,10,0.9,1.0,0.947
kg_pii_base,sanctum,0.6,URL,2,0,0.0,0.0,0.0
kg_pii_base,sanctum,0.7,DATE_TIME,30,6,0.833,0.167,0.278
kg_pii_base,sanctum,0.7,EMAIL,11,11,1.0,1.0,1.0
kg_pii_base,sanctum,0.7,FINANCIAL,5,4,1.0,0.8,0.889
kg_pii_base,sanctum,0.7,GOV_ID,3,3,1.0,1.0,1.0
kg_pii_base,sanctum,0.7,IP,1,1,1.0,1.0,1.0
kg_pii_base,sanctum,0.7,LOCATION,14,0,0.0,0.0,0.0
kg_pii_base,sanctum,0.7,ORGANIZATION,31,9,1.0,0.29,0.45
kg_pii_base,sanctum,0.7,PERSON,48,32,1.0,0.667,0.8
kg_pii_base,sanctum,0.7,PHONE,9,10,0.9,1.0,0.947
kg_pii_base,sanctum,0.7,URL,2,0,0.0,0.0,0.0
kg_pii_base,sanctum,0.8,DATE_TIME,30,5,1.0,0.167,0.286
kg_pii_base,sanctum,0.8,EMAIL,11,9,1.0,0.818,0.9
kg_pii_base,sanctum,0.8,FINANCIAL,5,3,1.0,0.6,0.75
kg_pii_base,sanctum,0.8,GOV_ID,3,3,1.0,1.0,1.0
kg_pii_base,sanctum,0.8,IP,1,1,1.0,1.0,1.0
kg_pii_base,sanctum,0.8,LOCATION,14,0,0.0,0.0,0.0
kg_pii_base,sanctum,0.8,ORGANIZATION,31,1,1.0,0.032,0.062
kg_pii_base,sanctum,0.8,PERSON,48,21,1.0,0.438,0.609
kg_pii_base,sanctum,0.8,PHONE,9,10,0.9,1.0,0.947
kg_pii_base,sanctum,0.8,URL,2,0,0.0,0.0,0.0
kg_pii_edge,hard,0.15,DATE_TIME,85,75,0.907,0.812,0.857
kg_pii_edge,hard,0.15,EMAIL,27,23,1.0,0.852,0.92
kg_pii_edge,hard,0.15,FINANCIAL,19,683,0.025,0.737,0.048
kg_pii_edge,hard,0.15,GOV_ID,40,81,0.346,0.7,0.463
kg_pii_edge,hard,0.15,IP,3,7,0.286,0.667,0.4
kg_pii_edge,hard,0.15,LOCATION,59,87,0.839,0.915,0.876
kg_pii_edge,hard,0.15,ORGANIZATION,72,182,0.357,0.819,0.497
kg_pii_edge,hard,0.15,PERSON,155,138,0.942,0.839,0.887
kg_pii_edge,hard,0.15,PHONE,23,27,0.741,0.87,0.8
kg_pii_edge,hard,0.15,URL,4,35,0.086,0.75,0.154
kg_pii_edge,hard,0.2,DATE_TIME,85,74,0.905,0.8,0.849
kg_pii_edge,hard,0.2,EMAIL,27,23,1.0,0.852,0.92
kg_pii_edge,hard,0.2,FINANCIAL,19,500,0.034,0.737,0.065
kg_pii_edge,hard,0.2,GOV_ID,40,72,0.389,0.7,0.5
kg_pii_edge,hard,0.2,IP,3,7,0.286,0.667,0.4
kg_pii_edge,hard,0.2,LOCATION,59,84,0.845,0.915,0.879
kg_pii_edge,hard,0.2,ORGANIZATION,72,167,0.389,0.819,0.528
kg_pii_edge,hard,0.2,PERSON,155,136,0.949,0.832,0.887
kg_pii_edge,hard,0.2,PHONE,23,27,0.741,0.87,0.8
kg_pii_edge,hard,0.2,URL,4,25,0.12,0.75,0.207
kg_pii_edge,hard,0.25,DATE_TIME,85,74,0.905,0.8,0.849
kg_pii_edge,hard,0.25,EMAIL,27,23,1.0,0.852,0.92
kg_pii_edge,hard,0.25,FINANCIAL,19,379,0.045,0.737,0.085
kg_pii_edge,hard,0.25,GOV_ID,40,60,0.467,0.7,0.56
kg_pii_edge,hard,0.25,IP,3,6,0.333,0.667,0.444
kg_pii_edge,hard,0.25,LOCATION,59,79,0.861,0.915,0.887
kg_pii_edge,hard,0.25,ORGANIZATION,72,149,0.423,0.819,0.558
kg_pii_edge,hard,0.25,PERSON,155,132,0.955,0.819,0.882
kg_pii_edge,hard,0.25,PHONE,23,27,0.741,0.87,0.8
kg_pii_edge,hard,0.25,URL,4,22,0.136,0.75,0.231
kg_pii_edge,hard,0.3,DATE_TIME,85,74,0.905,0.8,0.849
kg_pii_edge,hard,0.3,EMAIL,27,23,1.0,0.852,0.92
kg_pii_edge,hard,0.3,FINANCIAL,19,272,0.062,0.737,0.115
kg_pii_edge,hard,0.3,GOV_ID,40,57,0.491,0.7,0.577
kg_pii_edge,hard,0.3,IP,3,5,0.4,0.667,0.5
kg_pii_edge,hard,0.3,LOCATION,59,73,0.863,0.915,0.888
kg_pii_edge,hard,0.3,ORGANIZATION,72,126,0.492,0.819,0.615
kg_pii_edge,hard,0.3,PERSON,155,130,0.962,0.813,0.881
kg_pii_edge,hard,0.3,PHONE,23,27,0.741,0.87,0.8
kg_pii_edge,hard,0.3,URL,4,18,0.167,0.75,0.273
kg_pii_edge,hard,0.4,DATE_TIME,85,70,0.929,0.776,0.846
kg_pii_edge,hard,0.4,EMAIL,27,23,1.0,0.852,0.92
kg_pii_edge,hard,0.4,FINANCIAL,19,84,0.143,0.632,0.233
kg_pii_edge,hard,0.4,GOV_ID,40,41,0.561,0.575,0.568
kg_pii_edge,hard,0.4,IP,3,3,0.667,0.667,0.667
kg_pii_edge,hard,0.4,LOCATION,59,56,0.893,0.797,0.842
kg_pii_edge,hard,0.4,ORGANIZATION,72,89,0.596,0.736,0.658
kg_pii_edge,hard,0.4,PERSON,155,123,0.967,0.774,0.86
kg_pii_edge,hard,0.4,PHONE,23,27,0.741,0.87,0.8
kg_pii_edge,hard,0.4,URL,4,9,0.222,0.5,0.308
kg_pii_edge,hard,0.5,DATE_TIME,85,64,0.922,0.706,0.8
kg_pii_edge,hard,0.5,EMAIL,27,22,1.0,0.815,0.898
kg_pii_edge,hard,0.5,FINANCIAL,19,12,0.5,0.316,0.387
kg_pii_edge,hard,0.5,GOV_ID,40,22,0.727,0.4,0.516
kg_pii_edge,hard,0.5,IP,3,3,0.667,0.667,0.667
kg_pii_edge,hard,0.5,LOCATION,59,48,0.875,0.678,0.764
kg_pii_edge,hard,0.5,ORGANIZATION,72,54,0.778,0.583,0.667
kg_pii_edge,hard,0.5,PERSON,155,101,0.97,0.639,0.77
kg_pii_edge,hard,0.5,PHONE,23,24,0.792,0.826,0.809
kg_pii_edge,hard,0.5,URL,4,4,0.5,0.5,0.5
kg_pii_edge,hard,0.6,DATE_TIME,85,39,0.949,0.435,0.597
kg_pii_edge,hard,0.6,EMAIL,27,18,1.0,0.667,0.8
kg_pii_edge,hard,0.6,FINANCIAL,19,4,1.0,0.211,0.348
kg_pii_edge,hard,0.6,GOV_ID,40,11,0.727,0.2,0.314
kg_pii_edge,hard,0.6,IP,3,1,1.0,0.333,0.5
kg_pii_edge,hard,0.6,LOCATION,59,26,0.962,0.424,0.588
kg_pii_edge,hard,0.6,ORGANIZATION,72,23,0.913,0.292,0.442
kg_pii_edge,hard,0.6,PERSON,155,65,0.969,0.413,0.579
kg_pii_edge,hard,0.6,PHONE,23,20,0.9,0.783,0.837
kg_pii_edge,hard,0.6,URL,4,3,0.333,0.25,0.286
kg_pii_edge,hard,0.7,DATE_TIME,85,24,0.958,0.271,0.422
kg_pii_edge,hard,0.7,EMAIL,27,8,1.0,0.296,0.457
kg_pii_edge,hard,0.7,FINANCIAL,19,1,1.0,0.053,0.1
kg_pii_edge,hard,0.7,GOV_ID,40,3,1.0,0.075,0.14
kg_pii_edge,hard,0.7,IP,3,1,1.0,0.333,0.5
kg_pii_edge,hard,0.7,LOCATION,59,6,1.0,0.102,0.185
kg_pii_edge,hard,0.7,ORGANIZATION,72,8,1.0,0.111,0.2
kg_pii_edge,hard,0.7,PERSON,155,38,0.974,0.245,0.392
kg_pii_edge,hard,0.7,PHONE,23,17,1.0,0.739,0.85
kg_pii_edge,hard,0.7,URL,4,0,0.0,0.0,0.0
kg_pii_edge,hard,0.8,DATE_TIME,85,9,0.889,0.094,0.17
kg_pii_edge,hard,0.8,EMAIL,27,1,1.0,0.037,0.071
kg_pii_edge,hard,0.8,FINANCIAL,19,0,0.0,0.0,0.0
kg_pii_edge,hard,0.8,GOV_ID,40,3,1.0,0.075,0.14
kg_pii_edge,hard,0.8,IP,3,1,1.0,0.333,0.5
kg_pii_edge,hard,0.8,LOCATION,59,1,1.0,0.017,0.033
kg_pii_edge,hard,0.8,ORGANIZATION,72,0,0.0,0.0,0.0
kg_pii_edge,hard,0.8,PERSON,155,7,1.0,0.045,0.086
kg_pii_edge,hard,0.8,PHONE,23,14,1.0,0.609,0.757
kg_pii_edge,hard,0.8,URL,4,0,0.0,0.0,0.0
kg_pii_edge,sanctum,0.15,DATE_TIME,30,28,0.929,0.867,0.897
kg_pii_edge,sanctum,0.15,EMAIL,11,6,1.0,0.545,0.706
kg_pii_edge,sanctum,0.15,FINANCIAL,5,374,0.011,0.8,0.021
kg_pii_edge,sanctum,0.15,GOV_ID,3,17,0.176,1.0,0.3
kg_pii_edge,sanctum,0.15,IP,1,4,0.25,1.0,0.4
kg_pii_edge,sanctum,0.15,LOCATION,14,20,0.8,1.0,0.889
kg_pii_edge,sanctum,0.15,ORGANIZATION,31,79,0.342,0.839,0.486
kg_pii_edge,sanctum,0.15,PERSON,48,50,0.92,0.958,0.939
kg_pii_edge,sanctum,0.15,PHONE,9,11,0.818,1.0,0.9
kg_pii_edge,sanctum,0.15,URL,2,42,0.119,1.0,0.213
kg_pii_edge,sanctum,0.2,DATE_TIME,30,27,0.926,0.833,0.877
kg_pii_edge,sanctum,0.2,EMAIL,11,6,1.0,0.545,0.706
kg_pii_edge,sanctum,0.2,FINANCIAL,5,254,0.016,0.8,0.031
kg_pii_edge,sanctum,0.2,GOV_ID,3,16,0.188,1.0,0.316
kg_pii_edge,sanctum,0.2,IP,1,4,0.25,1.0,0.4
kg_pii_edge,sanctum,0.2,LOCATION,14,20,0.8,1.0,0.889
kg_pii_edge,sanctum,0.2,ORGANIZATION,31,71,0.38,0.839,0.523
kg_pii_edge,sanctum,0.2,PERSON,48,50,0.92,0.958,0.939
kg_pii_edge,sanctum,0.2,PHONE,9,11,0.818,1.0,0.9
kg_pii_edge,sanctum,0.2,URL,2,30,0.167,1.0,0.286
kg_pii_edge,sanctum,0.25,DATE_TIME,30,27,0.926,0.833,0.877
kg_pii_edge,sanctum,0.25,EMAIL,11,6,1.0,0.545,0.706
kg_pii_edge,sanctum,0.25,FINANCIAL,5,173,0.023,0.8,0.045
kg_pii_edge,sanctum,0.25,GOV_ID,3,14,0.214,1.0,0.353
kg_pii_edge,sanctum,0.25,IP,1,4,0.25,1.0,0.4
kg_pii_edge,sanctum,0.25,LOCATION,14,19,0.842,1.0,0.914
kg_pii_edge,sanctum,0.25,ORGANIZATION,31,58,0.466,0.839,0.599
kg_pii_edge,sanctum,0.25,PERSON,48,50,0.92,0.958,0.939
kg_pii_edge,sanctum,0.25,PHONE,9,11,0.818,1.0,0.9
kg_pii_edge,sanctum,0.25,URL,2,22,0.227,1.0,0.37
kg_pii_edge,sanctum,0.3,DATE_TIME,30,27,0.926,0.833,0.877
kg_pii_edge,sanctum,0.3,EMAIL,11,6,1.0,0.545,0.706
kg_pii_edge,sanctum,0.3,FINANCIAL,5,115,0.035,0.8,0.067
kg_pii_edge,sanctum,0.3,GOV_ID,3,10,0.3,1.0,0.462
kg_pii_edge,sanctum,0.3,IP,1,4,0.25,1.0,0.4
kg_pii_edge,sanctum,0.3,LOCATION,14,16,0.875,1.0,0.933
kg_pii_edge,sanctum,0.3,ORGANIZATION,31,48,0.562,0.839,0.673
kg_pii_edge,sanctum,0.3,PERSON,48,50,0.92,0.958,0.939
kg_pii_edge,sanctum,0.3,PHONE,9,11,0.818,1.0,0.9
kg_pii_edge,sanctum,0.3,URL,2,16,0.312,1.0,0.476
kg_pii_edge,sanctum,0.4,DATE_TIME,30,26,0.923,0.8,0.857
kg_pii_edge,sanctum,0.4,EMAIL,11,6,1.0,0.545,0.706
kg_pii_edge,sanctum,0.4,FINANCIAL,5,25,0.12,0.6,0.2
kg_pii_edge,sanctum,0.4,GOV_ID,3,7,0.429,1.0,0.6
kg_pii_edge,sanctum,0.4,IP,1,2,0.5,1.0,0.667
kg_pii_edge,sanctum,0.4,LOCATION,14,16,0.875,1.0,0.933
kg_pii_edge,sanctum,0.4,ORGANIZATION,31,34,0.647,0.71,0.677
kg_pii_edge,sanctum,0.4,PERSON,48,46,1.0,0.958,0.979
kg_pii_edge,sanctum,0.4,PHONE,9,10,0.9,1.0,0.947
kg_pii_edge,sanctum,0.4,URL,2,9,0.222,1.0,0.364
kg_pii_edge,sanctum,0.5,DATE_TIME,30,21,0.952,0.667,0.784
kg_pii_edge,sanctum,0.5,EMAIL,11,6,1.0,0.545,0.706
kg_pii_edge,sanctum,0.5,FINANCIAL,5,4,0.5,0.4,0.444
kg_pii_edge,sanctum,0.5,GOV_ID,3,4,0.75,1.0,0.857
kg_pii_edge,sanctum,0.5,IP,1,1,1.0,1.0,1.0
kg_pii_edge,sanctum,0.5,LOCATION,14,15,0.933,1.0,0.966
kg_pii_edge,sanctum,0.5,ORGANIZATION,31,18,0.833,0.484,0.612
kg_pii_edge,sanctum,0.5,PERSON,48,43,1.0,0.896,0.945
kg_pii_edge,sanctum,0.5,PHONE,9,10,0.9,1.0,0.947
kg_pii_edge,sanctum,0.5,URL,2,7,0.286,1.0,0.444
kg_pii_edge,sanctum,0.6,DATE_TIME,30,14,0.929,0.433,0.591
kg_pii_edge,sanctum,0.6,EMAIL,11,5,1.0,0.455,0.625
kg_pii_edge,sanctum,0.6,FINANCIAL,5,1,1.0,0.2,0.333
kg_pii_edge,sanctum,0.6,GOV_ID,3,4,0.75,1.0,0.857
kg_pii_edge,sanctum,0.6,IP,1,1,1.0,1.0,1.0
kg_pii_edge,sanctum,0.6,LOCATION,14,11,0.909,0.714,0.8
kg_pii_edge,sanctum,0.6,ORGANIZATION,31,9,0.889,0.258,0.4
kg_pii_edge,sanctum,0.6,PERSON,48,38,1.0,0.792,0.884
kg_pii_edge,sanctum,0.6,PHONE,9,10,0.9,1.0,0.947
kg_pii_edge,sanctum,0.6,URL,2,2,0.0,0.0,0.0
kg_pii_edge,sanctum,0.7,DATE_TIME,30,9,0.889,0.267,0.41
kg_pii_edge,sanctum,0.7,EMAIL,11,3,1.0,0.273,0.429
kg_pii_edge,sanctum,0.7,FINANCIAL,5,1,1.0,0.2,0.333
kg_pii_edge,sanctum,0.7,GOV_ID,3,3,1.0,1.0,1.0
kg_pii_edge,sanctum,0.7,IP,1,1,1.0,1.0,1.0
kg_pii_edge,sanctum,0.7,LOCATION,14,1,0.0,0.0,0.0
kg_pii_edge,sanctum,0.7,ORGANIZATION,31,3,1.0,0.097,0.176
kg_pii_edge,sanctum,0.7,PERSON,48,26,1.0,0.542,0.703
kg_pii_edge,sanctum,0.7,PHONE,9,8,0.875,0.778,0.824
kg_pii_edge,sanctum,0.7,URL,2,0,0.0,0.0,0.0
kg_pii_edge,sanctum,0.8,DATE_TIME,30,4,1.0,0.133,0.235
kg_pii_edge,sanctum,0.8,EMAIL,11,2,1.0,0.182,0.308
kg_pii_edge,sanctum,0.8,FINANCIAL,5,1,1.0,0.2,0.333
kg_pii_edge,sanctum,0.8,GOV_ID,3,2,1.0,0.667,0.8
kg_pii_edge,sanctum,0.8,IP,1,1,1.0,1.0,1.0
kg_pii_edge,sanctum,0.8,LOCATION,14,0,0.0,0.0,0.0
kg_pii_edge,sanctum,0.8,ORGANIZATION,31,1,1.0,0.032,0.062
kg_pii_edge,sanctum,0.8,PERSON,48,5,1.0,0.104,0.189
kg_pii_edge,sanctum,0.8,PHONE,9,8,0.875,0.778,0.824
kg_pii_edge,sanctum,0.8,URL,2,0,0.0,0.0,0.0
kg_pii_edge_onnx_q8,hard,0.15,DATE_TIME,85,79,0.797,0.765,0.781
kg_pii_edge_onnx_q8,hard,0.15,EMAIL,27,11,1.0,0.407,0.579
kg_pii_edge_onnx_q8,hard,0.15,FINANCIAL,19,144,0.167,0.684,0.268
kg_pii_edge_onnx_q8,hard,0.15,GOV_ID,40,84,0.286,0.6,0.387
kg_pii_edge_onnx_q8,hard,0.15,IP,3,14,0.143,0.667,0.235
kg_pii_edge_onnx_q8,hard,0.15,LOCATION,59,205,0.556,0.915,0.692
kg_pii_edge_onnx_q8,hard,0.15,ORGANIZATION,72,258,0.252,0.819,0.385
kg_pii_edge_onnx_q8,hard,0.15,PERSON,155,152,0.816,0.794,0.805
kg_pii_edge_onnx_q8,hard,0.15,PHONE,23,9,1.0,0.391,0.562
kg_pii_edge_onnx_q8,hard,0.15,URL,4,165,0.03,0.75,0.058
kg_pii_edge_onnx_q8,hard,0.2,DATE_TIME,85,66,0.803,0.647,0.717
kg_pii_edge_onnx_q8,hard,0.2,EMAIL,27,11,1.0,0.407,0.579
kg_pii_edge_onnx_q8,hard,0.2,FINANCIAL,19,84,0.274,0.684,0.391
kg_pii_edge_onnx_q8,hard,0.2,GOV_ID,40,69,0.348,0.6,0.44
kg_pii_edge_onnx_q8,hard,0.2,IP,3,14,0.143,0.667,0.235
kg_pii_edge_onnx_q8,hard,0.2,LOCATION,59,166,0.639,0.915,0.752
kg_pii_edge_onnx_q8,hard,0.2,ORGANIZATION,72,201,0.303,0.806,0.441
kg_pii_edge_onnx_q8,hard,0.2,PERSON,155,144,0.847,0.781,0.813
kg_pii_edge_onnx_q8,hard,0.2,PHONE,23,9,1.0,0.391,0.562
kg_pii_edge_onnx_q8,hard,0.2,URL,4,111,0.045,0.75,0.085
kg_pii_edge_onnx_q8,hard,0.25,DATE_TIME,85,53,0.83,0.541,0.655
kg_pii_edge_onnx_q8,hard,0.25,EMAIL,27,11,1.0,0.407,0.579
kg_pii_edge_onnx_q8,hard,0.25,FINANCIAL,19,54,0.333,0.632,0.436
kg_pii_edge_onnx_q8,hard,0.25,GOV_ID,40,50,0.4,0.5,0.444
kg_pii_edge_onnx_q8,hard,0.25,IP,3,13,0.077,0.333,0.125
kg_pii_edge_onnx_q8,hard,0.25,LOCATION,59,140,0.693,0.898,0.782
kg_pii_edge_onnx_q8,hard,0.25,ORGANIZATION,72,154,0.383,0.792,0.516
kg_pii_edge_onnx_q8,hard,0.25,PERSON,155,134,0.881,0.761,0.817
kg_pii_edge_onnx_q8,hard,0.25,PHONE,23,8,1.0,0.348,0.516
kg_pii_edge_onnx_q8,hard,0.25,URL,4,61,0.082,0.75,0.148
kg_pii_edge_onnx_q8,hard,0.3,DATE_TIME,85,41,0.854,0.435,0.577
kg_pii_edge_onnx_q8,hard,0.3,EMAIL,27,9,1.0,0.333,0.5
kg_pii_edge_onnx_q8,hard,0.3,FINANCIAL,19,31,0.419,0.579,0.486
kg_pii_edge_onnx_q8,hard,0.3,GOV_ID,40,40,0.425,0.425,0.425
kg_pii_edge_onnx_q8,hard,0.3,IP,3,11,0.091,0.333,0.143
kg_pii_edge_onnx_q8,hard,0.3,LOCATION,59,108,0.722,0.864,0.787
kg_pii_edge_onnx_q8,hard,0.3,ORGANIZATION,72,114,0.456,0.722,0.559
kg_pii_edge_onnx_q8,hard,0.3,PERSON,155,105,0.933,0.639,0.758
kg_pii_edge_onnx_q8,hard,0.3,PHONE,23,8,1.0,0.348,0.516
kg_pii_edge_onnx_q8,hard,0.3,URL,4,36,0.139,0.75,0.234
kg_pii_edge_onnx_q8,hard,0.4,DATE_TIME,85,28,0.893,0.306,0.456
kg_pii_edge_onnx_q8,hard,0.4,EMAIL,27,8,1.0,0.296,0.457
kg_pii_edge_onnx_q8,hard,0.4,FINANCIAL,19,9,0.444,0.211,0.286
kg_pii_edge_onnx_q8,hard,0.4,GOV_ID,40,23,0.522,0.3,0.381
kg_pii_edge_onnx_q8,hard,0.4,IP,3,4,0.0,0.0,0.0
kg_pii_edge_onnx_q8,hard,0.4,LOCATION,59,52,0.808,0.627,0.706
kg_pii_edge_onnx_q8,hard,0.4,ORGANIZATION,72,46,0.565,0.375,0.451
kg_pii_edge_onnx_q8,hard,0.4,PERSON,155,72,0.986,0.465,0.632
kg_pii_edge_onnx_q8,hard,0.4,PHONE,23,7,1.0,0.304,0.467
kg_pii_edge_onnx_q8,hard,0.4,URL,4,6,0.333,0.5,0.4
kg_pii_edge_onnx_q8,hard,0.5,DATE_TIME,85,15,0.933,0.165,0.28
kg_pii_edge_onnx_q8,hard,0.5,EMAIL,27,4,1.0,0.148,0.258
kg_pii_edge_onnx_q8,hard,0.5,FINANCIAL,19,2,0.0,0.0,0.0
kg_pii_edge_onnx_q8,hard,0.5,GOV_ID,40,7,0.571,0.1,0.17
kg_pii_edge_onnx_q8,hard,0.5,IP,3,0,0.0,0.0,0.0
kg_pii_edge_onnx_q8,hard,0.5,LOCATION,59,13,0.923,0.203,0.333
kg_pii_edge_onnx_q8,hard,0.5,ORGANIZATION,72,7,0.857,0.083,0.152
kg_pii_edge_onnx_q8,hard,0.5,PERSON,155,47,0.979,0.303,0.463
kg_pii_edge_onnx_q8,hard,0.5,PHONE,23,5,1.0,0.217,0.357
kg_pii_edge_onnx_q8,hard,0.5,URL,4,1,1.0,0.25,0.4
kg_pii_edge_onnx_q8,hard,0.6,DATE_TIME,85,5,0.8,0.047,0.089
kg_pii_edge_onnx_q8,hard,0.6,EMAIL,27,1,1.0,0.037,0.071
kg_pii_edge_onnx_q8,hard,0.6,FINANCIAL,19,0,0.0,0.0,0.0
kg_pii_edge_onnx_q8,hard,0.6,GOV_ID,40,1,1.0,0.025,0.049
kg_pii_edge_onnx_q8,hard,0.6,IP,3,0,0.0,0.0,0.0
kg_pii_edge_onnx_q8,hard,0.6,LOCATION,59,1,1.0,0.017,0.033
kg_pii_edge_onnx_q8,hard,0.6,ORGANIZATION,72,1,1.0,0.014,0.027
kg_pii_edge_onnx_q8,hard,0.6,PERSON,155,18,0.944,0.11,0.197
kg_pii_edge_onnx_q8,hard,0.6,PHONE,23,1,1.0,0.043,0.083
kg_pii_edge_onnx_q8,hard,0.6,URL,4,0,0.0,0.0,0.0
kg_pii_edge_onnx_q8,hard,0.7,DATE_TIME,85,2,0.5,0.012,0.023
kg_pii_edge_onnx_q8,hard,0.7,EMAIL,27,0,0.0,0.0,0.0
kg_pii_edge_onnx_q8,hard,0.7,FINANCIAL,19,0,0.0,0.0,0.0
kg_pii_edge_onnx_q8,hard,0.7,GOV_ID,40,0,0.0,0.0,0.0
kg_pii_edge_onnx_q8,hard,0.7,IP,3,0,0.0,0.0,0.0
kg_pii_edge_onnx_q8,hard,0.7,LOCATION,59,1,1.0,0.017,0.033
kg_pii_edge_onnx_q8,hard,0.7,ORGANIZATION,72,0,0.0,0.0,0.0
kg_pii_edge_onnx_q8,hard,0.7,PERSON,155,5,1.0,0.032,0.062
kg_pii_edge_onnx_q8,hard,0.7,PHONE,23,0,0.0,0.0,0.0
kg_pii_edge_onnx_q8,hard,0.7,URL,4,0,0.0,0.0,0.0
kg_pii_edge_onnx_q8,hard,0.8,DATE_TIME,85,1,0.0,0.0,0.0
kg_pii_edge_onnx_q8,hard,0.8,EMAIL,27,0,0.0,0.0,0.0
kg_pii_edge_onnx_q8,hard,0.8,FINANCIAL,19,0,0.0,0.0,0.0
kg_pii_edge_onnx_q8,hard,0.8,GOV_ID,40,0,0.0,0.0,0.0
kg_pii_edge_onnx_q8,hard,0.8,IP,3,0,0.0,0.0,0.0
kg_pii_edge_onnx_q8,hard,0.8,LOCATION,59,0,0.0,0.0,0.0
kg_pii_edge_onnx_q8,hard,0.8,ORGANIZATION,72,0,0.0,0.0,0.0
kg_pii_edge_onnx_q8,hard,0.8,PERSON,155,0,0.0,0.0,0.0
kg_pii_edge_onnx_q8,hard,0.8,PHONE,23,0,0.0,0.0,0.0
kg_pii_edge_onnx_q8,hard,0.8,URL,4,0,0.0,0.0,0.0
kg_pii_edge_onnx_q8,sanctum,0.15,DATE_TIME,30,29,0.828,0.8,0.814
kg_pii_edge_onnx_q8,sanctum,0.15,EMAIL,11,3,1.0,0.273,0.429
kg_pii_edge_onnx_q8,sanctum,0.15,FINANCIAL,5,53,0.057,0.6,0.103
kg_pii_edge_onnx_q8,sanctum,0.15,GOV_ID,3,37,0.081,1.0,0.15
kg_pii_edge_onnx_q8,sanctum,0.15,IP,1,9,0.0,0.0,0.0
kg_pii_edge_onnx_q8,sanctum,0.15,LOCATION,14,48,0.75,0.929,0.83
kg_pii_edge_onnx_q8,sanctum,0.15,ORGANIZATION,31,109,0.202,0.581,0.3
kg_pii_edge_onnx_q8,sanctum,0.15,PERSON,48,61,0.705,0.896,0.789
kg_pii_edge_onnx_q8,sanctum,0.15,PHONE,9,8,0.75,0.556,0.638
kg_pii_edge_onnx_q8,sanctum,0.15,URL,2,60,0.067,1.0,0.125
kg_pii_edge_onnx_q8,sanctum,0.2,DATE_TIME,30,21,0.81,0.567,0.667
kg_pii_edge_onnx_q8,sanctum,0.2,EMAIL,11,3,1.0,0.273,0.429
kg_pii_edge_onnx_q8,sanctum,0.2,FINANCIAL,5,33,0.091,0.6,0.158
kg_pii_edge_onnx_q8,sanctum,0.2,GOV_ID,3,25,0.12,1.0,0.214
kg_pii_edge_onnx_q8,sanctum,0.2,IP,1,8,0.0,0.0,0.0
kg_pii_edge_onnx_q8,sanctum,0.2,LOCATION,14,40,0.85,0.929,0.888
kg_pii_edge_onnx_q8,sanctum,0.2,ORGANIZATION,31,79,0.241,0.516,0.328
kg_pii_edge_onnx_q8,sanctum,0.2,PERSON,48,58,0.741,0.896,0.811
kg_pii_edge_onnx_q8,sanctum,0.2,PHONE,9,8,0.75,0.556,0.638
kg_pii_edge_onnx_q8,sanctum,0.2,URL,2,42,0.095,1.0,0.174
kg_pii_edge_onnx_q8,sanctum,0.25,DATE_TIME,30,16,0.75,0.4,0.522
kg_pii_edge_onnx_q8,sanctum,0.25,EMAIL,11,1,1.0,0.091,0.167
kg_pii_edge_onnx_q8,sanctum,0.25,FINANCIAL,5,17,0.176,0.6,0.273
kg_pii_edge_onnx_q8,sanctum,0.25,GOV_ID,3,17,0.176,1.0,0.3
kg_pii_edge_onnx_q8,sanctum,0.25,IP,1,7,0.0,0.0,0.0
kg_pii_edge_onnx_q8,sanctum,0.25,LOCATION,14,37,0.865,0.929,0.896
kg_pii_edge_onnx_q8,sanctum,0.25,ORGANIZATION,31,51,0.333,0.484,0.395
kg_pii_edge_onnx_q8,sanctum,0.25,PERSON,48,58,0.741,0.896,0.811
kg_pii_edge_onnx_q8,sanctum,0.25,PHONE,9,7,0.857,0.556,0.674
kg_pii_edge_onnx_q8,sanctum,0.25,URL,2,30,0.033,0.5,0.062
kg_pii_edge_onnx_q8,sanctum,0.3,DATE_TIME,30,14,0.786,0.367,0.5
kg_pii_edge_onnx_q8,sanctum,0.3,EMAIL,11,1,1.0,0.091,0.167
kg_pii_edge_onnx_q8,sanctum,0.3,FINANCIAL,5,10,0.2,0.4,0.267
kg_pii_edge_onnx_q8,sanctum,0.3,GOV_ID,3,11,0.273,1.0,0.429
kg_pii_edge_onnx_q8,sanctum,0.3,IP,1,3,0.0,0.0,0.0
kg_pii_edge_onnx_q8,sanctum,0.3,LOCATION,14,31,0.903,0.929,0.916
kg_pii_edge_onnx_q8,sanctum,0.3,ORGANIZATION,31,40,0.375,0.419,0.396
kg_pii_edge_onnx_q8,sanctum,0.3,PERSON,48,51,0.824,0.875,0.848
kg_pii_edge_onnx_q8,sanctum,0.3,PHONE,9,7,0.857,0.556,0.674
kg_pii_edge_onnx_q8,sanctum,0.3,URL,2,16,0.062,0.5,0.111
kg_pii_edge_onnx_q8,sanctum,0.4,DATE_TIME,30,6,0.833,0.167,0.278
kg_pii_edge_onnx_q8,sanctum,0.4,EMAIL,11,1,1.0,0.091,0.167
kg_pii_edge_onnx_q8,sanctum,0.4,FINANCIAL,5,4,0.5,0.4,0.444
kg_pii_edge_onnx_q8,sanctum,0.4,GOV_ID,3,4,0.75,1.0,0.857
kg_pii_edge_onnx_q8,sanctum,0.4,IP,1,3,0.0,0.0,0.0
kg_pii_edge_onnx_q8,sanctum,0.4,LOCATION,14,19,0.842,0.714,0.773
kg_pii_edge_onnx_q8,sanctum,0.4,ORGANIZATION,31,16,0.438,0.226,0.298
kg_pii_edge_onnx_q8,sanctum,0.4,PERSON,48,34,0.941,0.667,0.78
kg_pii_edge_onnx_q8,sanctum,0.4,PHONE,9,6,0.833,0.444,0.58
kg_pii_edge_onnx_q8,sanctum,0.4,URL,2,2,0.0,0.0,0.0
kg_pii_edge_onnx_q8,sanctum,0.5,DATE_TIME,30,3,0.667,0.067,0.121
kg_pii_edge_onnx_q8,sanctum,0.5,EMAIL,11,1,1.0,0.091,0.167
kg_pii_edge_onnx_q8,sanctum,0.5,FINANCIAL,5,0,0.0,0.0,0.0
kg_pii_edge_onnx_q8,sanctum,0.5,GOV_ID,3,2,0.5,0.333,0.4
kg_pii_edge_onnx_q8,sanctum,0.5,IP,1,1,0.0,0.0,0.0
kg_pii_edge_onnx_q8,sanctum,0.5,LOCATION,14,8,0.875,0.5,0.636
kg_pii_edge_onnx_q8,sanctum,0.5,ORGANIZATION,31,4,1.0,0.129,0.229
kg_pii_edge_onnx_q8,sanctum,0.5,PERSON,48,25,1.0,0.521,0.685
kg_pii_edge_onnx_q8,sanctum,0.5,PHONE,9,3,0.667,0.222,0.333
kg_pii_edge_onnx_q8,sanctum,0.5,URL,2,0,0.0,0.0,0.0
kg_pii_edge_onnx_q8,sanctum,0.6,DATE_TIME,30,2,1.0,0.067,0.125
kg_pii_edge_onnx_q8,sanctum,0.6,EMAIL,11,0,0.0,0.0,0.0
kg_pii_edge_onnx_q8,sanctum,0.6,FINANCIAL,5,0,0.0,0.0,0.0
kg_pii_edge_onnx_q8,sanctum,0.6,GOV_ID,3,1,1.0,0.333,0.5
kg_pii_edge_onnx_q8,sanctum,0.6,IP,1,0,0.0,0.0,0.0
kg_pii_edge_onnx_q8,sanctum,0.6,LOCATION,14,1,0.0,0.0,0.0
kg_pii_edge_onnx_q8,sanctum,0.6,ORGANIZATION,31,1,1.0,0.032,0.062
kg_pii_edge_onnx_q8,sanctum,0.6,PERSON,48,12,1.0,0.25,0.4
kg_pii_edge_onnx_q8,sanctum,0.6,PHONE,9,2,1.0,0.222,0.364
kg_pii_edge_onnx_q8,sanctum,0.6,URL,2,0,0.0,0.0,0.0
kg_pii_edge_onnx_q8,sanctum,0.7,DATE_TIME,30,2,1.0,0.067,0.125
kg_pii_edge_onnx_q8,sanctum,0.7,EMAIL,11,0,0.0,0.0,0.0
kg_pii_edge_onnx_q8,sanctum,0.7,FINANCIAL,5,0,0.0,0.0,0.0
kg_pii_edge_onnx_q8,sanctum,0.7,GOV_ID,3,0,0.0,0.0,0.0
kg_pii_edge_onnx_q8,sanctum,0.7,IP,1,0,0.0,0.0,0.0
kg_pii_edge_onnx_q8,sanctum,0.7,LOCATION,14,0,0.0,0.0,0.0
kg_pii_edge_onnx_q8,sanctum,0.7,ORGANIZATION,31,0,0.0,0.0,0.0
kg_pii_edge_onnx_q8,sanctum,0.7,PERSON,48,4,1.0,0.083,0.154
kg_pii_edge_onnx_q8,sanctum,0.7,PHONE,9,1,1.0,0.111,0.2
kg_pii_edge_onnx_q8,sanctum,0.7,URL,2,0,0.0,0.0,0.0
kg_pii_edge_onnx_q8,sanctum,0.8,DATE_TIME,30,0,0.0,0.0,0.0
kg_pii_edge_onnx_q8,sanctum,0.8,EMAIL,11,0,0.0,0.0,0.0
kg_pii_edge_onnx_q8,sanctum,0.8,FINANCIAL,5,0,0.0,0.0,0.0
kg_pii_edge_onnx_q8,sanctum,0.8,GOV_ID,3,0,0.0,0.0,0.0
kg_pii_edge_onnx_q8,sanctum,0.8,IP,1,0,0.0,0.0,0.0
kg_pii_edge_onnx_q8,sanctum,0.8,LOCATION,14,0,0.0,0.0,0.0
kg_pii_edge_onnx_q8,sanctum,0.8,ORGANIZATION,31,0,0.0,0.0,0.0
kg_pii_edge_onnx_q8,sanctum,0.8,PERSON,48,0,0.0,0.0,0.0
kg_pii_edge_onnx_q8,sanctum,0.8,PHONE,9,0,0.0,0.0,0.0
kg_pii_edge_onnx_q8,sanctum,0.8,URL,2,0,0.0,0.0,0.0
kg_pii_small,hard,0.15,DATE_TIME,85,117,0.701,0.941,0.803
kg_pii_small,hard,0.15,EMAIL,27,21,0.857,0.667,0.75
kg_pii_small,hard,0.15,FINANCIAL,19,92,0.141,0.684,0.234
kg_pii_small,hard,0.15,GOV_ID,40,68,0.441,0.7,0.541
kg_pii_small,hard,0.15,IP,3,16,0.188,1.0,0.316
kg_pii_small,hard,0.15,LOCATION,59,103,0.874,0.949,0.91
kg_pii_small,hard,0.15,ORGANIZATION,72,162,0.37,0.778,0.502
kg_pii_small,hard,0.15,PERSON,155,201,0.711,0.916,0.801
kg_pii_small,hard,0.15,PHONE,23,35,0.657,1.0,0.793
kg_pii_small,hard,0.15,URL,4,11,0.273,0.75,0.4
kg_pii_small,hard,0.2,DATE_TIME,85,110,0.745,0.941,0.832
kg_pii_small,hard,0.2,EMAIL,27,20,0.9,0.667,0.766
kg_pii_small,hard,0.2,FINANCIAL,19,71,0.183,0.684,0.289
kg_pii_small,hard,0.2,GOV_ID,40,62,0.484,0.7,0.572
kg_pii_small,hard,0.2,IP,3,15,0.2,1.0,0.333
kg_pii_small,hard,0.2,LOCATION,59,101,0.891,0.949,0.919
kg_pii_small,hard,0.2,ORGANIZATION,72,128,0.461,0.764,0.575
kg_pii_small,hard,0.2,PERSON,155,184,0.75,0.89,0.814
kg_pii_small,hard,0.2,PHONE,23,35,0.657,1.0,0.793
kg_pii_small,hard,0.2,URL,4,11,0.273,0.75,0.4
kg_pii_small,hard,0.25,DATE_TIME,85,101,0.792,0.929,0.855
kg_pii_small,hard,0.25,EMAIL,27,19,0.895,0.63,0.739
kg_pii_small,hard,0.25,FINANCIAL,19,56,0.232,0.684,0.347
kg_pii_small,hard,0.25,GOV_ID,40,59,0.508,0.7,0.589
kg_pii_small,hard,0.25,IP,3,10,0.3,1.0,0.462
kg_pii_small,hard,0.25,LOCATION,59,96,0.896,0.915,0.905
kg_pii_small,hard,0.25,ORGANIZATION,72,111,0.514,0.75,0.61
kg_pii_small,hard,0.25,PERSON,155,167,0.79,0.852,0.82
kg_pii_small,hard,0.25,PHONE,23,35,0.657,1.0,0.793
kg_pii_small,hard,0.25,URL,4,11,0.273,0.75,0.4
kg_pii_small,hard,0.3,DATE_TIME,85,93,0.817,0.906,0.859
kg_pii_small,hard,0.3,EMAIL,27,18,0.944,0.63,0.756
kg_pii_small,hard,0.3,FINANCIAL,19,42,0.31,0.684,0.426
kg_pii_small,hard,0.3,GOV_ID,40,55,0.527,0.7,0.601
kg_pii_small,hard,0.3,IP,3,5,0.6,1.0,0.75
kg_pii_small,hard,0.3,LOCATION,59,89,0.888,0.915,0.901
kg_pii_small,hard,0.3,ORGANIZATION,72,95,0.579,0.75,0.653
kg_pii_small,hard,0.3,PERSON,155,150,0.833,0.813,0.823
kg_pii_small,hard,0.3,PHONE,23,35,0.657,1.0,0.793
kg_pii_small,hard,0.3,URL,4,8,0.375,0.75,0.5
kg_pii_small,hard,0.4,DATE_TIME,85,74,0.905,0.8,0.849
kg_pii_small,hard,0.4,EMAIL,27,14,1.0,0.519,0.683
kg_pii_small,hard,0.4,FINANCIAL,19,24,0.542,0.684,0.605
kg_pii_small,hard,0.4,GOV_ID,40,47,0.596,0.675,0.633
kg_pii_small,hard,0.4,IP,3,2,0.5,0.333,0.4
kg_pii_small,hard,0.4,LOCATION,59,65,0.954,0.898,0.925
kg_pii_small,hard,0.4,ORGANIZATION,72,66,0.818,0.75,0.783
kg_pii_small,hard,0.4,PERSON,155,118,0.881,0.677,0.766
kg_pii_small,hard,0.4,PHONE,23,33,0.636,0.913,0.75
kg_pii_small,hard,0.4,URL,4,5,0.6,0.75,0.667
kg_pii_small,hard,0.5,DATE_TIME,85,63,0.968,0.729,0.832
kg_pii_small,hard,0.5,EMAIL,27,5,1.0,0.185,0.312
kg_pii_small,hard,0.5,FINANCIAL,19,16,0.75,0.632,0.686
kg_pii_small,hard,0.5,GOV_ID,40,35,0.686,0.6,0.64
kg_pii_small,hard,0.5,IP,3,2,0.5,0.333,0.4
kg_pii_small,hard,0.5,LOCATION,59,39,0.974,0.593,0.737
kg_pii_small,hard,0.5,ORGANIZATION,72,50,0.9,0.625,0.738
kg_pii_small,hard,0.5,PERSON,155,75,0.88,0.432,0.58
kg_pii_small,hard,0.5,PHONE,23,33,0.636,0.913,0.75
kg_pii_small,hard,0.5,URL,4,2,1.0,0.5,0.667
kg_pii_small,hard,0.6,DATE_TIME,85,43,0.977,0.506,0.667
kg_pii_small,hard,0.6,EMAIL,27,1,1.0,0.037,0.071
kg_pii_small,hard,0.6,FINANCIAL,19,15,0.8,0.632,0.706
kg_pii_small,hard,0.6,GOV_ID,40,26,0.808,0.525,0.636
kg_pii_small,hard,0.6,IP,3,1,1.0,0.333,0.5
kg_pii_small,hard,0.6,LOCATION,59,20,0.95,0.305,0.462
kg_pii_small,hard,0.6,ORGANIZATION,72,33,0.939,0.431,0.59
kg_pii_small,hard,0.6,PERSON,155,25,0.84,0.142,0.243
kg_pii_small,hard,0.6,PHONE,23,32,0.625,0.87,0.727
kg_pii_small,hard,0.6,URL,4,1,1.0,0.25,0.4
kg_pii_small,hard,0.7,DATE_TIME,85,23,1.0,0.282,0.44
kg_pii_small,hard,0.7,EMAIL,27,0,0.0,0.0,0.0
kg_pii_small,hard,0.7,FINANCIAL,19,4,0.75,0.158,0.261
kg_pii_small,hard,0.7,GOV_ID,40,13,1.0,0.325,0.491
kg_pii_small,hard,0.7,IP,3,1,1.0,0.333,0.5
kg_pii_small,hard,0.7,LOCATION,59,6,0.833,0.085,0.154
kg_pii_small,hard,0.7,ORGANIZATION,72,8,1.0,0.111,0.2
kg_pii_small,hard,0.7,PERSON,155,3,1.0,0.019,0.038
kg_pii_small,hard,0.7,PHONE,23,26,0.654,0.739,0.694
kg_pii_small,hard,0.7,URL,4,0,0.0,0.0,0.0
kg_pii_small,hard,0.8,DATE_TIME,85,5,1.0,0.059,0.111
kg_pii_small,hard,0.8,EMAIL,27,0,0.0,0.0,0.0
kg_pii_small,hard,0.8,FINANCIAL,19,1,1.0,0.053,0.1
kg_pii_small,hard,0.8,GOV_ID,40,8,1.0,0.2,0.333
kg_pii_small,hard,0.8,IP,3,1,1.0,0.333,0.5
kg_pii_small,hard,0.8,LOCATION,59,0,0.0,0.0,0.0
kg_pii_small,hard,0.8,ORGANIZATION,72,0,0.0,0.0,0.0
kg_pii_small,hard,0.8,PERSON,155,1,1.0,0.006,0.013
kg_pii_small,hard,0.8,PHONE,23,9,0.444,0.174,0.25
kg_pii_small,hard,0.8,URL,4,0,0.0,0.0,0.0
kg_pii_small,sanctum,0.15,DATE_TIME,30,37,0.811,1.0,0.896
kg_pii_small,sanctum,0.15,EMAIL,11,12,0.917,1.0,0.957
kg_pii_small,sanctum,0.15,FINANCIAL,5,31,0.097,0.6,0.167
kg_pii_small,sanctum,0.15,GOV_ID,3,11,0.273,1.0,0.429
kg_pii_small,sanctum,0.15,IP,1,8,0.125,1.0,0.222
kg_pii_small,sanctum,0.15,LOCATION,14,29,0.759,1.0,0.863
kg_pii_small,sanctum,0.15,ORGANIZATION,31,58,0.466,0.806,0.59
kg_pii_small,sanctum,0.15,PERSON,48,69,0.696,1.0,0.821
kg_pii_small,sanctum,0.15,PHONE,9,10,0.9,1.0,0.947
kg_pii_small,sanctum,0.15,URL,2,8,0.125,0.5,0.2
kg_pii_small,sanctum,0.2,DATE_TIME,30,33,0.879,0.967,0.921
kg_pii_small,sanctum,0.2,EMAIL,11,12,0.917,1.0,0.957
kg_pii_small,sanctum,0.2,FINANCIAL,5,20,0.15,0.6,0.24
kg_pii_small,sanctum,0.2,GOV_ID,3,9,0.333,1.0,0.5
kg_pii_small,sanctum,0.2,IP,1,7,0.143,1.0,0.25
kg_pii_small,sanctum,0.2,LOCATION,14,27,0.815,1.0,0.898
kg_pii_small,sanctum,0.2,ORGANIZATION,31,46,0.565,0.774,0.653
kg_pii_small,sanctum,0.2,PERSON,48,68,0.706,1.0,0.828
kg_pii_small,sanctum,0.2,PHONE,9,10,0.9,1.0,0.947
kg_pii_small,sanctum,0.2,URL,2,5,0.2,0.5,0.286
kg_pii_small,sanctum,0.25,DATE_TIME,30,30,0.867,0.867,0.867
kg_pii_small,sanctum,0.25,EMAIL,11,12,0.917,1.0,0.957
kg_pii_small,sanctum,0.25,FINANCIAL,5,13,0.231,0.6,0.333
kg_pii_small,sanctum,0.25,GOV_ID,3,9,0.333,1.0,0.5
kg_pii_small,sanctum,0.25,IP,1,6,0.167,1.0,0.286
kg_pii_small,sanctum,0.25,LOCATION,14,24,0.833,1.0,0.909
kg_pii_small,sanctum,0.25,ORGANIZATION,31,40,0.65,0.774,0.707
kg_pii_small,sanctum,0.25,PERSON,48,66,0.727,1.0,0.842
kg_pii_small,sanctum,0.25,PHONE,9,10,0.9,1.0,0.947
kg_pii_small,sanctum,0.25,URL,2,4,0.25,0.5,0.333
kg_pii_small,sanctum,0.3,DATE_TIME,30,28,0.893,0.833,0.862
kg_pii_small,sanctum,0.3,EMAIL,11,12,0.917,1.0,0.957
kg_pii_small,sanctum,0.3,FINANCIAL,5,11,0.273,0.6,0.375
kg_pii_small,sanctum,0.3,GOV_ID,3,8,0.375,1.0,0.545
kg_pii_small,sanctum,0.3,IP,1,5,0.2,1.0,0.333
kg_pii_small,sanctum,0.3,LOCATION,14,24,0.833,1.0,0.909
kg_pii_small,sanctum,0.3,ORGANIZATION,31,38,0.658,0.774,0.711
kg_pii_small,sanctum,0.3,PERSON,48,58,0.793,0.958,0.868
kg_pii_small,sanctum,0.3,PHONE,9,9,0.889,0.889,0.889
kg_pii_small,sanctum,0.3,URL,2,4,0.25,0.5,0.333
kg_pii_small,sanctum,0.4,DATE_TIME,30,23,0.913,0.7,0.792
kg_pii_small,sanctum,0.4,EMAIL,11,12,0.917,1.0,0.957
kg_pii_small,sanctum,0.4,FINANCIAL,5,5,0.6,0.6,0.6
kg_pii_small,sanctum,0.4,GOV_ID,3,6,0.5,1.0,0.667
kg_pii_small,sanctum,0.4,IP,1,5,0.2,1.0,0.333
kg_pii_small,sanctum,0.4,LOCATION,14,18,0.833,1.0,0.909
kg_pii_small,sanctum,0.4,ORGANIZATION,31,27,0.778,0.677,0.724
kg_pii_small,sanctum,0.4,PERSON,48,53,0.811,0.896,0.851
kg_pii_small,sanctum,0.4,PHONE,9,9,0.889,0.889,0.889
kg_pii_small,sanctum,0.4,URL,2,4,0.25,0.5,0.333
kg_pii_small,sanctum,0.5,DATE_TIME,30,19,0.947,0.6,0.735
kg_pii_small,sanctum,0.5,EMAIL,11,5,1.0,0.455,0.625
kg_pii_small,sanctum,0.5,FINANCIAL,5,3,1.0,0.6,0.75
kg_pii_small,sanctum,0.5,GOV_ID,3,4,0.75,1.0,0.857
kg_pii_small,sanctum,0.5,IP,1,3,0.333,1.0,0.5
kg_pii_small,sanctum,0.5,LOCATION,14,6,0.667,0.286,0.4
kg_pii_small,sanctum,0.5,ORGANIZATION,31,24,0.792,0.613,0.691
kg_pii_small,sanctum,0.5,PERSON,48,41,0.878,0.75,0.809
kg_pii_small,sanctum,0.5,PHONE,9,9,0.889,0.889,0.889
kg_pii_small,sanctum,0.5,URL,2,0,0.0,0.0,0.0
kg_pii_small,sanctum,0.6,DATE_TIME,30,14,1.0,0.467,0.636
kg_pii_small,sanctum,0.6,EMAIL,11,3,1.0,0.273,0.429
kg_pii_small,sanctum,0.6,FINANCIAL,5,3,1.0,0.6,0.75
kg_pii_small,sanctum,0.6,GOV_ID,3,3,1.0,1.0,1.0
kg_pii_small,sanctum,0.6,IP,1,1,1.0,1.0,1.0
kg_pii_small,sanctum,0.6,LOCATION,14,2,0.0,0.0,0.0
kg_pii_small,sanctum,0.6,ORGANIZATION,31,13,0.923,0.387,0.545
kg_pii_small,sanctum,0.6,PERSON,48,18,0.944,0.354,0.515
kg_pii_small,sanctum,0.6,PHONE,9,7,1.0,0.778,0.875
kg_pii_small,sanctum,0.6,URL,2,0,0.0,0.0,0.0
kg_pii_small,sanctum,0.7,DATE_TIME,30,8,1.0,0.267,0.421
kg_pii_small,sanctum,0.7,EMAIL,11,3,1.0,0.273,0.429
kg_pii_small,sanctum,0.7,FINANCIAL,5,3,1.0,0.6,0.75
kg_pii_small,sanctum,0.7,GOV_ID,3,3,1.0,1.0,1.0
kg_pii_small,sanctum,0.7,IP,1,1,1.0,1.0,1.0
kg_pii_small,sanctum,0.7,LOCATION,14,2,0.0,0.0,0.0
kg_pii_small,sanctum,0.7,ORGANIZATION,31,9,1.0,0.29,0.45
kg_pii_small,sanctum,0.7,PERSON,48,8,1.0,0.167,0.286
kg_pii_small,sanctum,0.7,PHONE,9,6,1.0,0.667,0.8
kg_pii_small,sanctum,0.7,URL,2,0,0.0,0.0,0.0
kg_pii_small,sanctum,0.8,DATE_TIME,30,2,1.0,0.067,0.125
kg_pii_small,sanctum,0.8,EMAIL,11,0,0.0,0.0,0.0
kg_pii_small,sanctum,0.8,FINANCIAL,5,2,1.0,0.4,0.571
kg_pii_small,sanctum,0.8,GOV_ID,3,3,1.0,1.0,1.0
kg_pii_small,sanctum,0.8,IP,1,1,1.0,1.0,1.0
kg_pii_small,sanctum,0.8,LOCATION,14,0,0.0,0.0,0.0
kg_pii_small,sanctum,0.8,ORGANIZATION,31,2,1.0,0.065,0.121
kg_pii_small,sanctum,0.8,PERSON,48,2,1.0,0.042,0.08
kg_pii_small,sanctum,0.8,PHONE,9,2,1.0,0.222,0.364
kg_pii_small,sanctum,0.8,URL,2,0,0.0,0.0,0.0
nvidia_gliner_pii,hard,0.15,DATE_TIME,85,86,0.942,0.953,0.947
nvidia_gliner_pii,hard,0.15,EMAIL,27,24,1.0,0.889,0.941
nvidia_gliner_pii,hard,0.15,FINANCIAL,19,18,0.833,0.789,0.811
nvidia_gliner_pii,hard,0.15,GOV_ID,40,24,0.792,0.475,0.594
nvidia_gliner_pii,hard,0.15,IP,3,5,0.6,1.0,0.75
nvidia_gliner_pii,hard,0.15,LOCATION,59,107,0.953,0.966,0.96
nvidia_gliner_pii,hard,0.15,ORGANIZATION,72,75,0.747,0.778,0.762
nvidia_gliner_pii,hard,0.15,PERSON,155,167,0.904,0.91,0.907
nvidia_gliner_pii,hard,0.15,PHONE,23,22,0.955,0.913,0.933
nvidia_gliner_pii,hard,0.15,URL,4,2,1.0,0.5,0.667
nvidia_gliner_pii,hard,0.2,DATE_TIME,85,83,0.94,0.918,0.929
nvidia_gliner_pii,hard,0.2,EMAIL,27,24,1.0,0.889,0.941
nvidia_gliner_pii,hard,0.2,FINANCIAL,19,15,0.867,0.684,0.765
nvidia_gliner_pii,hard,0.2,GOV_ID,40,23,0.826,0.475,0.603
nvidia_gliner_pii,hard,0.2,IP,3,5,0.6,1.0,0.75
nvidia_gliner_pii,hard,0.2,LOCATION,59,105,0.962,0.966,0.964
nvidia_gliner_pii,hard,0.2,ORGANIZATION,72,71,0.789,0.778,0.783
nvidia_gliner_pii,hard,0.2,PERSON,155,160,0.912,0.903,0.908
nvidia_gliner_pii,hard,0.2,PHONE,23,21,0.952,0.87,0.909
nvidia_gliner_pii,hard,0.2,URL,4,2,1.0,0.5,0.667
nvidia_gliner_pii,hard,0.25,DATE_TIME,85,80,0.95,0.894,0.921
nvidia_gliner_pii,hard,0.25,EMAIL,27,24,1.0,0.889,0.941
nvidia_gliner_pii,hard,0.25,FINANCIAL,19,14,0.929,0.684,0.788
nvidia_gliner_pii,hard,0.25,GOV_ID,40,22,0.818,0.45,0.581
nvidia_gliner_pii,hard,0.25,IP,3,5,0.6,1.0,0.75
nvidia_gliner_pii,hard,0.25,LOCATION,59,103,0.961,0.932,0.946
nvidia_gliner_pii,hard,0.25,ORGANIZATION,72,65,0.846,0.764,0.803
nvidia_gliner_pii,hard,0.25,PERSON,155,153,0.935,0.903,0.919
nvidia_gliner_pii,hard,0.25,PHONE,23,21,0.952,0.87,0.909
nvidia_gliner_pii,hard,0.25,URL,4,2,1.0,0.5,0.667
nvidia_gliner_pii,hard,0.3,DATE_TIME,85,78,0.962,0.882,0.92
nvidia_gliner_pii,hard,0.3,EMAIL,27,24,1.0,0.889,0.941
nvidia_gliner_pii,hard,0.3,FINANCIAL,19,13,0.923,0.632,0.75
nvidia_gliner_pii,hard,0.3,GOV_ID,40,20,0.9,0.45,0.6
nvidia_gliner_pii,hard,0.3,IP,3,5,0.6,1.0,0.75
nvidia_gliner_pii,hard,0.3,LOCATION,59,98,0.969,0.881,0.923
nvidia_gliner_pii,hard,0.3,ORGANIZATION,72,59,0.881,0.722,0.794
nvidia_gliner_pii,hard,0.3,PERSON,155,151,0.94,0.897,0.918
nvidia_gliner_pii,hard,0.3,PHONE,23,21,0.952,0.87,0.909
nvidia_gliner_pii,hard,0.3,URL,4,2,1.0,0.5,0.667
nvidia_gliner_pii,hard,0.4,DATE_TIME,85,78,0.962,0.882,0.92
nvidia_gliner_pii,hard,0.4,EMAIL,27,24,1.0,0.889,0.941
nvidia_gliner_pii,hard,0.4,FINANCIAL,19,13,0.923,0.632,0.75
nvidia_gliner_pii,hard,0.4,GOV_ID,40,19,0.947,0.45,0.61
nvidia_gliner_pii,hard,0.4,IP,3,5,0.6,1.0,0.75
nvidia_gliner_pii,hard,0.4,LOCATION,59,93,0.989,0.881,0.932
nvidia_gliner_pii,hard,0.4,ORGANIZATION,72,55,0.909,0.694,0.787
nvidia_gliner_pii,hard,0.4,PERSON,155,146,0.952,0.884,0.917
nvidia_gliner_pii,hard,0.4,PHONE,23,20,0.95,0.826,0.884
nvidia_gliner_pii,hard,0.4,URL,4,2,1.0,0.5,0.667
nvidia_gliner_pii,hard,0.5,DATE_TIME,85,77,0.974,0.882,0.926
nvidia_gliner_pii,hard,0.5,EMAIL,27,24,1.0,0.889,0.941
nvidia_gliner_pii,hard,0.5,FINANCIAL,19,13,0.923,0.632,0.75
nvidia_gliner_pii,hard,0.5,GOV_ID,40,18,0.944,0.425,0.586
nvidia_gliner_pii,hard,0.5,IP,3,5,0.6,1.0,0.75
nvidia_gliner_pii,hard,0.5,LOCATION,59,87,0.989,0.881,0.932
nvidia_gliner_pii,hard,0.5,ORGANIZATION,72,54,0.926,0.694,0.794
nvidia_gliner_pii,hard,0.5,PERSON,155,137,0.964,0.852,0.904
nvidia_gliner_pii,hard,0.5,PHONE,23,20,0.95,0.826,0.884
nvidia_gliner_pii,hard,0.5,URL,4,2,1.0,0.5,0.667
nvidia_gliner_pii,hard,0.6,DATE_TIME,85,75,0.973,0.859,0.912
nvidia_gliner_pii,hard,0.6,EMAIL,27,24,1.0,0.889,0.941
nvidia_gliner_pii,hard,0.6,FINANCIAL,19,12,1.0,0.632,0.774
nvidia_gliner_pii,hard,0.6,GOV_ID,40,18,0.944,0.425,0.586
nvidia_gliner_pii,hard,0.6,IP,3,4,0.5,0.667,0.571
nvidia_gliner_pii,hard,0.6,LOCATION,59,84,0.988,0.881,0.932
nvidia_gliner_pii,hard,0.6,ORGANIZATION,72,50,0.94,0.653,0.77
nvidia_gliner_pii,hard,0.6,PERSON,155,131,0.977,0.826,0.895
nvidia_gliner_pii,hard,0.6,PHONE,23,19,0.947,0.783,0.857
nvidia_gliner_pii,hard,0.6,URL,4,2,1.0,0.5,0.667
nvidia_gliner_pii,hard,0.7,DATE_TIME,85,74,0.973,0.847,0.906
nvidia_gliner_pii,hard,0.7,EMAIL,27,24,1.0,0.889,0.941
nvidia_gliner_pii,hard,0.7,FINANCIAL,19,12,1.0,0.632,0.774
nvidia_gliner_pii,hard,0.7,GOV_ID,40,16,0.938,0.375,0.536
nvidia_gliner_pii,hard,0.7,IP,3,4,0.5,0.667,0.571
nvidia_gliner_pii,hard,0.7,LOCATION,59,80,0.988,0.864,0.922
nvidia_gliner_pii,hard,0.7,ORGANIZATION,72,47,0.936,0.611,0.739
nvidia_gliner_pii,hard,0.7,PERSON,155,125,0.984,0.794,0.879
nvidia_gliner_pii,hard,0.7,PHONE,23,19,0.947,0.783,0.857
nvidia_gliner_pii,hard,0.7,URL,4,2,1.0,0.5,0.667
nvidia_gliner_pii,hard,0.8,DATE_TIME,85,73,0.973,0.835,0.899
nvidia_gliner_pii,hard,0.8,EMAIL,27,24,1.0,0.889,0.941
nvidia_gliner_pii,hard,0.8,FINANCIAL,19,12,1.0,0.632,0.774
nvidia_gliner_pii,hard,0.8,GOV_ID,40,16,0.938,0.375,0.536
nvidia_gliner_pii,hard,0.8,IP,3,4,0.5,0.667,0.571
nvidia_gliner_pii,hard,0.8,LOCATION,59,73,0.986,0.847,0.912
nvidia_gliner_pii,hard,0.8,ORGANIZATION,72,41,0.927,0.528,0.673
nvidia_gliner_pii,hard,0.8,PERSON,155,115,0.991,0.735,0.844
nvidia_gliner_pii,hard,0.8,PHONE,23,19,0.947,0.783,0.857
nvidia_gliner_pii,hard,0.8,URL,4,2,1.0,0.5,0.667
nvidia_gliner_pii,sanctum,0.15,DATE_TIME,30,35,0.829,1.0,0.906
nvidia_gliner_pii,sanctum,0.15,EMAIL,11,11,1.0,1.0,1.0
nvidia_gliner_pii,sanctum,0.15,FINANCIAL,5,6,0.833,1.0,0.909
nvidia_gliner_pii,sanctum,0.15,GOV_ID,3,4,0.75,1.0,0.857
nvidia_gliner_pii,sanctum,0.15,IP,1,1,1.0,1.0,1.0
nvidia_gliner_pii,sanctum,0.15,LOCATION,14,39,0.923,1.0,0.96
nvidia_gliner_pii,sanctum,0.15,ORGANIZATION,31,31,0.839,0.742,0.787
nvidia_gliner_pii,sanctum,0.15,PERSON,48,85,0.741,1.0,0.851
nvidia_gliner_pii,sanctum,0.15,PHONE,9,12,0.75,1.0,0.857
nvidia_gliner_pii,sanctum,0.15,URL,2,0,0.0,0.0,0.0
nvidia_gliner_pii,sanctum,0.2,DATE_TIME,30,35,0.829,1.0,0.906
nvidia_gliner_pii,sanctum,0.2,EMAIL,11,11,1.0,1.0,1.0
nvidia_gliner_pii,sanctum,0.2,FINANCIAL,5,6,0.833,1.0,0.909
nvidia_gliner_pii,sanctum,0.2,GOV_ID,3,4,0.75,1.0,0.857
nvidia_gliner_pii,sanctum,0.2,IP,1,1,1.0,1.0,1.0
nvidia_gliner_pii,sanctum,0.2,LOCATION,14,35,0.943,1.0,0.971
nvidia_gliner_pii,sanctum,0.2,ORGANIZATION,31,29,0.897,0.742,0.812
nvidia_gliner_pii,sanctum,0.2,PERSON,48,82,0.744,1.0,0.853
nvidia_gliner_pii,sanctum,0.2,PHONE,9,12,0.75,1.0,0.857
nvidia_gliner_pii,sanctum,0.2,URL,2,0,0.0,0.0,0.0
nvidia_gliner_pii,sanctum,0.25,DATE_TIME,30,34,0.853,1.0,0.921
nvidia_gliner_pii,sanctum,0.25,EMAIL,11,11,1.0,1.0,1.0
nvidia_gliner_pii,sanctum,0.25,FINANCIAL,5,6,0.833,1.0,0.909
nvidia_gliner_pii,sanctum,0.25,GOV_ID,3,4,0.75,1.0,0.857
nvidia_gliner_pii,sanctum,0.25,IP,1,1,1.0,1.0,1.0
nvidia_gliner_pii,sanctum,0.25,LOCATION,14,34,0.941,1.0,0.97
nvidia_gliner_pii,sanctum,0.25,ORGANIZATION,31,28,0.893,0.742,0.81
nvidia_gliner_pii,sanctum,0.25,PERSON,48,80,0.762,1.0,0.865
nvidia_gliner_pii,sanctum,0.25,PHONE,9,12,0.75,1.0,0.857
nvidia_gliner_pii,sanctum,0.25,URL,2,0,0.0,0.0,0.0
nvidia_gliner_pii,sanctum,0.3,DATE_TIME,30,34,0.853,1.0,0.921
nvidia_gliner_pii,sanctum,0.3,EMAIL,11,11,1.0,1.0,1.0
nvidia_gliner_pii,sanctum,0.3,FINANCIAL,5,6,0.833,1.0,0.909
nvidia_gliner_pii,sanctum,0.3,GOV_ID,3,4,0.75,1.0,0.857
nvidia_gliner_pii,sanctum,0.3,IP,1,1,1.0,1.0,1.0
nvidia_gliner_pii,sanctum,0.3,LOCATION,14,31,0.935,0.857,0.895
nvidia_gliner_pii,sanctum,0.3,ORGANIZATION,31,28,0.893,0.742,0.81
nvidia_gliner_pii,sanctum,0.3,PERSON,48,79,0.759,1.0,0.863
nvidia_gliner_pii,sanctum,0.3,PHONE,9,12,0.75,1.0,0.857
nvidia_gliner_pii,sanctum,0.3,URL,2,0,0.0,0.0,0.0
nvidia_gliner_pii,sanctum,0.4,DATE_TIME,30,33,0.879,1.0,0.935
nvidia_gliner_pii,sanctum,0.4,EMAIL,11,11,1.0,1.0,1.0
nvidia_gliner_pii,sanctum,0.4,FINANCIAL,5,6,0.833,1.0,0.909
nvidia_gliner_pii,sanctum,0.4,GOV_ID,3,4,0.75,1.0,0.857
nvidia_gliner_pii,sanctum,0.4,IP,1,1,1.0,1.0,1.0
nvidia_gliner_pii,sanctum,0.4,LOCATION,14,30,0.933,0.857,0.894
nvidia_gliner_pii,sanctum,0.4,ORGANIZATION,31,24,0.958,0.71,0.815
nvidia_gliner_pii,sanctum,0.4,PERSON,48,73,0.795,1.0,0.885
nvidia_gliner_pii,sanctum,0.4,PHONE,9,12,0.75,1.0,0.857
nvidia_gliner_pii,sanctum,0.4,URL,2,0,0.0,0.0,0.0
nvidia_gliner_pii,sanctum,0.5,DATE_TIME,30,32,0.906,1.0,0.951
nvidia_gliner_pii,sanctum,0.5,EMAIL,11,11,1.0,1.0,1.0
nvidia_gliner_pii,sanctum,0.5,FINANCIAL,5,6,0.833,1.0,0.909
nvidia_gliner_pii,sanctum,0.5,GOV_ID,3,4,0.75,1.0,0.857
nvidia_gliner_pii,sanctum,0.5,IP,1,1,1.0,1.0,1.0
nvidia_gliner_pii,sanctum,0.5,LOCATION,14,28,0.929,0.857,0.891
nvidia_gliner_pii,sanctum,0.5,ORGANIZATION,31,22,0.955,0.677,0.792
nvidia_gliner_pii,sanctum,0.5,PERSON,48,65,0.846,1.0,0.917
nvidia_gliner_pii,sanctum,0.5,PHONE,9,11,0.818,1.0,0.9
nvidia_gliner_pii,sanctum,0.5,URL,2,0,0.0,0.0,0.0
nvidia_gliner_pii,sanctum,0.6,DATE_TIME,30,30,0.967,1.0,0.983
nvidia_gliner_pii,sanctum,0.6,EMAIL,11,11,1.0,1.0,1.0
nvidia_gliner_pii,sanctum,0.6,FINANCIAL,5,5,0.8,0.8,0.8
nvidia_gliner_pii,sanctum,0.6,GOV_ID,3,4,0.75,1.0,0.857
nvidia_gliner_pii,sanctum,0.6,IP,1,1,1.0,1.0,1.0
nvidia_gliner_pii,sanctum,0.6,LOCATION,14,25,0.92,0.857,0.887
nvidia_gliner_pii,sanctum,0.6,ORGANIZATION,31,20,0.95,0.613,0.745
nvidia_gliner_pii,sanctum,0.6,PERSON,48,63,0.857,1.0,0.923
nvidia_gliner_pii,sanctum,0.6,PHONE,9,10,0.9,1.0,0.947
nvidia_gliner_pii,sanctum,0.6,URL,2,0,0.0,0.0,0.0
nvidia_gliner_pii,sanctum,0.7,DATE_TIME,30,30,0.967,1.0,0.983
nvidia_gliner_pii,sanctum,0.7,EMAIL,11,11,1.0,1.0,1.0
nvidia_gliner_pii,sanctum,0.7,FINANCIAL,5,5,0.8,0.8,0.8
nvidia_gliner_pii,sanctum,0.7,GOV_ID,3,4,0.75,1.0,0.857
nvidia_gliner_pii,sanctum,0.7,IP,1,1,1.0,1.0,1.0
nvidia_gliner_pii,sanctum,0.7,LOCATION,14,22,0.955,0.857,0.903
nvidia_gliner_pii,sanctum,0.7,ORGANIZATION,31,20,0.95,0.613,0.745
nvidia_gliner_pii,sanctum,0.7,PERSON,48,58,0.879,1.0,0.936
nvidia_gliner_pii,sanctum,0.7,PHONE,9,10,0.9,1.0,0.947
nvidia_gliner_pii,sanctum,0.7,URL,2,0,0.0,0.0,0.0
nvidia_gliner_pii,sanctum,0.8,DATE_TIME,30,30,0.967,1.0,0.983
nvidia_gliner_pii,sanctum,0.8,EMAIL,11,11,1.0,1.0,1.0
nvidia_gliner_pii,sanctum,0.8,FINANCIAL,5,5,0.8,0.8,0.8
nvidia_gliner_pii,sanctum,0.8,GOV_ID,3,4,0.75,1.0,0.857
nvidia_gliner_pii,sanctum,0.8,IP,1,1,1.0,1.0,1.0
nvidia_gliner_pii,sanctum,0.8,LOCATION,14,18,0.944,0.857,0.899
nvidia_gliner_pii,sanctum,0.8,ORGANIZATION,31,19,1.0,0.613,0.76
nvidia_gliner_pii,sanctum,0.8,PERSON,48,57,0.895,1.0,0.944
nvidia_gliner_pii,sanctum,0.8,PHONE,9,10,0.9,1.0,0.947
nvidia_gliner_pii,sanctum,0.8,URL,2,0,0.0,0.0,0.0
openai_privacy_filter,hard,0.15,DATE_TIME,85,58,0.966,0.671,0.791
openai_privacy_filter,hard,0.15,EMAIL,27,24,1.0,0.889,0.941
openai_privacy_filter,hard,0.15,FINANCIAL,19,65,0.2,0.684,0.31
openai_privacy_filter,hard,0.15,GOV_ID,40,0,0.0,0.0,0.0
openai_privacy_filter,hard,0.15,IP,3,0,0.0,0.0,0.0
openai_privacy_filter,hard,0.15,LOCATION,59,22,1.0,0.373,0.543
openai_privacy_filter,hard,0.15,ORGANIZATION,72,0,0.0,0.0,0.0
openai_privacy_filter,hard,0.15,PERSON,155,152,0.934,0.916,0.925
openai_privacy_filter,hard,0.15,PHONE,23,26,0.692,0.783,0.735
openai_privacy_filter,hard,0.15,URL,4,3,0.333,0.25,0.286
openai_privacy_filter,hard,0.2,DATE_TIME,85,58,0.966,0.671,0.791
openai_privacy_filter,hard,0.2,EMAIL,27,24,1.0,0.889,0.941
openai_privacy_filter,hard,0.2,FINANCIAL,19,65,0.2,0.684,0.31
openai_privacy_filter,hard,0.2,GOV_ID,40,0,0.0,0.0,0.0
openai_privacy_filter,hard,0.2,IP,3,0,0.0,0.0,0.0
openai_privacy_filter,hard,0.2,LOCATION,59,22,1.0,0.373,0.543
openai_privacy_filter,hard,0.2,ORGANIZATION,72,0,0.0,0.0,0.0
openai_privacy_filter,hard,0.2,PERSON,155,152,0.934,0.916,0.925
openai_privacy_filter,hard,0.2,PHONE,23,26,0.692,0.783,0.735
openai_privacy_filter,hard,0.2,URL,4,3,0.333,0.25,0.286
openai_privacy_filter,hard,0.25,DATE_TIME,85,58,0.966,0.671,0.791
openai_privacy_filter,hard,0.25,EMAIL,27,24,1.0,0.889,0.941
openai_privacy_filter,hard,0.25,FINANCIAL,19,65,0.2,0.684,0.31
openai_privacy_filter,hard,0.25,GOV_ID,40,0,0.0,0.0,0.0
openai_privacy_filter,hard,0.25,IP,3,0,0.0,0.0,0.0
openai_privacy_filter,hard,0.25,LOCATION,59,22,1.0,0.373,0.543
openai_privacy_filter,hard,0.25,ORGANIZATION,72,0,0.0,0.0,0.0
openai_privacy_filter,hard,0.25,PERSON,155,152,0.934,0.916,0.925
openai_privacy_filter,hard,0.25,PHONE,23,26,0.692,0.783,0.735
openai_privacy_filter,hard,0.25,URL,4,3,0.333,0.25,0.286
openai_privacy_filter,hard,0.3,DATE_TIME,85,58,0.966,0.671,0.791
openai_privacy_filter,hard,0.3,EMAIL,27,24,1.0,0.889,0.941
openai_privacy_filter,hard,0.3,FINANCIAL,19,65,0.2,0.684,0.31
openai_privacy_filter,hard,0.3,GOV_ID,40,0,0.0,0.0,0.0
openai_privacy_filter,hard,0.3,IP,3,0,0.0,0.0,0.0
openai_privacy_filter,hard,0.3,LOCATION,59,22,1.0,0.373,0.543
openai_privacy_filter,hard,0.3,ORGANIZATION,72,0,0.0,0.0,0.0
openai_privacy_filter,hard,0.3,PERSON,155,152,0.934,0.916,0.925
openai_privacy_filter,hard,0.3,PHONE,23,26,0.692,0.783,0.735
openai_privacy_filter,hard,0.3,URL,4,3,0.333,0.25,0.286
openai_privacy_filter,hard,0.4,DATE_TIME,85,58,0.966,0.671,0.791
openai_privacy_filter,hard,0.4,EMAIL,27,24,1.0,0.889,0.941
openai_privacy_filter,hard,0.4,FINANCIAL,19,65,0.2,0.684,0.31
openai_privacy_filter,hard,0.4,GOV_ID,40,0,0.0,0.0,0.0
openai_privacy_filter,hard,0.4,IP,3,0,0.0,0.0,0.0
openai_privacy_filter,hard,0.4,LOCATION,59,22,1.0,0.373,0.543
openai_privacy_filter,hard,0.4,ORGANIZATION,72,0,0.0,0.0,0.0
openai_privacy_filter,hard,0.4,PERSON,155,152,0.934,0.916,0.925
openai_privacy_filter,hard,0.4,PHONE,23,26,0.692,0.783,0.735
openai_privacy_filter,hard,0.4,URL,4,3,0.333,0.25,0.286
openai_privacy_filter,hard,0.5,DATE_TIME,85,58,0.966,0.671,0.791
openai_privacy_filter,hard,0.5,EMAIL,27,24,1.0,0.889,0.941
openai_privacy_filter,hard,0.5,FINANCIAL,19,65,0.2,0.684,0.31
openai_privacy_filter,hard,0.5,GOV_ID,40,0,0.0,0.0,0.0
openai_privacy_filter,hard,0.5,IP,3,0,0.0,0.0,0.0
openai_privacy_filter,hard,0.5,LOCATION,59,22,1.0,0.373,0.543
openai_privacy_filter,hard,0.5,ORGANIZATION,72,0,0.0,0.0,0.0
openai_privacy_filter,hard,0.5,PERSON,155,152,0.934,0.916,0.925
openai_privacy_filter,hard,0.5,PHONE,23,26,0.692,0.783,0.735
openai_privacy_filter,hard,0.5,URL,4,3,0.333,0.25,0.286
openai_privacy_filter,hard,0.6,DATE_TIME,85,57,0.965,0.659,0.783
openai_privacy_filter,hard,0.6,EMAIL,27,24,1.0,0.889,0.941
openai_privacy_filter,hard,0.6,FINANCIAL,19,62,0.21,0.684,0.321
openai_privacy_filter,hard,0.6,GOV_ID,40,0,0.0,0.0,0.0
openai_privacy_filter,hard,0.6,IP,3,0,0.0,0.0,0.0
openai_privacy_filter,hard,0.6,LOCATION,59,20,1.0,0.356,0.525
openai_privacy_filter,hard,0.6,ORGANIZATION,72,0,0.0,0.0,0.0
openai_privacy_filter,hard,0.6,PERSON,155,150,0.933,0.903,0.918
openai_privacy_filter,hard,0.6,PHONE,23,24,0.75,0.783,0.766
openai_privacy_filter,hard,0.6,URL,4,3,0.333,0.25,0.286
openai_privacy_filter,hard,0.7,DATE_TIME,85,55,0.964,0.635,0.766
openai_privacy_filter,hard,0.7,EMAIL,27,24,1.0,0.889,0.941
openai_privacy_filter,hard,0.7,FINANCIAL,19,59,0.22,0.684,0.333
openai_privacy_filter,hard,0.7,GOV_ID,40,0,0.0,0.0,0.0
openai_privacy_filter,hard,0.7,IP,3,0,0.0,0.0,0.0
openai_privacy_filter,hard,0.7,LOCATION,59,20,1.0,0.356,0.525
openai_privacy_filter,hard,0.7,ORGANIZATION,72,0,0.0,0.0,0.0
openai_privacy_filter,hard,0.7,PERSON,155,150,0.933,0.903,0.918
openai_privacy_filter,hard,0.7,PHONE,23,19,0.895,0.739,0.81
openai_privacy_filter,hard,0.7,URL,4,3,0.333,0.25,0.286
openai_privacy_filter,hard,0.8,DATE_TIME,85,54,0.963,0.624,0.757
openai_privacy_filter,hard,0.8,EMAIL,27,24,1.0,0.889,0.941
openai_privacy_filter,hard,0.8,FINANCIAL,19,54,0.204,0.579,0.301
openai_privacy_filter,hard,0.8,GOV_ID,40,0,0.0,0.0,0.0
openai_privacy_filter,hard,0.8,IP,3,0,0.0,0.0,0.0
openai_privacy_filter,hard,0.8,LOCATION,59,19,1.0,0.339,0.506
openai_privacy_filter,hard,0.8,ORGANIZATION,72,0,0.0,0.0,0.0
openai_privacy_filter,hard,0.8,PERSON,155,149,0.933,0.897,0.914
openai_privacy_filter,hard,0.8,PHONE,23,17,1.0,0.739,0.85
openai_privacy_filter,hard,0.8,URL,4,3,0.333,0.25,0.286
openai_privacy_filter,sanctum,0.15,DATE_TIME,30,23,0.957,0.733,0.83
openai_privacy_filter,sanctum,0.15,EMAIL,11,11,1.0,1.0,1.0
openai_privacy_filter,sanctum,0.15,FINANCIAL,5,7,0.429,0.6,0.5
openai_privacy_filter,sanctum,0.15,GOV_ID,3,0,0.0,0.0,0.0
openai_privacy_filter,sanctum,0.15,IP,1,0,0.0,0.0,0.0
openai_privacy_filter,sanctum,0.15,LOCATION,14,12,1.0,0.714,0.833
openai_privacy_filter,sanctum,0.15,ORGANIZATION,31,0,0.0,0.0,0.0
openai_privacy_filter,sanctum,0.15,PERSON,48,68,0.706,1.0,0.828
openai_privacy_filter,sanctum,0.15,PHONE,9,14,0.643,1.0,0.783
openai_privacy_filter,sanctum,0.15,URL,2,3,0.667,1.0,0.8
openai_privacy_filter,sanctum,0.2,DATE_TIME,30,23,0.957,0.733,0.83
openai_privacy_filter,sanctum,0.2,EMAIL,11,11,1.0,1.0,1.0
openai_privacy_filter,sanctum,0.2,FINANCIAL,5,7,0.429,0.6,0.5
openai_privacy_filter,sanctum,0.2,GOV_ID,3,0,0.0,0.0,0.0
openai_privacy_filter,sanctum,0.2,IP,1,0,0.0,0.0,0.0
openai_privacy_filter,sanctum,0.2,LOCATION,14,12,1.0,0.714,0.833
openai_privacy_filter,sanctum,0.2,ORGANIZATION,31,0,0.0,0.0,0.0
openai_privacy_filter,sanctum,0.2,PERSON,48,68,0.706,1.0,0.828
openai_privacy_filter,sanctum,0.2,PHONE,9,14,0.643,1.0,0.783
openai_privacy_filter,sanctum,0.2,URL,2,3,0.667,1.0,0.8
openai_privacy_filter,sanctum,0.25,DATE_TIME,30,23,0.957,0.733,0.83
openai_privacy_filter,sanctum,0.25,EMAIL,11,11,1.0,1.0,1.0
openai_privacy_filter,sanctum,0.25,FINANCIAL,5,7,0.429,0.6,0.5
openai_privacy_filter,sanctum,0.25,GOV_ID,3,0,0.0,0.0,0.0
openai_privacy_filter,sanctum,0.25,IP,1,0,0.0,0.0,0.0
openai_privacy_filter,sanctum,0.25,LOCATION,14,12,1.0,0.714,0.833
openai_privacy_filter,sanctum,0.25,ORGANIZATION,31,0,0.0,0.0,0.0
openai_privacy_filter,sanctum,0.25,PERSON,48,68,0.706,1.0,0.828
openai_privacy_filter,sanctum,0.25,PHONE,9,14,0.643,1.0,0.783
openai_privacy_filter,sanctum,0.25,URL,2,3,0.667,1.0,0.8
openai_privacy_filter,sanctum,0.3,DATE_TIME,30,23,0.957,0.733,0.83
openai_privacy_filter,sanctum,0.3,EMAIL,11,11,1.0,1.0,1.0
openai_privacy_filter,sanctum,0.3,FINANCIAL,5,7,0.429,0.6,0.5
openai_privacy_filter,sanctum,0.3,GOV_ID,3,0,0.0,0.0,0.0
openai_privacy_filter,sanctum,0.3,IP,1,0,0.0,0.0,0.0
openai_privacy_filter,sanctum,0.3,LOCATION,14,12,1.0,0.714,0.833
openai_privacy_filter,sanctum,0.3,ORGANIZATION,31,0,0.0,0.0,0.0
openai_privacy_filter,sanctum,0.3,PERSON,48,68,0.706,1.0,0.828
openai_privacy_filter,sanctum,0.3,PHONE,9,14,0.643,1.0,0.783
openai_privacy_filter,sanctum,0.3,URL,2,3,0.667,1.0,0.8
openai_privacy_filter,sanctum,0.4,DATE_TIME,30,23,0.957,0.733,0.83
openai_privacy_filter,sanctum,0.4,EMAIL,11,11,1.0,1.0,1.0
openai_privacy_filter,sanctum,0.4,FINANCIAL,5,7,0.429,0.6,0.5
openai_privacy_filter,sanctum,0.4,GOV_ID,3,0,0.0,0.0,0.0
openai_privacy_filter,sanctum,0.4,IP,1,0,0.0,0.0,0.0
openai_privacy_filter,sanctum,0.4,LOCATION,14,12,1.0,0.714,0.833
openai_privacy_filter,sanctum,0.4,ORGANIZATION,31,0,0.0,0.0,0.0
openai_privacy_filter,sanctum,0.4,PERSON,48,68,0.706,1.0,0.828
openai_privacy_filter,sanctum,0.4,PHONE,9,14,0.643,1.0,0.783
openai_privacy_filter,sanctum,0.4,URL,2,3,0.667,1.0,0.8
openai_privacy_filter,sanctum,0.5,DATE_TIME,30,23,0.957,0.733,0.83
openai_privacy_filter,sanctum,0.5,EMAIL,11,11,1.0,1.0,1.0
openai_privacy_filter,sanctum,0.5,FINANCIAL,5,7,0.429,0.6,0.5
openai_privacy_filter,sanctum,0.5,GOV_ID,3,0,0.0,0.0,0.0
openai_privacy_filter,sanctum,0.5,IP,1,0,0.0,0.0,0.0
openai_privacy_filter,sanctum,0.5,LOCATION,14,12,1.0,0.714,0.833
openai_privacy_filter,sanctum,0.5,ORGANIZATION,31,0,0.0,0.0,0.0
openai_privacy_filter,sanctum,0.5,PERSON,48,68,0.706,1.0,0.828
openai_privacy_filter,sanctum,0.5,PHONE,9,14,0.643,1.0,0.783
openai_privacy_filter,sanctum,0.5,URL,2,3,0.667,1.0,0.8
openai_privacy_filter,sanctum,0.6,DATE_TIME,30,22,0.955,0.7,0.808
openai_privacy_filter,sanctum,0.6,EMAIL,11,11,1.0,1.0,1.0
openai_privacy_filter,sanctum,0.6,FINANCIAL,5,7,0.429,0.6,0.5
openai_privacy_filter,sanctum,0.6,GOV_ID,3,0,0.0,0.0,0.0
openai_privacy_filter,sanctum,0.6,IP,1,0,0.0,0.0,0.0
openai_privacy_filter,sanctum,0.6,LOCATION,14,12,1.0,0.714,0.833
openai_privacy_filter,sanctum,0.6,ORGANIZATION,31,0,0.0,0.0,0.0
openai_privacy_filter,sanctum,0.6,PERSON,48,67,0.716,1.0,0.835
openai_privacy_filter,sanctum,0.6,PHONE,9,13,0.692,1.0,0.818
openai_privacy_filter,sanctum,0.6,URL,2,3,0.667,1.0,0.8
openai_privacy_filter,sanctum,0.7,DATE_TIME,30,22,0.955,0.7,0.808
openai_privacy_filter,sanctum,0.7,EMAIL,11,11,1.0,1.0,1.0
openai_privacy_filter,sanctum,0.7,FINANCIAL,5,7,0.429,0.6,0.5
openai_privacy_filter,sanctum,0.7,GOV_ID,3,0,0.0,0.0,0.0
openai_privacy_filter,sanctum,0.7,IP,1,0,0.0,0.0,0.0
openai_privacy_filter,sanctum,0.7,LOCATION,14,10,1.0,0.714,0.833
openai_privacy_filter,sanctum,0.7,ORGANIZATION,31,0,0.0,0.0,0.0
openai_privacy_filter,sanctum,0.7,PERSON,48,66,0.727,1.0,0.842
openai_privacy_filter,sanctum,0.7,PHONE,9,13,0.692,1.0,0.818
openai_privacy_filter,sanctum,0.7,URL,2,3,0.667,1.0,0.8
openai_privacy_filter,sanctum,0.8,DATE_TIME,30,20,0.95,0.633,0.76
openai_privacy_filter,sanctum,0.8,EMAIL,11,11,1.0,1.0,1.0
openai_privacy_filter,sanctum,0.8,FINANCIAL,5,7,0.429,0.6,0.5
openai_privacy_filter,sanctum,0.8,GOV_ID,3,0,0.0,0.0,0.0
openai_privacy_filter,sanctum,0.8,IP,1,0,0.0,0.0,0.0
openai_privacy_filter,sanctum,0.8,LOCATION,14,10,1.0,0.714,0.833
openai_privacy_filter,sanctum,0.8,ORGANIZATION,31,0,0.0,0.0,0.0
openai_privacy_filter,sanctum,0.8,PERSON,48,66,0.727,1.0,0.842
openai_privacy_filter,sanctum,0.8,PHONE,9,12,0.75,1.0,0.857
openai_privacy_filter,sanctum,0.8,URL,2,3,0.667,1.0,0.8
presidio+fastino_gliner2_pii,hard,0.15,DATE_TIME,85,92,0.891,0.953,0.921
presidio+fastino_gliner2_pii,hard,0.15,EMAIL,27,28,0.964,1.0,0.982
presidio+fastino_gliner2_pii,hard,0.15,FINANCIAL,19,23,0.609,0.737,0.667
presidio+fastino_gliner2_pii,hard,0.15,GOV_ID,40,25,0.92,0.575,0.708
presidio+fastino_gliner2_pii,hard,0.15,IP,3,4,0.75,1.0,0.857
presidio+fastino_gliner2_pii,hard,0.15,LOCATION,59,57,0.947,0.831,0.885
presidio+fastino_gliner2_pii,hard,0.15,ORGANIZATION,72,141,0.511,0.958,0.666
presidio+fastino_gliner2_pii,hard,0.15,PERSON,155,144,0.958,0.89,0.923
presidio+fastino_gliner2_pii,hard,0.15,PHONE,23,29,0.759,0.957,0.846
presidio+fastino_gliner2_pii,hard,0.15,URL,4,4,1.0,1.0,1.0
presidio+fastino_gliner2_pii,hard,0.2,DATE_TIME,85,91,0.901,0.953,0.926
presidio+fastino_gliner2_pii,hard,0.2,EMAIL,27,28,0.964,1.0,0.982
presidio+fastino_gliner2_pii,hard,0.2,FINANCIAL,19,22,0.636,0.737,0.683
presidio+fastino_gliner2_pii,hard,0.2,GOV_ID,40,24,0.917,0.55,0.687
presidio+fastino_gliner2_pii,hard,0.2,IP,3,4,0.75,1.0,0.857
presidio+fastino_gliner2_pii,hard,0.2,LOCATION,59,58,0.931,0.831,0.878
presidio+fastino_gliner2_pii,hard,0.2,ORGANIZATION,72,132,0.545,0.958,0.695
presidio+fastino_gliner2_pii,hard,0.2,PERSON,155,143,0.958,0.884,0.919
presidio+fastino_gliner2_pii,hard,0.2,PHONE,23,29,0.759,0.957,0.846
presidio+fastino_gliner2_pii,hard,0.2,URL,4,4,1.0,1.0,1.0
presidio+fastino_gliner2_pii,hard,0.25,DATE_TIME,85,89,0.91,0.953,0.931
presidio+fastino_gliner2_pii,hard,0.25,EMAIL,27,28,0.964,1.0,0.982
presidio+fastino_gliner2_pii,hard,0.25,FINANCIAL,19,21,0.667,0.737,0.7
presidio+fastino_gliner2_pii,hard,0.25,GOV_ID,40,24,0.917,0.55,0.687
presidio+fastino_gliner2_pii,hard,0.25,IP,3,4,0.75,1.0,0.857
presidio+fastino_gliner2_pii,hard,0.25,LOCATION,59,58,0.931,0.831,0.878
presidio+fastino_gliner2_pii,hard,0.25,ORGANIZATION,72,128,0.547,0.958,0.696
presidio+fastino_gliner2_pii,hard,0.25,PERSON,155,142,0.965,0.884,0.923
presidio+fastino_gliner2_pii,hard,0.25,PHONE,23,29,0.759,0.957,0.846
presidio+fastino_gliner2_pii,hard,0.25,URL,4,4,1.0,1.0,1.0
presidio+fastino_gliner2_pii,hard,0.3,DATE_TIME,85,89,0.91,0.953,0.931
presidio+fastino_gliner2_pii,hard,0.3,EMAIL,27,27,1.0,1.0,1.0
presidio+fastino_gliner2_pii,hard,0.3,FINANCIAL,19,20,0.7,0.737,0.718
presidio+fastino_gliner2_pii,hard,0.3,GOV_ID,40,24,0.917,0.55,0.687
presidio+fastino_gliner2_pii,hard,0.3,IP,3,4,0.75,1.0,0.857
presidio+fastino_gliner2_pii,hard,0.3,LOCATION,59,57,0.93,0.814,0.868
presidio+fastino_gliner2_pii,hard,0.3,ORGANIZATION,72,121,0.57,0.944,0.711
presidio+fastino_gliner2_pii,hard,0.3,PERSON,155,142,0.965,0.884,0.923
presidio+fastino_gliner2_pii,hard,0.3,PHONE,23,28,0.786,0.957,0.863
presidio+fastino_gliner2_pii,hard,0.3,URL,4,4,1.0,1.0,1.0
presidio+fastino_gliner2_pii,hard,0.4,DATE_TIME,85,85,0.918,0.918,0.918
presidio+fastino_gliner2_pii,hard,0.4,EMAIL,27,27,1.0,1.0,1.0
presidio+fastino_gliner2_pii,hard,0.4,FINANCIAL,19,18,0.778,0.737,0.757
presidio+fastino_gliner2_pii,hard,0.4,GOV_ID,40,23,0.957,0.55,0.698
presidio+fastino_gliner2_pii,hard,0.4,IP,3,4,0.75,1.0,0.857
presidio+fastino_gliner2_pii,hard,0.4,LOCATION,59,56,0.946,0.814,0.875
presidio+fastino_gliner2_pii,hard,0.4,ORGANIZATION,72,105,0.638,0.917,0.752
presidio+fastino_gliner2_pii,hard,0.4,PERSON,155,142,0.965,0.884,0.923
presidio+fastino_gliner2_pii,hard,0.4,PHONE,23,28,0.786,0.957,0.863
presidio+fastino_gliner2_pii,hard,0.4,URL,4,4,1.0,1.0,1.0
presidio+fastino_gliner2_pii,hard,0.5,DATE_TIME,85,84,0.917,0.906,0.911
presidio+fastino_gliner2_pii,hard,0.5,EMAIL,27,27,1.0,1.0,1.0
presidio+fastino_gliner2_pii,hard,0.5,FINANCIAL,19,18,0.778,0.737,0.757
presidio+fastino_gliner2_pii,hard,0.5,GOV_ID,40,23,0.957,0.55,0.698
presidio+fastino_gliner2_pii,hard,0.5,IP,3,4,0.75,1.0,0.857
presidio+fastino_gliner2_pii,hard,0.5,LOCATION,59,57,0.947,0.831,0.885
presidio+fastino_gliner2_pii,hard,0.5,ORGANIZATION,72,95,0.705,0.917,0.797
presidio+fastino_gliner2_pii,hard,0.5,PERSON,155,141,0.965,0.877,0.919
presidio+fastino_gliner2_pii,hard,0.5,PHONE,23,28,0.786,0.957,0.863
presidio+fastino_gliner2_pii,hard,0.5,URL,4,4,1.0,1.0,1.0
presidio+fastino_gliner2_pii,hard,0.6,DATE_TIME,85,82,0.927,0.894,0.91
presidio+fastino_gliner2_pii,hard,0.6,EMAIL,27,27,1.0,1.0,1.0
presidio+fastino_gliner2_pii,hard,0.6,FINANCIAL,19,16,0.812,0.684,0.743
presidio+fastino_gliner2_pii,hard,0.6,GOV_ID,40,23,0.957,0.55,0.698
presidio+fastino_gliner2_pii,hard,0.6,IP,3,4,0.75,1.0,0.857
presidio+fastino_gliner2_pii,hard,0.6,LOCATION,59,55,0.945,0.814,0.875
presidio+fastino_gliner2_pii,hard,0.6,ORGANIZATION,72,91,0.736,0.917,0.817
presidio+fastino_gliner2_pii,hard,0.6,PERSON,155,138,0.978,0.871,0.922
presidio+fastino_gliner2_pii,hard,0.6,PHONE,23,28,0.786,0.957,0.863
presidio+fastino_gliner2_pii,hard,0.6,URL,4,4,1.0,1.0,1.0
presidio+fastino_gliner2_pii,hard,0.7,DATE_TIME,85,81,0.926,0.882,0.904
presidio+fastino_gliner2_pii,hard,0.7,EMAIL,27,27,1.0,1.0,1.0
presidio+fastino_gliner2_pii,hard,0.7,FINANCIAL,19,15,0.8,0.632,0.706
presidio+fastino_gliner2_pii,hard,0.7,GOV_ID,40,22,0.955,0.525,0.677
presidio+fastino_gliner2_pii,hard,0.7,IP,3,4,0.75,1.0,0.857
presidio+fastino_gliner2_pii,hard,0.7,LOCATION,59,54,0.963,0.814,0.882
presidio+fastino_gliner2_pii,hard,0.7,ORGANIZATION,72,84,0.786,0.903,0.84
presidio+fastino_gliner2_pii,hard,0.7,PERSON,155,132,0.992,0.845,0.913
presidio+fastino_gliner2_pii,hard,0.7,PHONE,23,28,0.786,0.957,0.863
presidio+fastino_gliner2_pii,hard,0.7,URL,4,4,1.0,1.0,1.0
presidio+fastino_gliner2_pii,hard,0.8,DATE_TIME,85,74,0.919,0.8,0.855
presidio+fastino_gliner2_pii,hard,0.8,EMAIL,27,27,1.0,1.0,1.0
presidio+fastino_gliner2_pii,hard,0.8,FINANCIAL,19,15,0.8,0.632,0.706
presidio+fastino_gliner2_pii,hard,0.8,GOV_ID,40,20,1.0,0.5,0.667
presidio+fastino_gliner2_pii,hard,0.8,IP,3,3,1.0,1.0,1.0
presidio+fastino_gliner2_pii,hard,0.8,LOCATION,59,51,0.961,0.763,0.85
presidio+fastino_gliner2_pii,hard,0.8,ORGANIZATION,72,74,0.824,0.833,0.829
presidio+fastino_gliner2_pii,hard,0.8,PERSON,155,127,0.992,0.813,0.894
presidio+fastino_gliner2_pii,hard,0.8,PHONE,23,29,0.793,1.0,0.885
presidio+fastino_gliner2_pii,hard,0.8,URL,4,4,1.0,1.0,1.0
presidio+fastino_gliner2_pii,sanctum,0.15,DATE_TIME,30,37,0.811,1.0,0.896
presidio+fastino_gliner2_pii,sanctum,0.15,EMAIL,11,12,0.917,1.0,0.957
presidio+fastino_gliner2_pii,sanctum,0.15,FINANCIAL,5,7,0.714,1.0,0.833
presidio+fastino_gliner2_pii,sanctum,0.15,GOV_ID,3,3,1.0,1.0,1.0
presidio+fastino_gliner2_pii,sanctum,0.15,IP,1,1,1.0,1.0,1.0
presidio+fastino_gliner2_pii,sanctum,0.15,LOCATION,14,16,0.938,1.0,0.968
presidio+fastino_gliner2_pii,sanctum,0.15,ORGANIZATION,31,51,0.588,0.903,0.712
presidio+fastino_gliner2_pii,sanctum,0.15,PERSON,48,56,0.839,0.979,0.904
presidio+fastino_gliner2_pii,sanctum,0.15,PHONE,9,12,0.75,1.0,0.857
presidio+fastino_gliner2_pii,sanctum,0.15,URL,2,4,0.5,1.0,0.667
presidio+fastino_gliner2_pii,sanctum,0.2,DATE_TIME,30,37,0.811,1.0,0.896
presidio+fastino_gliner2_pii,sanctum,0.2,EMAIL,11,12,0.917,1.0,0.957
presidio+fastino_gliner2_pii,sanctum,0.2,FINANCIAL,5,7,0.714,1.0,0.833
presidio+fastino_gliner2_pii,sanctum,0.2,GOV_ID,3,3,1.0,1.0,1.0
presidio+fastino_gliner2_pii,sanctum,0.2,IP,1,1,1.0,1.0,1.0
presidio+fastino_gliner2_pii,sanctum,0.2,LOCATION,14,16,0.938,1.0,0.968
presidio+fastino_gliner2_pii,sanctum,0.2,ORGANIZATION,31,48,0.604,0.871,0.713
presidio+fastino_gliner2_pii,sanctum,0.2,PERSON,48,56,0.839,0.979,0.904
presidio+fastino_gliner2_pii,sanctum,0.2,PHONE,9,12,0.75,1.0,0.857
presidio+fastino_gliner2_pii,sanctum,0.2,URL,2,4,0.5,1.0,0.667
presidio+fastino_gliner2_pii,sanctum,0.25,DATE_TIME,30,36,0.833,1.0,0.909
presidio+fastino_gliner2_pii,sanctum,0.25,EMAIL,11,12,0.917,1.0,0.957
presidio+fastino_gliner2_pii,sanctum,0.25,FINANCIAL,5,5,1.0,1.0,1.0
presidio+fastino_gliner2_pii,sanctum,0.25,GOV_ID,3,3,1.0,1.0,1.0
presidio+fastino_gliner2_pii,sanctum,0.25,IP,1,1,1.0,1.0,1.0
presidio+fastino_gliner2_pii,sanctum,0.25,LOCATION,14,16,0.938,1.0,0.968
presidio+fastino_gliner2_pii,sanctum,0.25,ORGANIZATION,31,45,0.644,0.871,0.741
presidio+fastino_gliner2_pii,sanctum,0.25,PERSON,48,53,0.887,0.979,0.931
presidio+fastino_gliner2_pii,sanctum,0.25,PHONE,9,12,0.75,1.0,0.857
presidio+fastino_gliner2_pii,sanctum,0.25,URL,2,4,0.5,1.0,0.667
presidio+fastino_gliner2_pii,sanctum,0.3,DATE_TIME,30,36,0.833,1.0,0.909
presidio+fastino_gliner2_pii,sanctum,0.3,EMAIL,11,12,0.917,1.0,0.957
presidio+fastino_gliner2_pii,sanctum,0.3,FINANCIAL,5,5,1.0,1.0,1.0
presidio+fastino_gliner2_pii,sanctum,0.3,GOV_ID,3,3,1.0,1.0,1.0
presidio+fastino_gliner2_pii,sanctum,0.3,IP,1,1,1.0,1.0,1.0
presidio+fastino_gliner2_pii,sanctum,0.3,LOCATION,14,16,0.938,1.0,0.968
presidio+fastino_gliner2_pii,sanctum,0.3,ORGANIZATION,31,43,0.651,0.839,0.733
presidio+fastino_gliner2_pii,sanctum,0.3,PERSON,48,53,0.887,0.979,0.931
presidio+fastino_gliner2_pii,sanctum,0.3,PHONE,9,12,0.75,1.0,0.857
presidio+fastino_gliner2_pii,sanctum,0.3,URL,2,4,0.5,1.0,0.667
presidio+fastino_gliner2_pii,sanctum,0.4,DATE_TIME,30,35,0.857,1.0,0.923
presidio+fastino_gliner2_pii,sanctum,0.4,EMAIL,11,12,0.917,1.0,0.957
presidio+fastino_gliner2_pii,sanctum,0.4,FINANCIAL,5,5,1.0,1.0,1.0
presidio+fastino_gliner2_pii,sanctum,0.4,GOV_ID,3,3,1.0,1.0,1.0
presidio+fastino_gliner2_pii,sanctum,0.4,IP,1,1,1.0,1.0,1.0
presidio+fastino_gliner2_pii,sanctum,0.4,LOCATION,14,16,0.938,1.0,0.968
presidio+fastino_gliner2_pii,sanctum,0.4,ORGANIZATION,31,39,0.718,0.839,0.774
presidio+fastino_gliner2_pii,sanctum,0.4,PERSON,48,51,0.922,0.979,0.949
presidio+fastino_gliner2_pii,sanctum,0.4,PHONE,9,11,0.818,1.0,0.9
presidio+fastino_gliner2_pii,sanctum,0.4,URL,2,4,0.5,1.0,0.667
presidio+fastino_gliner2_pii,sanctum,0.5,DATE_TIME,30,34,0.882,1.0,0.938
presidio+fastino_gliner2_pii,sanctum,0.5,EMAIL,11,12,0.917,1.0,0.957
presidio+fastino_gliner2_pii,sanctum,0.5,FINANCIAL,5,5,0.8,0.8,0.8
presidio+fastino_gliner2_pii,sanctum,0.5,GOV_ID,3,3,1.0,1.0,1.0
presidio+fastino_gliner2_pii,sanctum,0.5,IP,1,1,1.0,1.0,1.0
presidio+fastino_gliner2_pii,sanctum,0.5,LOCATION,14,16,0.938,1.0,0.968
presidio+fastino_gliner2_pii,sanctum,0.5,ORGANIZATION,31,33,0.818,0.839,0.828
presidio+fastino_gliner2_pii,sanctum,0.5,PERSON,48,50,0.94,0.979,0.959
presidio+fastino_gliner2_pii,sanctum,0.5,PHONE,9,11,0.818,1.0,0.9
presidio+fastino_gliner2_pii,sanctum,0.5,URL,2,4,0.5,1.0,0.667
presidio+fastino_gliner2_pii,sanctum,0.6,DATE_TIME,30,33,0.909,1.0,0.952
presidio+fastino_gliner2_pii,sanctum,0.6,EMAIL,11,12,0.917,1.0,0.957
presidio+fastino_gliner2_pii,sanctum,0.6,FINANCIAL,5,5,0.8,0.8,0.8
presidio+fastino_gliner2_pii,sanctum,0.6,GOV_ID,3,3,1.0,1.0,1.0
presidio+fastino_gliner2_pii,sanctum,0.6,IP,1,1,1.0,1.0,1.0
presidio+fastino_gliner2_pii,sanctum,0.6,LOCATION,14,17,0.941,1.0,0.97
presidio+fastino_gliner2_pii,sanctum,0.6,ORGANIZATION,31,32,0.844,0.839,0.841
presidio+fastino_gliner2_pii,sanctum,0.6,PERSON,48,49,0.939,0.958,0.948
presidio+fastino_gliner2_pii,sanctum,0.6,PHONE,9,10,0.9,1.0,0.947
presidio+fastino_gliner2_pii,sanctum,0.6,URL,2,4,0.5,1.0,0.667
presidio+fastino_gliner2_pii,sanctum,0.7,DATE_TIME,30,31,0.968,1.0,0.984
presidio+fastino_gliner2_pii,sanctum,0.7,EMAIL,11,12,0.917,1.0,0.957
presidio+fastino_gliner2_pii,sanctum,0.7,FINANCIAL,5,4,0.75,0.6,0.667
presidio+fastino_gliner2_pii,sanctum,0.7,GOV_ID,3,3,1.0,1.0,1.0
presidio+fastino_gliner2_pii,sanctum,0.7,IP,1,1,1.0,1.0,1.0
presidio+fastino_gliner2_pii,sanctum,0.7,LOCATION,14,16,0.938,1.0,0.968
presidio+fastino_gliner2_pii,sanctum,0.7,ORGANIZATION,31,29,0.897,0.806,0.849
presidio+fastino_gliner2_pii,sanctum,0.7,PERSON,48,47,0.936,0.917,0.926
presidio+fastino_gliner2_pii,sanctum,0.7,PHONE,9,10,0.9,1.0,0.947
presidio+fastino_gliner2_pii,sanctum,0.7,URL,2,4,0.5,1.0,0.667
presidio+fastino_gliner2_pii,sanctum,0.8,DATE_TIME,30,31,0.968,1.0,0.984
presidio+fastino_gliner2_pii,sanctum,0.8,EMAIL,11,12,0.917,1.0,0.957
presidio+fastino_gliner2_pii,sanctum,0.8,FINANCIAL,5,3,1.0,0.6,0.75
presidio+fastino_gliner2_pii,sanctum,0.8,GOV_ID,3,3,1.0,1.0,1.0
presidio+fastino_gliner2_pii,sanctum,0.8,IP,1,1,1.0,1.0,1.0
presidio+fastino_gliner2_pii,sanctum,0.8,LOCATION,14,15,0.933,1.0,0.966
presidio+fastino_gliner2_pii,sanctum,0.8,ORGANIZATION,31,25,0.96,0.774,0.857
presidio+fastino_gliner2_pii,sanctum,0.8,PERSON,48,46,0.957,0.917,0.936
presidio+fastino_gliner2_pii,sanctum,0.8,PHONE,9,10,0.9,1.0,0.947
presidio+fastino_gliner2_pii,sanctum,0.8,URL,2,4,0.5,1.0,0.667
presidio+gliner_medium (shipped Pro),hard,0.15,DATE_TIME,85,80,0.938,0.882,0.909
presidio+gliner_medium (shipped Pro),hard,0.15,EMAIL,27,31,0.871,1.0,0.931
presidio+gliner_medium (shipped Pro),hard,0.15,FINANCIAL,19,27,0.519,0.737,0.609
presidio+gliner_medium (shipped Pro),hard,0.15,GOV_ID,40,20,0.8,0.4,0.533
presidio+gliner_medium (shipped Pro),hard,0.15,IP,3,4,0.75,1.0,0.857
presidio+gliner_medium (shipped Pro),hard,0.15,LOCATION,59,133,0.902,1.0,0.949
presidio+gliner_medium (shipped Pro),hard,0.15,ORGANIZATION,72,117,0.581,0.917,0.711
presidio+gliner_medium (shipped Pro),hard,0.15,PERSON,155,185,0.789,0.942,0.859
presidio+gliner_medium (shipped Pro),hard,0.15,PHONE,23,33,0.697,1.0,0.821
presidio+gliner_medium (shipped Pro),hard,0.15,URL,4,4,1.0,1.0,1.0
presidio+gliner_medium (shipped Pro),hard,0.2,DATE_TIME,85,79,0.949,0.882,0.915
presidio+gliner_medium (shipped Pro),hard,0.2,EMAIL,27,30,0.9,1.0,0.947
presidio+gliner_medium (shipped Pro),hard,0.2,FINANCIAL,19,24,0.542,0.684,0.605
presidio+gliner_medium (shipped Pro),hard,0.2,GOV_ID,40,20,0.75,0.375,0.5
presidio+gliner_medium (shipped Pro),hard,0.2,IP,3,4,0.75,1.0,0.857
presidio+gliner_medium (shipped Pro),hard,0.2,LOCATION,59,128,0.914,1.0,0.955
presidio+gliner_medium (shipped Pro),hard,0.2,ORGANIZATION,72,109,0.606,0.889,0.72
presidio+gliner_medium (shipped Pro),hard,0.2,PERSON,155,171,0.836,0.923,0.877
presidio+gliner_medium (shipped Pro),hard,0.2,PHONE,23,33,0.697,1.0,0.821
presidio+gliner_medium (shipped Pro),hard,0.2,URL,4,4,1.0,1.0,1.0
presidio+gliner_medium (shipped Pro),hard,0.25,DATE_TIME,85,79,0.949,0.882,0.915
presidio+gliner_medium (shipped Pro),hard,0.25,EMAIL,27,29,0.931,1.0,0.964
presidio+gliner_medium (shipped Pro),hard,0.25,FINANCIAL,19,20,0.65,0.684,0.667
presidio+gliner_medium (shipped Pro),hard,0.25,GOV_ID,40,21,0.762,0.4,0.525
presidio+gliner_medium (shipped Pro),hard,0.25,IP,3,4,0.75,1.0,0.857
presidio+gliner_medium (shipped Pro),hard,0.25,LOCATION,59,125,0.92,1.0,0.958
presidio+gliner_medium (shipped Pro),hard,0.25,ORGANIZATION,72,109,0.606,0.889,0.72
presidio+gliner_medium (shipped Pro),hard,0.25,PERSON,155,163,0.853,0.897,0.874
presidio+gliner_medium (shipped Pro),hard,0.25,PHONE,23,33,0.697,1.0,0.821
presidio+gliner_medium (shipped Pro),hard,0.25,URL,4,4,1.0,1.0,1.0
presidio+gliner_medium (shipped Pro),hard,0.3,DATE_TIME,85,79,0.949,0.882,0.915
presidio+gliner_medium (shipped Pro),hard,0.3,EMAIL,27,28,0.964,1.0,0.982
presidio+gliner_medium (shipped Pro),hard,0.3,FINANCIAL,19,17,0.765,0.684,0.722
presidio+gliner_medium (shipped Pro),hard,0.3,GOV_ID,40,20,0.75,0.375,0.5
presidio+gliner_medium (shipped Pro),hard,0.3,IP,3,4,0.75,1.0,0.857
presidio+gliner_medium (shipped Pro),hard,0.3,LOCATION,59,121,0.934,1.0,0.966
presidio+gliner_medium (shipped Pro),hard,0.3,ORGANIZATION,72,105,0.629,0.889,0.736
presidio+gliner_medium (shipped Pro),hard,0.3,PERSON,155,156,0.878,0.884,0.881
presidio+gliner_medium (shipped Pro),hard,0.3,PHONE,23,32,0.719,1.0,0.836
presidio+gliner_medium (shipped Pro),hard,0.3,URL,4,4,1.0,1.0,1.0
presidio+gliner_medium (shipped Pro),hard,0.4,DATE_TIME,85,76,0.961,0.859,0.907
presidio+gliner_medium (shipped Pro),hard,0.4,EMAIL,27,27,1.0,1.0,1.0
presidio+gliner_medium (shipped Pro),hard,0.4,FINANCIAL,19,16,0.75,0.632,0.686
presidio+gliner_medium (shipped Pro),hard,0.4,GOV_ID,40,19,0.737,0.35,0.475
presidio+gliner_medium (shipped Pro),hard,0.4,IP,3,4,0.75,1.0,0.857
presidio+gliner_medium (shipped Pro),hard,0.4,LOCATION,59,112,0.946,0.983,0.964
presidio+gliner_medium (shipped Pro),hard,0.4,ORGANIZATION,72,97,0.66,0.861,0.747
presidio+gliner_medium (shipped Pro),hard,0.4,PERSON,155,149,0.899,0.865,0.882
presidio+gliner_medium (shipped Pro),hard,0.4,PHONE,23,31,0.742,1.0,0.852
presidio+gliner_medium (shipped Pro),hard,0.4,URL,4,4,1.0,1.0,1.0
presidio+gliner_medium (shipped Pro),hard,0.5,DATE_TIME,85,72,0.958,0.812,0.879
presidio+gliner_medium (shipped Pro),hard,0.5,EMAIL,27,27,1.0,1.0,1.0
presidio+gliner_medium (shipped Pro),hard,0.5,FINANCIAL,19,16,0.75,0.632,0.686
presidio+gliner_medium (shipped Pro),hard,0.5,GOV_ID,40,18,0.778,0.35,0.483
presidio+gliner_medium (shipped Pro),hard,0.5,IP,3,4,0.75,1.0,0.857
presidio+gliner_medium (shipped Pro),hard,0.5,LOCATION,59,98,0.949,0.949,0.949
presidio+gliner_medium (shipped Pro),hard,0.5,ORGANIZATION,72,85,0.694,0.806,0.746
presidio+gliner_medium (shipped Pro),hard,0.5,PERSON,155,142,0.93,0.852,0.889
presidio+gliner_medium (shipped Pro),hard,0.5,PHONE,23,31,0.742,1.0,0.852
presidio+gliner_medium (shipped Pro),hard,0.5,URL,4,4,1.0,1.0,1.0
presidio+gliner_medium (shipped Pro),hard,0.6,DATE_TIME,85,64,1.0,0.753,0.859
presidio+gliner_medium (shipped Pro),hard,0.6,EMAIL,27,27,1.0,1.0,1.0
presidio+gliner_medium (shipped Pro),hard,0.6,FINANCIAL,19,15,0.8,0.632,0.706
presidio+gliner_medium (shipped Pro),hard,0.6,GOV_ID,40,16,0.812,0.325,0.464
presidio+gliner_medium (shipped Pro),hard,0.6,IP,3,4,0.75,1.0,0.857
presidio+gliner_medium (shipped Pro),hard,0.6,LOCATION,59,78,0.974,0.898,0.935
presidio+gliner_medium (shipped Pro),hard,0.6,ORGANIZATION,72,68,0.765,0.722,0.743
presidio+gliner_medium (shipped Pro),hard,0.6,PERSON,155,132,0.947,0.806,0.871
presidio+gliner_medium (shipped Pro),hard,0.6,PHONE,23,31,0.742,1.0,0.852
presidio+gliner_medium (shipped Pro),hard,0.6,URL,4,4,1.0,1.0,1.0
presidio+gliner_medium (shipped Pro),hard,0.7,DATE_TIME,85,60,1.0,0.706,0.828
presidio+gliner_medium (shipped Pro),hard,0.7,EMAIL,27,27,1.0,1.0,1.0
presidio+gliner_medium (shipped Pro),hard,0.7,FINANCIAL,19,13,0.923,0.632,0.75
presidio+gliner_medium (shipped Pro),hard,0.7,GOV_ID,40,15,0.867,0.325,0.473
presidio+gliner_medium (shipped Pro),hard,0.7,IP,3,3,1.0,1.0,1.0
presidio+gliner_medium (shipped Pro),hard,0.7,LOCATION,59,60,0.983,0.814,0.89
presidio+gliner_medium (shipped Pro),hard,0.7,ORGANIZATION,72,60,0.817,0.681,0.742
presidio+gliner_medium (shipped Pro),hard,0.7,PERSON,155,112,1.0,0.723,0.839
presidio+gliner_medium (shipped Pro),hard,0.7,PHONE,23,30,0.767,1.0,0.868
presidio+gliner_medium (shipped Pro),hard,0.7,URL,4,4,1.0,1.0,1.0
presidio+gliner_medium (shipped Pro),hard,0.8,DATE_TIME,85,47,1.0,0.553,0.712
presidio+gliner_medium (shipped Pro),hard,0.8,EMAIL,27,27,1.0,1.0,1.0
presidio+gliner_medium (shipped Pro),hard,0.8,FINANCIAL,19,13,0.846,0.579,0.688
presidio+gliner_medium (shipped Pro),hard,0.8,GOV_ID,40,13,0.923,0.3,0.453
presidio+gliner_medium (shipped Pro),hard,0.8,IP,3,3,1.0,1.0,1.0
presidio+gliner_medium (shipped Pro),hard,0.8,LOCATION,59,32,1.0,0.458,0.628
presidio+gliner_medium (shipped Pro),hard,0.8,ORGANIZATION,72,50,0.84,0.583,0.689
presidio+gliner_medium (shipped Pro),hard,0.8,PERSON,155,92,1.0,0.594,0.745
presidio+gliner_medium (shipped Pro),hard,0.8,PHONE,23,29,0.793,1.0,0.885
presidio+gliner_medium (shipped Pro),hard,0.8,URL,4,4,1.0,1.0,1.0
presidio+gliner_medium (shipped Pro),sanctum,0.15,DATE_TIME,30,42,0.714,1.0,0.833
presidio+gliner_medium (shipped Pro),sanctum,0.15,EMAIL,11,12,0.917,1.0,0.957
presidio+gliner_medium (shipped Pro),sanctum,0.15,FINANCIAL,5,11,0.455,1.0,0.625
presidio+gliner_medium (shipped Pro),sanctum,0.15,GOV_ID,3,6,0.5,1.0,0.667
presidio+gliner_medium (shipped Pro),sanctum,0.15,IP,1,1,1.0,1.0,1.0
presidio+gliner_medium (shipped Pro),sanctum,0.15,LOCATION,14,57,0.912,1.0,0.954
presidio+gliner_medium (shipped Pro),sanctum,0.15,ORGANIZATION,31,38,0.763,0.903,0.827
presidio+gliner_medium (shipped Pro),sanctum,0.15,PERSON,48,78,0.615,1.0,0.762
presidio+gliner_medium (shipped Pro),sanctum,0.15,PHONE,9,17,0.529,1.0,0.692
presidio+gliner_medium (shipped Pro),sanctum,0.15,URL,2,5,0.4,1.0,0.571
presidio+gliner_medium (shipped Pro),sanctum,0.2,DATE_TIME,30,40,0.75,1.0,0.857
presidio+gliner_medium (shipped Pro),sanctum,0.2,EMAIL,11,12,0.917,1.0,0.957
presidio+gliner_medium (shipped Pro),sanctum,0.2,FINANCIAL,5,10,0.5,1.0,0.667
presidio+gliner_medium (shipped Pro),sanctum,0.2,GOV_ID,3,5,0.6,1.0,0.75
presidio+gliner_medium (shipped Pro),sanctum,0.2,IP,1,1,1.0,1.0,1.0
presidio+gliner_medium (shipped Pro),sanctum,0.2,LOCATION,14,56,0.911,1.0,0.953
presidio+gliner_medium (shipped Pro),sanctum,0.2,ORGANIZATION,31,38,0.763,0.903,0.827
presidio+gliner_medium (shipped Pro),sanctum,0.2,PERSON,48,72,0.667,1.0,0.8
presidio+gliner_medium (shipped Pro),sanctum,0.2,PHONE,9,16,0.562,1.0,0.72
presidio+gliner_medium (shipped Pro),sanctum,0.2,URL,2,4,0.5,1.0,0.667
presidio+gliner_medium (shipped Pro),sanctum,0.25,DATE_TIME,30,38,0.789,1.0,0.882
presidio+gliner_medium (shipped Pro),sanctum,0.25,EMAIL,11,12,0.917,1.0,0.957
presidio+gliner_medium (shipped Pro),sanctum,0.25,FINANCIAL,5,8,0.625,1.0,0.769
presidio+gliner_medium (shipped Pro),sanctum,0.25,GOV_ID,3,5,0.6,1.0,0.75
presidio+gliner_medium (shipped Pro),sanctum,0.25,IP,1,1,1.0,1.0,1.0
presidio+gliner_medium (shipped Pro),sanctum,0.25,LOCATION,14,53,0.925,1.0,0.961
presidio+gliner_medium (shipped Pro),sanctum,0.25,ORGANIZATION,31,35,0.8,0.903,0.848
presidio+gliner_medium (shipped Pro),sanctum,0.25,PERSON,48,68,0.706,1.0,0.828
presidio+gliner_medium (shipped Pro),sanctum,0.25,PHONE,9,15,0.6,1.0,0.75
presidio+gliner_medium (shipped Pro),sanctum,0.25,URL,2,4,0.5,1.0,0.667
presidio+gliner_medium (shipped Pro),sanctum,0.3,DATE_TIME,30,35,0.857,1.0,0.923
presidio+gliner_medium (shipped Pro),sanctum,0.3,EMAIL,11,11,1.0,1.0,1.0
presidio+gliner_medium (shipped Pro),sanctum,0.3,FINANCIAL,5,6,0.667,0.8,0.727
presidio+gliner_medium (shipped Pro),sanctum,0.3,GOV_ID,3,5,0.6,1.0,0.75
presidio+gliner_medium (shipped Pro),sanctum,0.3,IP,1,1,1.0,1.0,1.0
presidio+gliner_medium (shipped Pro),sanctum,0.3,LOCATION,14,50,0.92,1.0,0.958
presidio+gliner_medium (shipped Pro),sanctum,0.3,ORGANIZATION,31,35,0.8,0.903,0.848
presidio+gliner_medium (shipped Pro),sanctum,0.3,PERSON,48,68,0.706,1.0,0.828
presidio+gliner_medium (shipped Pro),sanctum,0.3,PHONE,9,14,0.643,1.0,0.783
presidio+gliner_medium (shipped Pro),sanctum,0.3,URL,2,4,0.5,1.0,0.667
presidio+gliner_medium (shipped Pro),sanctum,0.4,DATE_TIME,30,34,0.882,1.0,0.938
presidio+gliner_medium (shipped Pro),sanctum,0.4,EMAIL,11,11,1.0,1.0,1.0
presidio+gliner_medium (shipped Pro),sanctum,0.4,FINANCIAL,5,5,0.8,0.8,0.8
presidio+gliner_medium (shipped Pro),sanctum,0.4,GOV_ID,3,5,0.6,1.0,0.75
presidio+gliner_medium (shipped Pro),sanctum,0.4,IP,1,1,1.0,1.0,1.0
presidio+gliner_medium (shipped Pro),sanctum,0.4,LOCATION,14,47,0.915,1.0,0.956
presidio+gliner_medium (shipped Pro),sanctum,0.4,ORGANIZATION,31,33,0.818,0.871,0.844
presidio+gliner_medium (shipped Pro),sanctum,0.4,PERSON,48,60,0.783,0.979,0.87
presidio+gliner_medium (shipped Pro),sanctum,0.4,PHONE,9,14,0.643,1.0,0.783
presidio+gliner_medium (shipped Pro),sanctum,0.4,URL,2,4,0.5,1.0,0.667
presidio+gliner_medium (shipped Pro),sanctum,0.5,DATE_TIME,30,32,0.938,1.0,0.968
presidio+gliner_medium (shipped Pro),sanctum,0.5,EMAIL,11,11,1.0,1.0,1.0
presidio+gliner_medium (shipped Pro),sanctum,0.5,FINANCIAL,5,5,0.8,0.8,0.8
presidio+gliner_medium (shipped Pro),sanctum,0.5,GOV_ID,3,3,1.0,1.0,1.0
presidio+gliner_medium (shipped Pro),sanctum,0.5,IP,1,1,1.0,1.0,1.0
presidio+gliner_medium (shipped Pro),sanctum,0.5,LOCATION,14,39,0.923,1.0,0.96
presidio+gliner_medium (shipped Pro),sanctum,0.5,ORGANIZATION,31,30,0.833,0.806,0.82
presidio+gliner_medium (shipped Pro),sanctum,0.5,PERSON,48,55,0.855,0.979,0.913
presidio+gliner_medium (shipped Pro),sanctum,0.5,PHONE,9,13,0.692,1.0,0.818
presidio+gliner_medium (shipped Pro),sanctum,0.5,URL,2,4,0.5,1.0,0.667
presidio+gliner_medium (shipped Pro),sanctum,0.6,DATE_TIME,30,31,0.968,1.0,0.984
presidio+gliner_medium (shipped Pro),sanctum,0.6,EMAIL,11,11,1.0,1.0,1.0
presidio+gliner_medium (shipped Pro),sanctum,0.6,FINANCIAL,5,4,0.75,0.6,0.667
presidio+gliner_medium (shipped Pro),sanctum,0.6,GOV_ID,3,3,1.0,1.0,1.0
presidio+gliner_medium (shipped Pro),sanctum,0.6,IP,1,1,1.0,1.0,1.0
presidio+gliner_medium (shipped Pro),sanctum,0.6,LOCATION,14,33,0.909,0.929,0.919
presidio+gliner_medium (shipped Pro),sanctum,0.6,ORGANIZATION,31,28,0.857,0.774,0.814
presidio+gliner_medium (shipped Pro),sanctum,0.6,PERSON,48,54,0.87,0.979,0.922
presidio+gliner_medium (shipped Pro),sanctum,0.6,PHONE,9,12,0.75,1.0,0.857
presidio+gliner_medium (shipped Pro),sanctum,0.6,URL,2,4,0.5,1.0,0.667
presidio+gliner_medium (shipped Pro),sanctum,0.7,DATE_TIME,30,30,1.0,1.0,1.0
presidio+gliner_medium (shipped Pro),sanctum,0.7,EMAIL,11,11,1.0,1.0,1.0
presidio+gliner_medium (shipped Pro),sanctum,0.7,FINANCIAL,5,2,1.0,0.4,0.571
presidio+gliner_medium (shipped Pro),sanctum,0.7,GOV_ID,3,3,1.0,1.0,1.0
presidio+gliner_medium (shipped Pro),sanctum,0.7,IP,1,1,1.0,1.0,1.0
presidio+gliner_medium (shipped Pro),sanctum,0.7,LOCATION,14,29,0.897,0.929,0.912
presidio+gliner_medium (shipped Pro),sanctum,0.7,ORGANIZATION,31,27,0.889,0.774,0.828
presidio+gliner_medium (shipped Pro),sanctum,0.7,PERSON,48,53,0.887,0.979,0.931
presidio+gliner_medium (shipped Pro),sanctum,0.7,PHONE,9,12,0.75,1.0,0.857
presidio+gliner_medium (shipped Pro),sanctum,0.7,URL,2,4,0.5,1.0,0.667
presidio+gliner_medium (shipped Pro),sanctum,0.8,DATE_TIME,30,30,1.0,1.0,1.0
presidio+gliner_medium (shipped Pro),sanctum,0.8,EMAIL,11,11,1.0,1.0,1.0
presidio+gliner_medium (shipped Pro),sanctum,0.8,FINANCIAL,5,2,1.0,0.4,0.571
presidio+gliner_medium (shipped Pro),sanctum,0.8,GOV_ID,3,3,1.0,1.0,1.0
presidio+gliner_medium (shipped Pro),sanctum,0.8,IP,1,1,1.0,1.0,1.0
presidio+gliner_medium (shipped Pro),sanctum,0.8,LOCATION,14,13,0.846,0.571,0.682
presidio+gliner_medium (shipped Pro),sanctum,0.8,ORGANIZATION,31,22,1.0,0.71,0.83
presidio+gliner_medium (shipped Pro),sanctum,0.8,PERSON,48,52,0.904,0.979,0.94
presidio+gliner_medium (shipped Pro),sanctum,0.8,PHONE,9,12,0.75,1.0,0.857
presidio+gliner_medium (shipped Pro),sanctum,0.8,URL,2,4,0.5,1.0,0.667
presidio+gliner_multi_pii,hard,0.15,DATE_TIME,85,77,0.909,0.835,0.871
presidio+gliner_multi_pii,hard,0.15,EMAIL,27,28,0.964,1.0,0.982
presidio+gliner_multi_pii,hard,0.15,FINANCIAL,19,32,0.594,1.0,0.745
presidio+gliner_multi_pii,hard,0.15,GOV_ID,40,20,0.85,0.425,0.567
presidio+gliner_multi_pii,hard,0.15,IP,3,4,0.75,1.0,0.857
presidio+gliner_multi_pii,hard,0.15,LOCATION,59,57,0.895,0.932,0.913
presidio+gliner_multi_pii,hard,0.15,ORGANIZATION,72,93,0.677,0.875,0.764
presidio+gliner_multi_pii,hard,0.15,PERSON,155,151,0.894,0.871,0.882
presidio+gliner_multi_pii,hard,0.15,PHONE,23,23,0.913,0.913,0.913
presidio+gliner_multi_pii,hard,0.15,URL,4,8,0.375,0.75,0.5
presidio+gliner_multi_pii,hard,0.2,DATE_TIME,85,76,0.908,0.824,0.864
presidio+gliner_multi_pii,hard,0.2,EMAIL,27,28,0.964,1.0,0.982
presidio+gliner_multi_pii,hard,0.2,FINANCIAL,19,32,0.594,1.0,0.745
presidio+gliner_multi_pii,hard,0.2,GOV_ID,40,18,0.944,0.425,0.586
presidio+gliner_multi_pii,hard,0.2,IP,3,4,0.75,1.0,0.857
presidio+gliner_multi_pii,hard,0.2,LOCATION,59,56,0.911,0.932,0.921
presidio+gliner_multi_pii,hard,0.2,ORGANIZATION,72,89,0.697,0.861,0.77
presidio+gliner_multi_pii,hard,0.2,PERSON,155,148,0.892,0.852,0.871
presidio+gliner_multi_pii,hard,0.2,PHONE,23,23,0.913,0.913,0.913
presidio+gliner_multi_pii,hard,0.2,URL,4,7,0.429,0.75,0.545
presidio+gliner_multi_pii,hard,0.25,DATE_TIME,85,73,0.932,0.812,0.868
presidio+gliner_multi_pii,hard,0.25,EMAIL,27,28,0.964,1.0,0.982
presidio+gliner_multi_pii,hard,0.25,FINANCIAL,19,31,0.613,1.0,0.76
presidio+gliner_multi_pii,hard,0.25,GOV_ID,40,16,1.0,0.4,0.571
presidio+gliner_multi_pii,hard,0.25,IP,3,4,0.75,1.0,0.857
presidio+gliner_multi_pii,hard,0.25,LOCATION,59,50,0.92,0.847,0.882
presidio+gliner_multi_pii,hard,0.25,ORGANIZATION,72,87,0.713,0.861,0.78
presidio+gliner_multi_pii,hard,0.25,PERSON,155,144,0.91,0.845,0.876
presidio+gliner_multi_pii,hard,0.25,PHONE,23,24,0.917,0.957,0.936
presidio+gliner_multi_pii,hard,0.25,URL,4,6,0.5,0.75,0.6
presidio+gliner_multi_pii,hard,0.3,DATE_TIME,85,72,0.944,0.812,0.873
presidio+gliner_multi_pii,hard,0.3,EMAIL,27,28,0.964,1.0,0.982
presidio+gliner_multi_pii,hard,0.3,FINANCIAL,19,29,0.655,1.0,0.792
presidio+gliner_multi_pii,hard,0.3,GOV_ID,40,15,1.0,0.375,0.545
presidio+gliner_multi_pii,hard,0.3,IP,3,4,0.75,1.0,0.857
presidio+gliner_multi_pii,hard,0.3,LOCATION,59,47,0.915,0.797,0.852
presidio+gliner_multi_pii,hard,0.3,ORGANIZATION,72,85,0.729,0.861,0.79
presidio+gliner_multi_pii,hard,0.3,PERSON,155,144,0.91,0.845,0.876
presidio+gliner_multi_pii,hard,0.3,PHONE,23,25,0.88,0.957,0.917
presidio+gliner_multi_pii,hard,0.3,URL,4,6,0.5,0.75,0.6
presidio+gliner_multi_pii,hard,0.4,DATE_TIME,85,69,0.942,0.776,0.851
presidio+gliner_multi_pii,hard,0.4,EMAIL,27,28,0.964,1.0,0.982
presidio+gliner_multi_pii,hard,0.4,FINANCIAL,19,27,0.667,0.947,0.783
presidio+gliner_multi_pii,hard,0.4,GOV_ID,40,14,1.0,0.35,0.519
presidio+gliner_multi_pii,hard,0.4,IP,3,4,0.75,1.0,0.857
presidio+gliner_multi_pii,hard,0.4,LOCATION,59,43,0.93,0.746,0.828
presidio+gliner_multi_pii,hard,0.4,ORGANIZATION,72,76,0.789,0.833,0.811
presidio+gliner_multi_pii,hard,0.4,PERSON,155,143,0.909,0.839,0.872
presidio+gliner_multi_pii,hard,0.4,PHONE,23,27,0.852,1.0,0.92
presidio+gliner_multi_pii,hard,0.4,URL,4,5,0.6,0.75,0.667
presidio+gliner_multi_pii,hard,0.5,DATE_TIME,85,66,0.955,0.753,0.842
presidio+gliner_multi_pii,hard,0.5,EMAIL,27,27,1.0,1.0,1.0
presidio+gliner_multi_pii,hard,0.5,FINANCIAL,19,27,0.667,0.947,0.783
presidio+gliner_multi_pii,hard,0.5,GOV_ID,40,13,1.0,0.325,0.491
presidio+gliner_multi_pii,hard,0.5,IP,3,4,0.75,1.0,0.857
presidio+gliner_multi_pii,hard,0.5,LOCATION,59,40,0.925,0.695,0.794
presidio+gliner_multi_pii,hard,0.5,ORGANIZATION,72,70,0.829,0.806,0.817
presidio+gliner_multi_pii,hard,0.5,PERSON,155,142,0.908,0.832,0.869
presidio+gliner_multi_pii,hard,0.5,PHONE,23,27,0.852,1.0,0.92
presidio+gliner_multi_pii,hard,0.5,URL,4,4,0.75,0.75,0.75
presidio+gliner_multi_pii,hard,0.6,DATE_TIME,85,66,0.97,0.753,0.848
presidio+gliner_multi_pii,hard,0.6,EMAIL,27,27,1.0,1.0,1.0
presidio+gliner_multi_pii,hard,0.6,FINANCIAL,19,22,0.818,0.947,0.878
presidio+gliner_multi_pii,hard,0.6,GOV_ID,40,18,1.0,0.45,0.621
presidio+gliner_multi_pii,hard,0.6,IP,3,4,0.75,1.0,0.857
presidio+gliner_multi_pii,hard,0.6,LOCATION,59,36,0.972,0.661,0.787
presidio+gliner_multi_pii,hard,0.6,ORGANIZATION,72,68,0.838,0.792,0.814
presidio+gliner_multi_pii,hard,0.6,PERSON,155,139,0.914,0.819,0.864
presidio+gliner_multi_pii,hard,0.6,PHONE,23,27,0.852,1.0,0.92
presidio+gliner_multi_pii,hard,0.6,URL,4,4,0.75,0.75,0.75
presidio+gliner_multi_pii,hard,0.7,DATE_TIME,85,65,0.969,0.741,0.84
presidio+gliner_multi_pii,hard,0.7,EMAIL,27,27,1.0,1.0,1.0
presidio+gliner_multi_pii,hard,0.7,FINANCIAL,19,20,0.85,0.895,0.872
presidio+gliner_multi_pii,hard,0.7,GOV_ID,40,18,1.0,0.45,0.621
presidio+gliner_multi_pii,hard,0.7,IP,3,4,0.75,1.0,0.857
presidio+gliner_multi_pii,hard,0.7,LOCATION,59,35,0.971,0.627,0.762
presidio+gliner_multi_pii,hard,0.7,ORGANIZATION,72,56,0.875,0.681,0.766
presidio+gliner_multi_pii,hard,0.7,PERSON,155,137,0.927,0.819,0.87
presidio+gliner_multi_pii,hard,0.7,PHONE,23,27,0.852,1.0,0.92
presidio+gliner_multi_pii,hard,0.7,URL,4,4,0.75,0.75,0.75
presidio+gliner_multi_pii,hard,0.8,DATE_TIME,85,58,0.966,0.659,0.783
presidio+gliner_multi_pii,hard,0.8,EMAIL,27,27,1.0,1.0,1.0
presidio+gliner_multi_pii,hard,0.8,FINANCIAL,19,13,1.0,0.684,0.813
presidio+gliner_multi_pii,hard,0.8,GOV_ID,40,16,1.0,0.4,0.571
presidio+gliner_multi_pii,hard,0.8,IP,3,4,0.75,1.0,0.857
presidio+gliner_multi_pii,hard,0.8,LOCATION,59,32,1.0,0.576,0.731
presidio+gliner_multi_pii,hard,0.8,ORGANIZATION,72,52,0.904,0.653,0.758
presidio+gliner_multi_pii,hard,0.8,PERSON,155,131,0.924,0.781,0.846
presidio+gliner_multi_pii,hard,0.8,PHONE,23,29,0.793,1.0,0.885
presidio+gliner_multi_pii,hard,0.8,URL,4,3,1.0,0.75,0.857
presidio+gliner_multi_pii,sanctum,0.15,DATE_TIME,30,38,0.789,1.0,0.882
presidio+gliner_multi_pii,sanctum,0.15,EMAIL,11,11,1.0,1.0,1.0
presidio+gliner_multi_pii,sanctum,0.15,FINANCIAL,5,4,1.0,0.8,0.889
presidio+gliner_multi_pii,sanctum,0.15,GOV_ID,3,3,1.0,1.0,1.0
presidio+gliner_multi_pii,sanctum,0.15,IP,1,1,1.0,1.0,1.0
presidio+gliner_multi_pii,sanctum,0.15,LOCATION,14,18,0.778,1.0,0.875
presidio+gliner_multi_pii,sanctum,0.15,ORGANIZATION,31,36,0.639,0.71,0.672
presidio+gliner_multi_pii,sanctum,0.15,PERSON,48,73,0.658,1.0,0.793
presidio+gliner_multi_pii,sanctum,0.15,PHONE,9,12,0.75,1.0,0.857
presidio+gliner_multi_pii,sanctum,0.15,URL,2,4,0.5,1.0,0.667
presidio+gliner_multi_pii,sanctum,0.2,DATE_TIME,30,35,0.857,1.0,0.923
presidio+gliner_multi_pii,sanctum,0.2,EMAIL,11,11,1.0,1.0,1.0
presidio+gliner_multi_pii,sanctum,0.2,FINANCIAL,5,4,1.0,0.8,0.889
presidio+gliner_multi_pii,sanctum,0.2,GOV_ID,3,3,1.0,1.0,1.0
presidio+gliner_multi_pii,sanctum,0.2,IP,1,1,1.0,1.0,1.0
presidio+gliner_multi_pii,sanctum,0.2,LOCATION,14,18,0.778,1.0,0.875
presidio+gliner_multi_pii,sanctum,0.2,ORGANIZATION,31,32,0.656,0.677,0.667
presidio+gliner_multi_pii,sanctum,0.2,PERSON,48,71,0.676,1.0,0.807
presidio+gliner_multi_pii,sanctum,0.2,PHONE,9,12,0.75,1.0,0.857
presidio+gliner_multi_pii,sanctum,0.2,URL,2,4,0.5,1.0,0.667
presidio+gliner_multi_pii,sanctum,0.25,DATE_TIME,30,34,0.853,0.967,0.906
presidio+gliner_multi_pii,sanctum,0.25,EMAIL,11,11,1.0,1.0,1.0
presidio+gliner_multi_pii,sanctum,0.25,FINANCIAL,5,4,1.0,0.8,0.889
presidio+gliner_multi_pii,sanctum,0.25,GOV_ID,3,3,1.0,1.0,1.0
presidio+gliner_multi_pii,sanctum,0.25,IP,1,1,1.0,1.0,1.0
presidio+gliner_multi_pii,sanctum,0.25,LOCATION,14,18,0.778,1.0,0.875
presidio+gliner_multi_pii,sanctum,0.25,ORGANIZATION,31,29,0.724,0.677,0.7
presidio+gliner_multi_pii,sanctum,0.25,PERSON,48,68,0.706,1.0,0.828
presidio+gliner_multi_pii,sanctum,0.25,PHONE,9,12,0.75,1.0,0.857
presidio+gliner_multi_pii,sanctum,0.25,URL,2,4,0.5,1.0,0.667
presidio+gliner_multi_pii,sanctum,0.3,DATE_TIME,30,34,0.853,0.967,0.906
presidio+gliner_multi_pii,sanctum,0.3,EMAIL,11,11,1.0,1.0,1.0
presidio+gliner_multi_pii,sanctum,0.3,FINANCIAL,5,4,1.0,0.8,0.889
presidio+gliner_multi_pii,sanctum,0.3,GOV_ID,3,3,1.0,1.0,1.0
presidio+gliner_multi_pii,sanctum,0.3,IP,1,1,1.0,1.0,1.0
presidio+gliner_multi_pii,sanctum,0.3,LOCATION,14,18,0.778,1.0,0.875
presidio+gliner_multi_pii,sanctum,0.3,ORGANIZATION,31,27,0.778,0.677,0.724
presidio+gliner_multi_pii,sanctum,0.3,PERSON,48,68,0.706,1.0,0.828
presidio+gliner_multi_pii,sanctum,0.3,PHONE,9,12,0.75,1.0,0.857
presidio+gliner_multi_pii,sanctum,0.3,URL,2,4,0.5,1.0,0.667
presidio+gliner_multi_pii,sanctum,0.4,DATE_TIME,30,32,0.906,0.967,0.935
presidio+gliner_multi_pii,sanctum,0.4,EMAIL,11,11,1.0,1.0,1.0
presidio+gliner_multi_pii,sanctum,0.4,FINANCIAL,5,4,1.0,0.8,0.889
presidio+gliner_multi_pii,sanctum,0.4,GOV_ID,3,3,1.0,1.0,1.0
presidio+gliner_multi_pii,sanctum,0.4,IP,1,1,1.0,1.0,1.0
presidio+gliner_multi_pii,sanctum,0.4,LOCATION,14,18,0.778,1.0,0.875
presidio+gliner_multi_pii,sanctum,0.4,ORGANIZATION,31,24,0.833,0.645,0.727
presidio+gliner_multi_pii,sanctum,0.4,PERSON,48,67,0.716,1.0,0.835
presidio+gliner_multi_pii,sanctum,0.4,PHONE,9,12,0.75,1.0,0.857
presidio+gliner_multi_pii,sanctum,0.4,URL,2,4,0.5,1.0,0.667
presidio+gliner_multi_pii,sanctum,0.5,DATE_TIME,30,32,0.906,0.967,0.935
presidio+gliner_multi_pii,sanctum,0.5,EMAIL,11,11,1.0,1.0,1.0
presidio+gliner_multi_pii,sanctum,0.5,FINANCIAL,5,4,1.0,0.8,0.889
presidio+gliner_multi_pii,sanctum,0.5,GOV_ID,3,3,1.0,1.0,1.0
presidio+gliner_multi_pii,sanctum,0.5,IP,1,1,1.0,1.0,1.0
presidio+gliner_multi_pii,sanctum,0.5,LOCATION,14,17,0.765,0.929,0.839
presidio+gliner_multi_pii,sanctum,0.5,ORGANIZATION,31,23,0.87,0.645,0.741
presidio+gliner_multi_pii,sanctum,0.5,PERSON,48,66,0.727,1.0,0.842
presidio+gliner_multi_pii,sanctum,0.5,PHONE,9,12,0.75,1.0,0.857
presidio+gliner_multi_pii,sanctum,0.5,URL,2,4,0.5,1.0,0.667
presidio+gliner_multi_pii,sanctum,0.6,DATE_TIME,30,31,0.935,0.967,0.951
presidio+gliner_multi_pii,sanctum,0.6,EMAIL,11,11,1.0,1.0,1.0
presidio+gliner_multi_pii,sanctum,0.6,FINANCIAL,5,4,1.0,0.8,0.889
presidio+gliner_multi_pii,sanctum,0.6,GOV_ID,3,3,1.0,1.0,1.0
presidio+gliner_multi_pii,sanctum,0.6,IP,1,1,1.0,1.0,1.0
presidio+gliner_multi_pii,sanctum,0.6,LOCATION,14,16,0.812,0.929,0.867
presidio+gliner_multi_pii,sanctum,0.6,ORGANIZATION,31,23,0.87,0.645,0.741
presidio+gliner_multi_pii,sanctum,0.6,PERSON,48,63,0.762,1.0,0.865
presidio+gliner_multi_pii,sanctum,0.6,PHONE,9,12,0.75,1.0,0.857
presidio+gliner_multi_pii,sanctum,0.6,URL,2,4,0.5,1.0,0.667
presidio+gliner_multi_pii,sanctum,0.7,DATE_TIME,30,29,1.0,0.967,0.983
presidio+gliner_multi_pii,sanctum,0.7,EMAIL,11,11,1.0,1.0,1.0
presidio+gliner_multi_pii,sanctum,0.7,FINANCIAL,5,4,1.0,0.8,0.889
presidio+gliner_multi_pii,sanctum,0.7,GOV_ID,3,3,1.0,1.0,1.0
presidio+gliner_multi_pii,sanctum,0.7,IP,1,1,1.0,1.0,1.0
presidio+gliner_multi_pii,sanctum,0.7,LOCATION,14,15,0.8,0.857,0.828
presidio+gliner_multi_pii,sanctum,0.7,ORGANIZATION,31,23,0.87,0.645,0.741
presidio+gliner_multi_pii,sanctum,0.7,PERSON,48,59,0.814,1.0,0.897
presidio+gliner_multi_pii,sanctum,0.7,PHONE,9,12,0.75,1.0,0.857
presidio+gliner_multi_pii,sanctum,0.7,URL,2,4,0.5,1.0,0.667
presidio+gliner_multi_pii,sanctum,0.8,DATE_TIME,30,29,1.0,0.967,0.983
presidio+gliner_multi_pii,sanctum,0.8,EMAIL,11,11,1.0,1.0,1.0
presidio+gliner_multi_pii,sanctum,0.8,FINANCIAL,5,4,1.0,0.8,0.889
presidio+gliner_multi_pii,sanctum,0.8,GOV_ID,3,3,1.0,1.0,1.0
presidio+gliner_multi_pii,sanctum,0.8,IP,1,1,1.0,1.0,1.0
presidio+gliner_multi_pii,sanctum,0.8,LOCATION,14,13,0.769,0.714,0.741
presidio+gliner_multi_pii,sanctum,0.8,ORGANIZATION,31,21,0.857,0.581,0.692
presidio+gliner_multi_pii,sanctum,0.8,PERSON,48,58,0.828,1.0,0.906
presidio+gliner_multi_pii,sanctum,0.8,PHONE,9,12,0.75,1.0,0.857
presidio+gliner_multi_pii,sanctum,0.8,URL,2,4,0.5,1.0,0.667
presidio+gretel_bi_small,hard,0.15,DATE_TIME,85,41,0.976,0.471,0.635
presidio+gretel_bi_small,hard,0.15,EMAIL,27,27,1.0,1.0,1.0
presidio+gretel_bi_small,hard,0.15,FINANCIAL,19,14,0.929,0.684,0.788
presidio+gretel_bi_small,hard,0.15,GOV_ID,40,19,0.895,0.425,0.576
presidio+gretel_bi_small,hard,0.15,IP,3,3,1.0,1.0,1.0
presidio+gretel_bi_small,hard,0.15,LOCATION,59,37,0.838,0.492,0.62
presidio+gretel_bi_small,hard,0.15,ORGANIZATION,72,9,1.0,0.125,0.222
presidio+gretel_bi_small,hard,0.15,PERSON,155,98,0.98,0.619,0.759
presidio+gretel_bi_small,hard,0.15,PHONE,23,32,0.719,1.0,0.836
presidio+gretel_bi_small,hard,0.15,URL,4,4,1.0,1.0,1.0
presidio+gretel_bi_small,hard,0.2,DATE_TIME,85,40,0.975,0.459,0.624
presidio+gretel_bi_small,hard,0.2,EMAIL,27,27,1.0,1.0,1.0
presidio+gretel_bi_small,hard,0.2,FINANCIAL,19,14,0.929,0.684,0.788
presidio+gretel_bi_small,hard,0.2,GOV_ID,40,19,0.895,0.425,0.576
presidio+gretel_bi_small,hard,0.2,IP,3,3,1.0,1.0,1.0
presidio+gretel_bi_small,hard,0.2,LOCATION,59,33,0.848,0.441,0.58
presidio+gretel_bi_small,hard,0.2,ORGANIZATION,72,6,1.0,0.083,0.154
presidio+gretel_bi_small,hard,0.2,PERSON,155,91,0.978,0.574,0.724
presidio+gretel_bi_small,hard,0.2,PHONE,23,32,0.719,1.0,0.836
presidio+gretel_bi_small,hard,0.2,URL,4,4,1.0,1.0,1.0
presidio+gretel_bi_small,hard,0.25,DATE_TIME,85,40,0.975,0.459,0.624
presidio+gretel_bi_small,hard,0.25,EMAIL,27,27,1.0,1.0,1.0
presidio+gretel_bi_small,hard,0.25,FINANCIAL,19,14,0.929,0.684,0.788
presidio+gretel_bi_small,hard,0.25,GOV_ID,40,19,0.895,0.425,0.576
presidio+gretel_bi_small,hard,0.25,IP,3,3,1.0,1.0,1.0
presidio+gretel_bi_small,hard,0.25,LOCATION,59,30,0.833,0.39,0.531
presidio+gretel_bi_small,hard,0.25,ORGANIZATION,72,6,1.0,0.083,0.154
presidio+gretel_bi_small,hard,0.25,PERSON,155,84,0.976,0.529,0.686
presidio+gretel_bi_small,hard,0.25,PHONE,23,32,0.719,1.0,0.836
presidio+gretel_bi_small,hard,0.25,URL,4,4,1.0,1.0,1.0
presidio+gretel_bi_small,hard,0.3,DATE_TIME,85,40,0.975,0.459,0.624
presidio+gretel_bi_small,hard,0.3,EMAIL,27,27,1.0,1.0,1.0
presidio+gretel_bi_small,hard,0.3,FINANCIAL,19,15,0.867,0.684,0.765
presidio+gretel_bi_small,hard,0.3,GOV_ID,40,19,0.895,0.425,0.576
presidio+gretel_bi_small,hard,0.3,IP,3,3,1.0,1.0,1.0
presidio+gretel_bi_small,hard,0.3,LOCATION,59,29,0.828,0.373,0.514
presidio+gretel_bi_small,hard,0.3,ORGANIZATION,72,6,1.0,0.083,0.154
presidio+gretel_bi_small,hard,0.3,PERSON,155,80,0.988,0.51,0.672
presidio+gretel_bi_small,hard,0.3,PHONE,23,31,0.742,1.0,0.852
presidio+gretel_bi_small,hard,0.3,URL,4,4,1.0,1.0,1.0
presidio+gretel_bi_small,hard,0.4,DATE_TIME,85,40,0.975,0.459,0.624
presidio+gretel_bi_small,hard,0.4,EMAIL,27,27,1.0,1.0,1.0
presidio+gretel_bi_small,hard,0.4,FINANCIAL,19,15,0.867,0.684,0.765
presidio+gretel_bi_small,hard,0.4,GOV_ID,40,18,0.944,0.425,0.586
presidio+gretel_bi_small,hard,0.4,IP,3,3,1.0,1.0,1.0
presidio+gretel_bi_small,hard,0.4,LOCATION,59,22,0.818,0.288,0.426
presidio+gretel_bi_small,hard,0.4,ORGANIZATION,72,2,1.0,0.028,0.054
presidio+gretel_bi_small,hard,0.4,PERSON,155,76,0.987,0.484,0.649
presidio+gretel_bi_small,hard,0.4,PHONE,23,31,0.742,1.0,0.852
presidio+gretel_bi_small,hard,0.4,URL,4,4,1.0,1.0,1.0
presidio+gretel_bi_small,hard,0.5,DATE_TIME,85,40,0.975,0.459,0.624
presidio+gretel_bi_small,hard,0.5,EMAIL,27,27,1.0,1.0,1.0
presidio+gretel_bi_small,hard,0.5,FINANCIAL,19,15,0.867,0.684,0.765
presidio+gretel_bi_small,hard,0.5,GOV_ID,40,18,0.944,0.425,0.586
presidio+gretel_bi_small,hard,0.5,IP,3,3,1.0,1.0,1.0
presidio+gretel_bi_small,hard,0.5,LOCATION,59,18,0.833,0.237,0.369
presidio+gretel_bi_small,hard,0.5,ORGANIZATION,72,1,1.0,0.014,0.027
presidio+gretel_bi_small,hard,0.5,PERSON,155,68,0.985,0.432,0.601
presidio+gretel_bi_small,hard,0.5,PHONE,23,30,0.767,1.0,0.868
presidio+gretel_bi_small,hard,0.5,URL,4,4,1.0,1.0,1.0
presidio+gretel_bi_small,hard,0.6,DATE_TIME,85,38,0.974,0.435,0.602
presidio+gretel_bi_small,hard,0.6,EMAIL,27,27,1.0,1.0,1.0
presidio+gretel_bi_small,hard,0.6,FINANCIAL,19,15,0.867,0.684,0.765
presidio+gretel_bi_small,hard,0.6,GOV_ID,40,16,0.938,0.375,0.536
presidio+gretel_bi_small,hard,0.6,IP,3,3,1.0,1.0,1.0
presidio+gretel_bi_small,hard,0.6,LOCATION,59,13,0.923,0.203,0.333
presidio+gretel_bi_small,hard,0.6,ORGANIZATION,72,0,0.0,0.0,0.0
presidio+gretel_bi_small,hard,0.6,PERSON,155,58,1.0,0.374,0.545
presidio+gretel_bi_small,hard,0.6,PHONE,23,30,0.767,1.0,0.868
presidio+gretel_bi_small,hard,0.6,URL,4,4,1.0,1.0,1.0
presidio+gretel_bi_small,hard,0.7,DATE_TIME,85,37,0.973,0.424,0.59
presidio+gretel_bi_small,hard,0.7,EMAIL,27,27,1.0,1.0,1.0
presidio+gretel_bi_small,hard,0.7,FINANCIAL,19,15,0.867,0.684,0.765
presidio+gretel_bi_small,hard,0.7,GOV_ID,40,16,0.938,0.375,0.536
presidio+gretel_bi_small,hard,0.7,IP,3,3,1.0,1.0,1.0
presidio+gretel_bi_small,hard,0.7,LOCATION,59,8,0.875,0.119,0.209
presidio+gretel_bi_small,hard,0.7,ORGANIZATION,72,0,0.0,0.0,0.0
presidio+gretel_bi_small,hard,0.7,PERSON,155,37,1.0,0.239,0.385
presidio+gretel_bi_small,hard,0.7,PHONE,23,30,0.767,1.0,0.868
presidio+gretel_bi_small,hard,0.7,URL,4,4,1.0,1.0,1.0
presidio+gretel_bi_small,hard,0.8,DATE_TIME,85,37,0.973,0.424,0.59
presidio+gretel_bi_small,hard,0.8,EMAIL,27,27,1.0,1.0,1.0
presidio+gretel_bi_small,hard,0.8,FINANCIAL,19,15,0.867,0.684,0.765
presidio+gretel_bi_small,hard,0.8,GOV_ID,40,15,1.0,0.375,0.545
presidio+gretel_bi_small,hard,0.8,IP,3,3,1.0,1.0,1.0
presidio+gretel_bi_small,hard,0.8,LOCATION,59,5,0.8,0.068,0.125
presidio+gretel_bi_small,hard,0.8,ORGANIZATION,72,0,0.0,0.0,0.0
presidio+gretel_bi_small,hard,0.8,PERSON,155,18,1.0,0.116,0.208
presidio+gretel_bi_small,hard,0.8,PHONE,23,30,0.767,1.0,0.868
presidio+gretel_bi_small,hard,0.8,URL,4,4,1.0,1.0,1.0
presidio+gretel_bi_small,sanctum,0.15,DATE_TIME,30,18,0.944,0.567,0.708
presidio+gretel_bi_small,sanctum,0.15,EMAIL,11,11,1.0,1.0,1.0
presidio+gretel_bi_small,sanctum,0.15,FINANCIAL,5,4,1.0,0.8,0.889
presidio+gretel_bi_small,sanctum,0.15,GOV_ID,3,3,1.0,1.0,1.0
presidio+gretel_bi_small,sanctum,0.15,IP,1,1,1.0,1.0,1.0
presidio+gretel_bi_small,sanctum,0.15,LOCATION,14,14,1.0,1.0,1.0
presidio+gretel_bi_small,sanctum,0.15,ORGANIZATION,31,22,1.0,0.71,0.83
presidio+gretel_bi_small,sanctum,0.15,PERSON,48,30,1.0,0.625,0.769
presidio+gretel_bi_small,sanctum,0.15,PHONE,9,10,0.9,1.0,0.947
presidio+gretel_bi_small,sanctum,0.15,URL,2,4,0.5,1.0,0.667
presidio+gretel_bi_small,sanctum,0.2,DATE_TIME,30,18,0.944,0.567,0.708
presidio+gretel_bi_small,sanctum,0.2,EMAIL,11,11,1.0,1.0,1.0
presidio+gretel_bi_small,sanctum,0.2,FINANCIAL,5,4,1.0,0.8,0.889
presidio+gretel_bi_small,sanctum,0.2,GOV_ID,3,3,1.0,1.0,1.0
presidio+gretel_bi_small,sanctum,0.2,IP,1,1,1.0,1.0,1.0
presidio+gretel_bi_small,sanctum,0.2,LOCATION,14,14,1.0,1.0,1.0
presidio+gretel_bi_small,sanctum,0.2,ORGANIZATION,31,22,1.0,0.71,0.83
presidio+gretel_bi_small,sanctum,0.2,PERSON,48,27,1.0,0.562,0.72
presidio+gretel_bi_small,sanctum,0.2,PHONE,9,10,0.9,1.0,0.947
presidio+gretel_bi_small,sanctum,0.2,URL,2,4,0.5,1.0,0.667
presidio+gretel_bi_small,sanctum,0.25,DATE_TIME,30,17,0.941,0.533,0.681
presidio+gretel_bi_small,sanctum,0.25,EMAIL,11,11,1.0,1.0,1.0
presidio+gretel_bi_small,sanctum,0.25,FINANCIAL,5,4,1.0,0.8,0.889
presidio+gretel_bi_small,sanctum,0.25,GOV_ID,3,3,1.0,1.0,1.0
presidio+gretel_bi_small,sanctum,0.25,IP,1,1,1.0,1.0,1.0
presidio+gretel_bi_small,sanctum,0.25,LOCATION,14,14,1.0,1.0,1.0
presidio+gretel_bi_small,sanctum,0.25,ORGANIZATION,31,20,1.0,0.645,0.784
presidio+gretel_bi_small,sanctum,0.25,PERSON,48,26,1.0,0.542,0.703
presidio+gretel_bi_small,sanctum,0.25,PHONE,9,10,0.9,1.0,0.947
presidio+gretel_bi_small,sanctum,0.25,URL,2,4,0.5,1.0,0.667
presidio+gretel_bi_small,sanctum,0.3,DATE_TIME,30,17,0.941,0.533,0.681
presidio+gretel_bi_small,sanctum,0.3,EMAIL,11,11,1.0,1.0,1.0
presidio+gretel_bi_small,sanctum,0.3,FINANCIAL,5,4,1.0,0.8,0.889
presidio+gretel_bi_small,sanctum,0.3,GOV_ID,3,3,1.0,1.0,1.0
presidio+gretel_bi_small,sanctum,0.3,IP,1,1,1.0,1.0,1.0
presidio+gretel_bi_small,sanctum,0.3,LOCATION,14,14,1.0,1.0,1.0
presidio+gretel_bi_small,sanctum,0.3,ORGANIZATION,31,19,1.0,0.613,0.76
presidio+gretel_bi_small,sanctum,0.3,PERSON,48,23,1.0,0.479,0.648
presidio+gretel_bi_small,sanctum,0.3,PHONE,9,10,0.9,1.0,0.947
presidio+gretel_bi_small,sanctum,0.3,URL,2,4,0.5,1.0,0.667
presidio+gretel_bi_small,sanctum,0.4,DATE_TIME,30,17,0.941,0.533,0.681
presidio+gretel_bi_small,sanctum,0.4,EMAIL,11,11,1.0,1.0,1.0
presidio+gretel_bi_small,sanctum,0.4,FINANCIAL,5,4,1.0,0.8,0.889
presidio+gretel_bi_small,sanctum,0.4,GOV_ID,3,3,1.0,1.0,1.0
presidio+gretel_bi_small,sanctum,0.4,IP,1,1,1.0,1.0,1.0
presidio+gretel_bi_small,sanctum,0.4,LOCATION,14,14,1.0,1.0,1.0
presidio+gretel_bi_small,sanctum,0.4,ORGANIZATION,31,17,1.0,0.548,0.708
presidio+gretel_bi_small,sanctum,0.4,PERSON,48,16,1.0,0.333,0.5
presidio+gretel_bi_small,sanctum,0.4,PHONE,9,10,0.9,1.0,0.947
presidio+gretel_bi_small,sanctum,0.4,URL,2,4,0.5,1.0,0.667
presidio+gretel_bi_small,sanctum,0.5,DATE_TIME,30,15,0.933,0.467,0.622
presidio+gretel_bi_small,sanctum,0.5,EMAIL,11,11,1.0,1.0,1.0
presidio+gretel_bi_small,sanctum,0.5,FINANCIAL,5,4,1.0,0.8,0.889
presidio+gretel_bi_small,sanctum,0.5,GOV_ID,3,3,1.0,1.0,1.0
presidio+gretel_bi_small,sanctum,0.5,IP,1,1,1.0,1.0,1.0
presidio+gretel_bi_small,sanctum,0.5,LOCATION,14,14,1.0,1.0,1.0
presidio+gretel_bi_small,sanctum,0.5,ORGANIZATION,31,13,1.0,0.419,0.591
presidio+gretel_bi_small,sanctum,0.5,PERSON,48,12,1.0,0.25,0.4
presidio+gretel_bi_small,sanctum,0.5,PHONE,9,10,0.9,1.0,0.947
presidio+gretel_bi_small,sanctum,0.5,URL,2,4,0.5,1.0,0.667
presidio+gretel_bi_small,sanctum,0.6,DATE_TIME,30,14,0.929,0.433,0.591
presidio+gretel_bi_small,sanctum,0.6,EMAIL,11,11,1.0,1.0,1.0
presidio+gretel_bi_small,sanctum,0.6,FINANCIAL,5,4,1.0,0.8,0.889
presidio+gretel_bi_small,sanctum,0.6,GOV_ID,3,3,1.0,1.0,1.0
presidio+gretel_bi_small,sanctum,0.6,IP,1,1,1.0,1.0,1.0
presidio+gretel_bi_small,sanctum,0.6,LOCATION,14,14,1.0,1.0,1.0
presidio+gretel_bi_small,sanctum,0.6,ORGANIZATION,31,10,1.0,0.323,0.488
presidio+gretel_bi_small,sanctum,0.6,PERSON,48,9,1.0,0.188,0.316
presidio+gretel_bi_small,sanctum,0.6,PHONE,9,10,0.9,1.0,0.947
presidio+gretel_bi_small,sanctum,0.6,URL,2,4,0.5,1.0,0.667
presidio+gretel_bi_small,sanctum,0.7,DATE_TIME,30,14,0.929,0.433,0.591
presidio+gretel_bi_small,sanctum,0.7,EMAIL,11,11,1.0,1.0,1.0
presidio+gretel_bi_small,sanctum,0.7,FINANCIAL,5,3,1.0,0.6,0.75
presidio+gretel_bi_small,sanctum,0.7,GOV_ID,3,3,1.0,1.0,1.0
presidio+gretel_bi_small,sanctum,0.7,IP,1,1,1.0,1.0,1.0
presidio+gretel_bi_small,sanctum,0.7,LOCATION,14,14,1.0,1.0,1.0
presidio+gretel_bi_small,sanctum,0.7,ORGANIZATION,31,6,1.0,0.194,0.324
presidio+gretel_bi_small,sanctum,0.7,PERSON,48,6,1.0,0.125,0.222
presidio+gretel_bi_small,sanctum,0.7,PHONE,9,10,0.9,1.0,0.947
presidio+gretel_bi_small,sanctum,0.7,URL,2,4,0.5,1.0,0.667
presidio+gretel_bi_small,sanctum,0.8,DATE_TIME,30,14,0.929,0.433,0.591
presidio+gretel_bi_small,sanctum,0.8,EMAIL,11,11,1.0,1.0,1.0
presidio+gretel_bi_small,sanctum,0.8,FINANCIAL,5,3,1.0,0.6,0.75
presidio+gretel_bi_small,sanctum,0.8,GOV_ID,3,3,1.0,1.0,1.0
presidio+gretel_bi_small,sanctum,0.8,IP,1,1,1.0,1.0,1.0
presidio+gretel_bi_small,sanctum,0.8,LOCATION,14,14,1.0,1.0,1.0
presidio+gretel_bi_small,sanctum,0.8,ORGANIZATION,31,2,1.0,0.065,0.121
presidio+gretel_bi_small,sanctum,0.8,PERSON,48,1,1.0,0.021,0.041
presidio+gretel_bi_small,sanctum,0.8,PHONE,9,10,0.9,1.0,0.947
presidio+gretel_bi_small,sanctum,0.8,URL,2,4,0.5,1.0,0.667
presidio+kg_pii_base,hard,0.15,DATE_TIME,85,85,0.918,0.918,0.918
presidio+kg_pii_base,hard,0.15,EMAIL,27,28,0.964,1.0,0.982
presidio+kg_pii_base,hard,0.15,FINANCIAL,19,48,0.396,1.0,0.567
presidio+kg_pii_base,hard,0.15,GOV_ID,40,41,0.707,0.725,0.716
presidio+kg_pii_base,hard,0.15,IP,3,6,0.5,1.0,0.667
presidio+kg_pii_base,hard,0.15,LOCATION,59,79,0.823,0.864,0.843
presidio+kg_pii_base,hard,0.15,ORGANIZATION,72,134,0.507,0.903,0.65
presidio+kg_pii_base,hard,0.15,PERSON,155,147,0.952,0.903,0.927
presidio+kg_pii_base,hard,0.15,PHONE,23,21,0.905,0.826,0.864
presidio+kg_pii_base,hard,0.15,URL,4,14,0.214,0.75,0.333
presidio+kg_pii_base,hard,0.2,DATE_TIME,85,82,0.927,0.894,0.91
presidio+kg_pii_base,hard,0.2,EMAIL,27,28,0.964,1.0,0.982
presidio+kg_pii_base,hard,0.2,FINANCIAL,19,40,0.475,1.0,0.644
presidio+kg_pii_base,hard,0.2,GOV_ID,40,39,0.744,0.725,0.734
presidio+kg_pii_base,hard,0.2,IP,3,6,0.5,1.0,0.667
presidio+kg_pii_base,hard,0.2,LOCATION,59,74,0.838,0.864,0.851
presidio+kg_pii_base,hard,0.2,ORGANIZATION,72,112,0.58,0.875,0.698
presidio+kg_pii_base,hard,0.2,PERSON,155,141,0.979,0.89,0.932
presidio+kg_pii_base,hard,0.2,PHONE,23,23,0.87,0.87,0.87
presidio+kg_pii_base,hard,0.2,URL,4,7,0.429,0.75,0.545
presidio+kg_pii_base,hard,0.25,DATE_TIME,85,81,0.926,0.882,0.904
presidio+kg_pii_base,hard,0.25,EMAIL,27,28,0.964,1.0,0.982
presidio+kg_pii_base,hard,0.25,FINANCIAL,19,38,0.5,1.0,0.667
presidio+kg_pii_base,hard,0.25,GOV_ID,40,35,0.743,0.65,0.693
presidio+kg_pii_base,hard,0.25,IP,3,6,0.5,1.0,0.667
presidio+kg_pii_base,hard,0.25,LOCATION,59,73,0.836,0.864,0.85
presidio+kg_pii_base,hard,0.25,ORGANIZATION,72,101,0.644,0.875,0.742
presidio+kg_pii_base,hard,0.25,PERSON,155,138,0.986,0.877,0.928
presidio+kg_pii_base,hard,0.25,PHONE,23,23,0.87,0.87,0.87
presidio+kg_pii_base,hard,0.25,URL,4,4,0.75,0.75,0.75
presidio+kg_pii_base,hard,0.3,DATE_TIME,85,81,0.926,0.882,0.904
presidio+kg_pii_base,hard,0.3,EMAIL,27,28,0.964,1.0,0.982
presidio+kg_pii_base,hard,0.3,FINANCIAL,19,32,0.562,0.947,0.706
presidio+kg_pii_base,hard,0.3,GOV_ID,40,31,0.774,0.6,0.676
presidio+kg_pii_base,hard,0.3,IP,3,5,0.6,1.0,0.75
presidio+kg_pii_base,hard,0.3,LOCATION,59,67,0.821,0.831,0.826
presidio+kg_pii_base,hard,0.3,ORGANIZATION,72,89,0.708,0.861,0.777
presidio+kg_pii_base,hard,0.3,PERSON,155,134,0.985,0.852,0.913
presidio+kg_pii_base,hard,0.3,PHONE,23,24,0.833,0.87,0.851
presidio+kg_pii_base,hard,0.3,URL,4,4,0.75,0.75,0.75
presidio+kg_pii_base,hard,0.4,DATE_TIME,85,74,0.932,0.812,0.868
presidio+kg_pii_base,hard,0.4,EMAIL,27,28,0.964,1.0,0.982
presidio+kg_pii_base,hard,0.4,FINANCIAL,19,22,0.636,0.737,0.683
presidio+kg_pii_base,hard,0.4,GOV_ID,40,25,0.8,0.5,0.615
presidio+kg_pii_base,hard,0.4,IP,3,4,0.75,1.0,0.857
presidio+kg_pii_base,hard,0.4,LOCATION,59,53,0.83,0.712,0.766
presidio+kg_pii_base,hard,0.4,ORGANIZATION,72,63,0.889,0.778,0.83
presidio+kg_pii_base,hard,0.4,PERSON,155,127,0.984,0.806,0.887
presidio+kg_pii_base,hard,0.4,PHONE,23,29,0.793,1.0,0.885
presidio+kg_pii_base,hard,0.4,URL,4,3,1.0,0.75,0.857
presidio+kg_pii_base,hard,0.5,DATE_TIME,85,59,0.949,0.659,0.778
presidio+kg_pii_base,hard,0.5,EMAIL,27,27,1.0,1.0,1.0
presidio+kg_pii_base,hard,0.5,FINANCIAL,19,16,0.812,0.684,0.743
presidio+kg_pii_base,hard,0.5,GOV_ID,40,20,0.8,0.4,0.533
presidio+kg_pii_base,hard,0.5,IP,3,4,0.75,1.0,0.857
presidio+kg_pii_base,hard,0.5,LOCATION,59,30,0.833,0.407,0.547
presidio+kg_pii_base,hard,0.5,ORGANIZATION,72,54,0.907,0.681,0.778
presidio+kg_pii_base,hard,0.5,PERSON,155,112,1.0,0.723,0.839
presidio+kg_pii_base,hard,0.5,PHONE,23,30,0.767,1.0,0.868
presidio+kg_pii_base,hard,0.5,URL,4,4,1.0,1.0,1.0
presidio+kg_pii_base,hard,0.6,DATE_TIME,85,43,0.953,0.482,0.641
presidio+kg_pii_base,hard,0.6,EMAIL,27,27,1.0,1.0,1.0
presidio+kg_pii_base,hard,0.6,FINANCIAL,19,14,0.857,0.632,0.727
presidio+kg_pii_base,hard,0.6,GOV_ID,40,18,0.889,0.4,0.552
presidio+kg_pii_base,hard,0.6,IP,3,4,0.75,1.0,0.857
presidio+kg_pii_base,hard,0.6,LOCATION,59,13,0.846,0.186,0.306
presidio+kg_pii_base,hard,0.6,ORGANIZATION,72,32,0.906,0.403,0.558
presidio+kg_pii_base,hard,0.6,PERSON,155,83,1.0,0.535,0.697
presidio+kg_pii_base,hard,0.6,PHONE,23,30,0.767,1.0,0.868
presidio+kg_pii_base,hard,0.6,URL,4,4,1.0,1.0,1.0
presidio+kg_pii_base,hard,0.7,DATE_TIME,85,40,1.0,0.471,0.64
presidio+kg_pii_base,hard,0.7,EMAIL,27,27,1.0,1.0,1.0
presidio+kg_pii_base,hard,0.7,FINANCIAL,19,12,0.917,0.579,0.71
presidio+kg_pii_base,hard,0.7,GOV_ID,40,16,0.938,0.375,0.536
presidio+kg_pii_base,hard,0.7,IP,3,3,1.0,1.0,1.0
presidio+kg_pii_base,hard,0.7,LOCATION,59,3,1.0,0.051,0.097
presidio+kg_pii_base,hard,0.7,ORGANIZATION,72,13,0.846,0.153,0.259
presidio+kg_pii_base,hard,0.7,PERSON,155,38,1.0,0.245,0.394
presidio+kg_pii_base,hard,0.7,PHONE,23,30,0.767,1.0,0.868
presidio+kg_pii_base,hard,0.7,URL,4,4,1.0,1.0,1.0
presidio+kg_pii_base,hard,0.8,DATE_TIME,85,34,1.0,0.4,0.571
presidio+kg_pii_base,hard,0.8,EMAIL,27,27,1.0,1.0,1.0
presidio+kg_pii_base,hard,0.8,FINANCIAL,19,10,1.0,0.526,0.69
presidio+kg_pii_base,hard,0.8,GOV_ID,40,14,1.0,0.35,0.519
presidio+kg_pii_base,hard,0.8,IP,3,3,1.0,1.0,1.0
presidio+kg_pii_base,hard,0.8,LOCATION,59,0,0.0,0.0,0.0
presidio+kg_pii_base,hard,0.8,ORGANIZATION,72,1,0.0,0.0,0.0
presidio+kg_pii_base,hard,0.8,PERSON,155,19,1.0,0.123,0.218
presidio+kg_pii_base,hard,0.8,PHONE,23,31,0.742,1.0,0.852
presidio+kg_pii_base,hard,0.8,URL,4,4,1.0,1.0,1.0
presidio+kg_pii_base,sanctum,0.15,DATE_TIME,30,39,0.769,1.0,0.87
presidio+kg_pii_base,sanctum,0.15,EMAIL,11,11,1.0,1.0,1.0
presidio+kg_pii_base,sanctum,0.15,FINANCIAL,5,11,0.455,1.0,0.625
presidio+kg_pii_base,sanctum,0.15,GOV_ID,3,8,0.375,1.0,0.545
presidio+kg_pii_base,sanctum,0.15,IP,1,1,1.0,1.0,1.0
presidio+kg_pii_base,sanctum,0.15,LOCATION,14,17,0.824,1.0,0.903
presidio+kg_pii_base,sanctum,0.15,ORGANIZATION,31,43,0.767,1.0,0.868
presidio+kg_pii_base,sanctum,0.15,PERSON,48,49,0.98,1.0,0.99
presidio+kg_pii_base,sanctum,0.15,PHONE,9,12,0.75,1.0,0.857
presidio+kg_pii_base,sanctum,0.15,URL,2,24,0.083,1.0,0.154
presidio+kg_pii_base,sanctum,0.2,DATE_TIME,30,36,0.833,1.0,0.909
presidio+kg_pii_base,sanctum,0.2,EMAIL,11,11,1.0,1.0,1.0
presidio+kg_pii_base,sanctum,0.2,FINANCIAL,5,9,0.556,1.0,0.714
presidio+kg_pii_base,sanctum,0.2,GOV_ID,3,6,0.5,1.0,0.667
presidio+kg_pii_base,sanctum,0.2,IP,1,1,1.0,1.0,1.0
presidio+kg_pii_base,sanctum,0.2,LOCATION,14,16,0.875,1.0,0.933
presidio+kg_pii_base,sanctum,0.2,ORGANIZATION,31,40,0.825,1.0,0.904
presidio+kg_pii_base,sanctum,0.2,PERSON,48,48,1.0,1.0,1.0
presidio+kg_pii_base,sanctum,0.2,PHONE,9,12,0.75,1.0,0.857
presidio+kg_pii_base,sanctum,0.2,URL,2,13,0.154,1.0,0.267
presidio+kg_pii_base,sanctum,0.25,DATE_TIME,30,33,0.879,0.967,0.921
presidio+kg_pii_base,sanctum,0.25,EMAIL,11,11,1.0,1.0,1.0
presidio+kg_pii_base,sanctum,0.25,FINANCIAL,5,8,0.625,1.0,0.769
presidio+kg_pii_base,sanctum,0.25,GOV_ID,3,4,0.75,1.0,0.857
presidio+kg_pii_base,sanctum,0.25,IP,1,1,1.0,1.0,1.0
presidio+kg_pii_base,sanctum,0.25,LOCATION,14,16,0.875,1.0,0.933
presidio+kg_pii_base,sanctum,0.25,ORGANIZATION,31,36,0.889,1.0,0.941
presidio+kg_pii_base,sanctum,0.25,PERSON,48,48,1.0,1.0,1.0
presidio+kg_pii_base,sanctum,0.25,PHONE,9,12,0.75,1.0,0.857
presidio+kg_pii_base,sanctum,0.25,URL,2,10,0.2,1.0,0.333
presidio+kg_pii_base,sanctum,0.3,DATE_TIME,30,31,0.935,0.967,0.951
presidio+kg_pii_base,sanctum,0.3,EMAIL,11,11,1.0,1.0,1.0
presidio+kg_pii_base,sanctum,0.3,FINANCIAL,5,7,0.714,1.0,0.833
presidio+kg_pii_base,sanctum,0.3,GOV_ID,3,4,0.75,1.0,0.857
presidio+kg_pii_base,sanctum,0.3,IP,1,1,1.0,1.0,1.0
presidio+kg_pii_base,sanctum,0.3,LOCATION,14,16,0.875,1.0,0.933
presidio+kg_pii_base,sanctum,0.3,ORGANIZATION,31,35,0.886,0.968,0.925
presidio+kg_pii_base,sanctum,0.3,PERSON,48,48,1.0,1.0,1.0
presidio+kg_pii_base,sanctum,0.3,PHONE,9,12,0.75,1.0,0.857
presidio+kg_pii_base,sanctum,0.3,URL,2,4,0.5,1.0,0.667
presidio+kg_pii_base,sanctum,0.4,DATE_TIME,30,30,0.933,0.933,0.933
presidio+kg_pii_base,sanctum,0.4,EMAIL,11,11,1.0,1.0,1.0
presidio+kg_pii_base,sanctum,0.4,FINANCIAL,5,7,0.714,1.0,0.833
presidio+kg_pii_base,sanctum,0.4,GOV_ID,3,3,1.0,1.0,1.0
presidio+kg_pii_base,sanctum,0.4,IP,1,1,1.0,1.0,1.0
presidio+kg_pii_base,sanctum,0.4,LOCATION,14,14,0.929,0.929,0.929
presidio+kg_pii_base,sanctum,0.4,ORGANIZATION,31,26,0.846,0.71,0.772
presidio+kg_pii_base,sanctum,0.4,PERSON,48,47,1.0,0.979,0.989
presidio+kg_pii_base,sanctum,0.4,PHONE,9,11,0.818,1.0,0.9
presidio+kg_pii_base,sanctum,0.4,URL,2,4,0.5,1.0,0.667
presidio+kg_pii_base,sanctum,0.5,DATE_TIME,30,27,0.963,0.867,0.912
presidio+kg_pii_base,sanctum,0.5,EMAIL,11,11,1.0,1.0,1.0
presidio+kg_pii_base,sanctum,0.5,FINANCIAL,5,5,0.8,0.8,0.8
presidio+kg_pii_base,sanctum,0.5,GOV_ID,3,3,1.0,1.0,1.0
presidio+kg_pii_base,sanctum,0.5,IP,1,1,1.0,1.0,1.0
presidio+kg_pii_base,sanctum,0.5,LOCATION,14,10,0.9,0.643,0.75
presidio+kg_pii_base,sanctum,0.5,ORGANIZATION,31,19,0.947,0.581,0.72
presidio+kg_pii_base,sanctum,0.5,PERSON,48,46,1.0,0.958,0.979
presidio+kg_pii_base,sanctum,0.5,PHONE,9,10,0.9,1.0,0.947
presidio+kg_pii_base,sanctum,0.5,URL,2,4,0.5,1.0,0.667
presidio+kg_pii_base,sanctum,0.6,DATE_TIME,30,20,0.95,0.633,0.76
presidio+kg_pii_base,sanctum,0.6,EMAIL,11,11,1.0,1.0,1.0
presidio+kg_pii_base,sanctum,0.6,FINANCIAL,5,4,1.0,0.8,0.889
presidio+kg_pii_base,sanctum,0.6,GOV_ID,3,3,1.0,1.0,1.0
presidio+kg_pii_base,sanctum,0.6,IP,1,1,1.0,1.0,1.0
presidio+kg_pii_base,sanctum,0.6,LOCATION,14,5,0.8,0.286,0.421
presidio+kg_pii_base,sanctum,0.6,ORGANIZATION,31,14,1.0,0.452,0.622
presidio+kg_pii_base,sanctum,0.6,PERSON,48,44,1.0,0.917,0.957
presidio+kg_pii_base,sanctum,0.6,PHONE,9,10,0.9,1.0,0.947
presidio+kg_pii_base,sanctum,0.6,URL,2,4,0.5,1.0,0.667
presidio+kg_pii_base,sanctum,0.7,DATE_TIME,30,15,0.933,0.467,0.622
presidio+kg_pii_base,sanctum,0.7,EMAIL,11,11,1.0,1.0,1.0
presidio+kg_pii_base,sanctum,0.7,FINANCIAL,5,4,1.0,0.8,0.889
presidio+kg_pii_base,sanctum,0.7,GOV_ID,3,3,1.0,1.0,1.0
presidio+kg_pii_base,sanctum,0.7,IP,1,1,1.0,1.0,1.0
presidio+kg_pii_base,sanctum,0.7,LOCATION,14,0,0.0,0.0,0.0
presidio+kg_pii_base,sanctum,0.7,ORGANIZATION,31,9,1.0,0.29,0.45
presidio+kg_pii_base,sanctum,0.7,PERSON,48,32,1.0,0.667,0.8
presidio+kg_pii_base,sanctum,0.7,PHONE,9,10,0.9,1.0,0.947
presidio+kg_pii_base,sanctum,0.7,URL,2,4,0.5,1.0,0.667
presidio+kg_pii_base,sanctum,0.8,DATE_TIME,30,14,1.0,0.467,0.636
presidio+kg_pii_base,sanctum,0.8,EMAIL,11,11,1.0,1.0,1.0
presidio+kg_pii_base,sanctum,0.8,FINANCIAL,5,4,1.0,0.8,0.889
presidio+kg_pii_base,sanctum,0.8,GOV_ID,3,3,1.0,1.0,1.0
presidio+kg_pii_base,sanctum,0.8,IP,1,1,1.0,1.0,1.0
presidio+kg_pii_base,sanctum,0.8,LOCATION,14,0,0.0,0.0,0.0
presidio+kg_pii_base,sanctum,0.8,ORGANIZATION,31,1,1.0,0.032,0.062
presidio+kg_pii_base,sanctum,0.8,PERSON,48,21,1.0,0.438,0.609
presidio+kg_pii_base,sanctum,0.8,PHONE,9,10,0.9,1.0,0.947
presidio+kg_pii_base,sanctum,0.8,URL,2,4,0.5,1.0,0.667
presidio+kg_pii_base (sanctum prompts),hard,0.15,DATE_TIME,85,77,0.948,0.859,0.901
presidio+kg_pii_base (sanctum prompts),hard,0.15,EMAIL,27,28,0.964,1.0,0.982
presidio+kg_pii_base (sanctum prompts),hard,0.15,FINANCIAL,19,42,0.452,1.0,0.623
presidio+kg_pii_base (sanctum prompts),hard,0.15,GOV_ID,40,30,0.8,0.6,0.686
presidio+kg_pii_base (sanctum prompts),hard,0.15,IP,3,7,0.429,1.0,0.6
presidio+kg_pii_base (sanctum prompts),hard,0.15,LOCATION,59,66,0.758,0.797,0.777
presidio+kg_pii_base (sanctum prompts),hard,0.15,ORGANIZATION,72,130,0.531,0.931,0.676
presidio+kg_pii_base (sanctum prompts),hard,0.15,PERSON,155,177,0.825,0.942,0.88
presidio+kg_pii_base (sanctum prompts),hard,0.15,PHONE,23,22,0.909,0.87,0.889
presidio+kg_pii_base (sanctum prompts),hard,0.15,URL,4,13,0.231,0.75,0.353
presidio+kg_pii_base (sanctum prompts),hard,0.2,DATE_TIME,85,75,0.96,0.847,0.9
presidio+kg_pii_base (sanctum prompts),hard,0.2,EMAIL,27,28,0.964,1.0,0.982
presidio+kg_pii_base (sanctum prompts),hard,0.2,FINANCIAL,19,40,0.475,1.0,0.644
presidio+kg_pii_base (sanctum prompts),hard,0.2,GOV_ID,40,28,0.821,0.575,0.676
presidio+kg_pii_base (sanctum prompts),hard,0.2,IP,3,5,0.6,1.0,0.75
presidio+kg_pii_base (sanctum prompts),hard,0.2,LOCATION,59,57,0.789,0.746,0.767
presidio+kg_pii_base (sanctum prompts),hard,0.2,ORGANIZATION,72,115,0.6,0.931,0.73
presidio+kg_pii_base (sanctum prompts),hard,0.2,PERSON,155,157,0.898,0.91,0.904
presidio+kg_pii_base (sanctum prompts),hard,0.2,PHONE,23,22,0.909,0.87,0.889
presidio+kg_pii_base (sanctum prompts),hard,0.2,URL,4,10,0.3,0.75,0.429
presidio+kg_pii_base (sanctum prompts),hard,0.25,DATE_TIME,85,75,0.96,0.847,0.9
presidio+kg_pii_base (sanctum prompts),hard,0.25,EMAIL,27,28,0.964,1.0,0.982
presidio+kg_pii_base (sanctum prompts),hard,0.25,FINANCIAL,19,39,0.487,1.0,0.655
presidio+kg_pii_base (sanctum prompts),hard,0.25,GOV_ID,40,25,0.88,0.55,0.677
presidio+kg_pii_base (sanctum prompts),hard,0.25,IP,3,4,0.75,1.0,0.857
presidio+kg_pii_base (sanctum prompts),hard,0.25,LOCATION,59,47,0.872,0.695,0.774
presidio+kg_pii_base (sanctum prompts),hard,0.25,ORGANIZATION,72,104,0.644,0.917,0.757
presidio+kg_pii_base (sanctum prompts),hard,0.25,PERSON,155,146,0.966,0.91,0.937
presidio+kg_pii_base (sanctum prompts),hard,0.25,PHONE,23,22,0.909,0.87,0.889
presidio+kg_pii_base (sanctum prompts),hard,0.25,URL,4,6,0.5,0.75,0.6
presidio+kg_pii_base (sanctum prompts),hard,0.3,DATE_TIME,85,74,0.959,0.835,0.893
presidio+kg_pii_base (sanctum prompts),hard,0.3,EMAIL,27,28,0.964,1.0,0.982
presidio+kg_pii_base (sanctum prompts),hard,0.3,FINANCIAL,19,35,0.543,1.0,0.704
presidio+kg_pii_base (sanctum prompts),hard,0.3,GOV_ID,40,20,0.85,0.425,0.567
presidio+kg_pii_base (sanctum prompts),hard,0.3,IP,3,4,0.75,1.0,0.857
presidio+kg_pii_base (sanctum prompts),hard,0.3,LOCATION,59,42,0.857,0.61,0.713
presidio+kg_pii_base (sanctum prompts),hard,0.3,ORGANIZATION,72,88,0.739,0.889,0.807
presidio+kg_pii_base (sanctum prompts),hard,0.3,PERSON,155,141,0.979,0.89,0.932
presidio+kg_pii_base (sanctum prompts),hard,0.3,PHONE,23,23,0.87,0.87,0.87
presidio+kg_pii_base (sanctum prompts),hard,0.3,URL,4,4,0.75,0.75,0.75
presidio+kg_pii_base (sanctum prompts),hard,0.4,DATE_TIME,85,66,0.955,0.741,0.834
presidio+kg_pii_base (sanctum prompts),hard,0.4,EMAIL,27,27,1.0,1.0,1.0
presidio+kg_pii_base (sanctum prompts),hard,0.4,FINANCIAL,19,21,0.714,0.789,0.75
presidio+kg_pii_base (sanctum prompts),hard,0.4,GOV_ID,40,19,0.842,0.4,0.542
presidio+kg_pii_base (sanctum prompts),hard,0.4,IP,3,4,0.75,1.0,0.857
presidio+kg_pii_base (sanctum prompts),hard,0.4,LOCATION,59,30,0.867,0.441,0.584
presidio+kg_pii_base (sanctum prompts),hard,0.4,ORGANIZATION,72,69,0.812,0.778,0.794
presidio+kg_pii_base (sanctum prompts),hard,0.4,PERSON,155,132,0.992,0.845,0.913
presidio+kg_pii_base (sanctum prompts),hard,0.4,PHONE,23,27,0.815,0.957,0.88
presidio+kg_pii_base (sanctum prompts),hard,0.4,URL,4,3,1.0,0.75,0.857
presidio+kg_pii_base (sanctum prompts),hard,0.5,DATE_TIME,85,51,0.961,0.576,0.721
presidio+kg_pii_base (sanctum prompts),hard,0.5,EMAIL,27,27,1.0,1.0,1.0
presidio+kg_pii_base (sanctum prompts),hard,0.5,FINANCIAL,19,15,0.933,0.737,0.824
presidio+kg_pii_base (sanctum prompts),hard,0.5,GOV_ID,40,16,0.938,0.375,0.536
presidio+kg_pii_base (sanctum prompts),hard,0.5,IP,3,4,0.75,1.0,0.857
presidio+kg_pii_base (sanctum prompts),hard,0.5,LOCATION,59,15,1.0,0.254,0.405
presidio+kg_pii_base (sanctum prompts),hard,0.5,ORGANIZATION,72,55,0.873,0.667,0.756
presidio+kg_pii_base (sanctum prompts),hard,0.5,PERSON,155,108,1.0,0.697,0.821
presidio+kg_pii_base (sanctum prompts),hard,0.5,PHONE,23,29,0.793,1.0,0.885
presidio+kg_pii_base (sanctum prompts),hard,0.5,URL,4,3,1.0,0.75,0.857
presidio+kg_pii_base (sanctum prompts),hard,0.6,DATE_TIME,85,40,0.975,0.459,0.624
presidio+kg_pii_base (sanctum prompts),hard,0.6,EMAIL,27,27,1.0,1.0,1.0
presidio+kg_pii_base (sanctum prompts),hard,0.6,FINANCIAL,19,14,0.929,0.684,0.788
presidio+kg_pii_base (sanctum prompts),hard,0.6,GOV_ID,40,15,1.0,0.375,0.545
presidio+kg_pii_base (sanctum prompts),hard,0.6,IP,3,3,1.0,1.0,1.0
presidio+kg_pii_base (sanctum prompts),hard,0.6,LOCATION,59,8,1.0,0.136,0.239
presidio+kg_pii_base (sanctum prompts),hard,0.6,ORGANIZATION,72,32,0.906,0.403,0.558
presidio+kg_pii_base (sanctum prompts),hard,0.6,PERSON,155,64,1.0,0.413,0.584
presidio+kg_pii_base (sanctum prompts),hard,0.6,PHONE,23,29,0.793,1.0,0.885
presidio+kg_pii_base (sanctum prompts),hard,0.6,URL,4,4,1.0,1.0,1.0
presidio+kg_pii_base (sanctum prompts),hard,0.7,DATE_TIME,85,35,0.971,0.4,0.567
presidio+kg_pii_base (sanctum prompts),hard,0.7,EMAIL,27,27,1.0,1.0,1.0
presidio+kg_pii_base (sanctum prompts),hard,0.7,FINANCIAL,19,14,0.929,0.684,0.788
presidio+kg_pii_base (sanctum prompts),hard,0.7,GOV_ID,40,14,1.0,0.35,0.519
presidio+kg_pii_base (sanctum prompts),hard,0.7,IP,3,3,1.0,1.0,1.0
presidio+kg_pii_base (sanctum prompts),hard,0.7,LOCATION,59,3,1.0,0.051,0.097
presidio+kg_pii_base (sanctum prompts),hard,0.7,ORGANIZATION,72,19,0.842,0.222,0.352
presidio+kg_pii_base (sanctum prompts),hard,0.7,PERSON,155,31,1.0,0.2,0.333
presidio+kg_pii_base (sanctum prompts),hard,0.7,PHONE,23,28,0.821,1.0,0.902
presidio+kg_pii_base (sanctum prompts),hard,0.7,URL,4,4,1.0,1.0,1.0
presidio+kg_pii_base (sanctum prompts),hard,0.8,DATE_TIME,85,31,1.0,0.365,0.534
presidio+kg_pii_base (sanctum prompts),hard,0.8,EMAIL,27,27,1.0,1.0,1.0
presidio+kg_pii_base (sanctum prompts),hard,0.8,FINANCIAL,19,13,0.923,0.632,0.75
presidio+kg_pii_base (sanctum prompts),hard,0.8,GOV_ID,40,13,1.0,0.325,0.491
presidio+kg_pii_base (sanctum prompts),hard,0.8,IP,3,3,1.0,1.0,1.0
presidio+kg_pii_base (sanctum prompts),hard,0.8,LOCATION,59,0,0.0,0.0,0.0
presidio+kg_pii_base (sanctum prompts),hard,0.8,ORGANIZATION,72,4,1.0,0.056,0.105
presidio+kg_pii_base (sanctum prompts),hard,0.8,PERSON,155,7,1.0,0.045,0.086
presidio+kg_pii_base (sanctum prompts),hard,0.8,PHONE,23,28,0.821,1.0,0.902
presidio+kg_pii_base (sanctum prompts),hard,0.8,URL,4,4,1.0,1.0,1.0
presidio+kg_pii_base (sanctum prompts),sanctum,0.15,DATE_TIME,30,36,0.806,1.0,0.892
presidio+kg_pii_base (sanctum prompts),sanctum,0.15,EMAIL,11,11,1.0,1.0,1.0
presidio+kg_pii_base (sanctum prompts),sanctum,0.15,FINANCIAL,5,6,0.667,0.8,0.727
presidio+kg_pii_base (sanctum prompts),sanctum,0.15,GOV_ID,3,4,0.75,1.0,0.857
presidio+kg_pii_base (sanctum prompts),sanctum,0.15,IP,1,1,1.0,1.0,1.0
presidio+kg_pii_base (sanctum prompts),sanctum,0.15,LOCATION,14,11,0.364,0.286,0.32
presidio+kg_pii_base (sanctum prompts),sanctum,0.15,ORGANIZATION,31,46,0.739,1.0,0.85
presidio+kg_pii_base (sanctum prompts),sanctum,0.15,PERSON,48,65,0.738,1.0,0.85
presidio+kg_pii_base (sanctum prompts),sanctum,0.15,PHONE,9,12,0.75,1.0,0.857
presidio+kg_pii_base (sanctum prompts),sanctum,0.15,URL,2,23,0.087,1.0,0.16
presidio+kg_pii_base (sanctum prompts),sanctum,0.2,DATE_TIME,30,33,0.879,1.0,0.935
presidio+kg_pii_base (sanctum prompts),sanctum,0.2,EMAIL,11,11,1.0,1.0,1.0
presidio+kg_pii_base (sanctum prompts),sanctum,0.2,FINANCIAL,5,4,1.0,0.8,0.889
presidio+kg_pii_base (sanctum prompts),sanctum,0.2,GOV_ID,3,4,0.75,1.0,0.857
presidio+kg_pii_base (sanctum prompts),sanctum,0.2,IP,1,1,1.0,1.0,1.0
presidio+kg_pii_base (sanctum prompts),sanctum,0.2,LOCATION,14,7,0.286,0.143,0.19
presidio+kg_pii_base (sanctum prompts),sanctum,0.2,ORGANIZATION,31,43,0.791,1.0,0.883
presidio+kg_pii_base (sanctum prompts),sanctum,0.2,PERSON,48,55,0.873,1.0,0.932
presidio+kg_pii_base (sanctum prompts),sanctum,0.2,PHONE,9,12,0.75,1.0,0.857
presidio+kg_pii_base (sanctum prompts),sanctum,0.2,URL,2,19,0.105,1.0,0.19
presidio+kg_pii_base (sanctum prompts),sanctum,0.25,DATE_TIME,30,31,0.935,1.0,0.967
presidio+kg_pii_base (sanctum prompts),sanctum,0.25,EMAIL,11,11,1.0,1.0,1.0
presidio+kg_pii_base (sanctum prompts),sanctum,0.25,FINANCIAL,5,4,1.0,0.8,0.889
presidio+kg_pii_base (sanctum prompts),sanctum,0.25,GOV_ID,3,4,0.75,1.0,0.857
presidio+kg_pii_base (sanctum prompts),sanctum,0.25,IP,1,1,1.0,1.0,1.0
presidio+kg_pii_base (sanctum prompts),sanctum,0.25,LOCATION,14,5,0.0,0.0,0.0
presidio+kg_pii_base (sanctum prompts),sanctum,0.25,ORGANIZATION,31,39,0.846,1.0,0.917
presidio+kg_pii_base (sanctum prompts),sanctum,0.25,PERSON,48,53,0.906,1.0,0.95
presidio+kg_pii_base (sanctum prompts),sanctum,0.25,PHONE,9,12,0.75,1.0,0.857
presidio+kg_pii_base (sanctum prompts),sanctum,0.25,URL,2,12,0.167,1.0,0.286
presidio+kg_pii_base (sanctum prompts),sanctum,0.3,DATE_TIME,30,31,0.935,1.0,0.967
presidio+kg_pii_base (sanctum prompts),sanctum,0.3,EMAIL,11,11,1.0,1.0,1.0
presidio+kg_pii_base (sanctum prompts),sanctum,0.3,FINANCIAL,5,4,1.0,0.8,0.889
presidio+kg_pii_base (sanctum prompts),sanctum,0.3,GOV_ID,3,4,0.75,1.0,0.857
presidio+kg_pii_base (sanctum prompts),sanctum,0.3,IP,1,1,1.0,1.0,1.0
presidio+kg_pii_base (sanctum prompts),sanctum,0.3,LOCATION,14,4,0.0,0.0,0.0
presidio+kg_pii_base (sanctum prompts),sanctum,0.3,ORGANIZATION,31,35,0.886,0.968,0.925
presidio+kg_pii_base (sanctum prompts),sanctum,0.3,PERSON,48,48,0.979,0.979,0.979
presidio+kg_pii_base (sanctum prompts),sanctum,0.3,PHONE,9,12,0.75,1.0,0.857
presidio+kg_pii_base (sanctum prompts),sanctum,0.3,URL,2,5,0.4,1.0,0.571
presidio+kg_pii_base (sanctum prompts),sanctum,0.4,DATE_TIME,30,30,0.933,0.933,0.933
presidio+kg_pii_base (sanctum prompts),sanctum,0.4,EMAIL,11,11,1.0,1.0,1.0
presidio+kg_pii_base (sanctum prompts),sanctum,0.4,FINANCIAL,5,4,1.0,0.8,0.889
presidio+kg_pii_base (sanctum prompts),sanctum,0.4,GOV_ID,3,3,1.0,1.0,1.0
presidio+kg_pii_base (sanctum prompts),sanctum,0.4,IP,1,1,1.0,1.0,1.0
presidio+kg_pii_base (sanctum prompts),sanctum,0.4,LOCATION,14,3,0.0,0.0,0.0
presidio+kg_pii_base (sanctum prompts),sanctum,0.4,ORGANIZATION,31,30,0.9,0.871,0.885
presidio+kg_pii_base (sanctum prompts),sanctum,0.4,PERSON,48,48,0.979,0.979,0.979
presidio+kg_pii_base (sanctum prompts),sanctum,0.4,PHONE,9,11,0.818,1.0,0.9
presidio+kg_pii_base (sanctum prompts),sanctum,0.4,URL,2,5,0.4,1.0,0.571
presidio+kg_pii_base (sanctum prompts),sanctum,0.5,DATE_TIME,30,25,0.96,0.8,0.873
presidio+kg_pii_base (sanctum prompts),sanctum,0.5,EMAIL,11,11,1.0,1.0,1.0
presidio+kg_pii_base (sanctum prompts),sanctum,0.5,FINANCIAL,5,4,1.0,0.8,0.889
presidio+kg_pii_base (sanctum prompts),sanctum,0.5,GOV_ID,3,3,1.0,1.0,1.0
presidio+kg_pii_base (sanctum prompts),sanctum,0.5,IP,1,1,1.0,1.0,1.0
presidio+kg_pii_base (sanctum prompts),sanctum,0.5,LOCATION,14,2,0.0,0.0,0.0
presidio+kg_pii_base (sanctum prompts),sanctum,0.5,ORGANIZATION,31,26,0.962,0.806,0.877
presidio+kg_pii_base (sanctum prompts),sanctum,0.5,PERSON,48,45,1.0,0.938,0.968
presidio+kg_pii_base (sanctum prompts),sanctum,0.5,PHONE,9,10,0.9,1.0,0.947
presidio+kg_pii_base (sanctum prompts),sanctum,0.5,URL,2,4,0.5,1.0,0.667
presidio+kg_pii_base (sanctum prompts),sanctum,0.6,DATE_TIME,30,20,0.95,0.633,0.76
presidio+kg_pii_base (sanctum prompts),sanctum,0.6,EMAIL,11,11,1.0,1.0,1.0
presidio+kg_pii_base (sanctum prompts),sanctum,0.6,FINANCIAL,5,4,1.0,0.8,0.889
presidio+kg_pii_base (sanctum prompts),sanctum,0.6,GOV_ID,3,3,1.0,1.0,1.0
presidio+kg_pii_base (sanctum prompts),sanctum,0.6,IP,1,1,1.0,1.0,1.0
presidio+kg_pii_base (sanctum prompts),sanctum,0.6,LOCATION,14,1,0.0,0.0,0.0
presidio+kg_pii_base (sanctum prompts),sanctum,0.6,ORGANIZATION,31,19,1.0,0.613,0.76
presidio+kg_pii_base (sanctum prompts),sanctum,0.6,PERSON,48,40,1.0,0.833,0.909
presidio+kg_pii_base (sanctum prompts),sanctum,0.6,PHONE,9,10,0.9,1.0,0.947
presidio+kg_pii_base (sanctum prompts),sanctum,0.6,URL,2,4,0.5,1.0,0.667
presidio+kg_pii_base (sanctum prompts),sanctum,0.7,DATE_TIME,30,16,0.938,0.5,0.652
presidio+kg_pii_base (sanctum prompts),sanctum,0.7,EMAIL,11,11,1.0,1.0,1.0
presidio+kg_pii_base (sanctum prompts),sanctum,0.7,FINANCIAL,5,4,1.0,0.8,0.889
presidio+kg_pii_base (sanctum prompts),sanctum,0.7,GOV_ID,3,3,1.0,1.0,1.0
presidio+kg_pii_base (sanctum prompts),sanctum,0.7,IP,1,1,1.0,1.0,1.0
presidio+kg_pii_base (sanctum prompts),sanctum,0.7,LOCATION,14,0,0.0,0.0,0.0
presidio+kg_pii_base (sanctum prompts),sanctum,0.7,ORGANIZATION,31,12,1.0,0.387,0.558
presidio+kg_pii_base (sanctum prompts),sanctum,0.7,PERSON,48,23,1.0,0.479,0.648
presidio+kg_pii_base (sanctum prompts),sanctum,0.7,PHONE,9,10,0.9,1.0,0.947
presidio+kg_pii_base (sanctum prompts),sanctum,0.7,URL,2,4,0.5,1.0,0.667
presidio+kg_pii_base (sanctum prompts),sanctum,0.8,DATE_TIME,30,13,1.0,0.433,0.605
presidio+kg_pii_base (sanctum prompts),sanctum,0.8,EMAIL,11,11,1.0,1.0,1.0
presidio+kg_pii_base (sanctum prompts),sanctum,0.8,FINANCIAL,5,4,1.0,0.8,0.889
presidio+kg_pii_base (sanctum prompts),sanctum,0.8,GOV_ID,3,3,1.0,1.0,1.0
presidio+kg_pii_base (sanctum prompts),sanctum,0.8,IP,1,1,1.0,1.0,1.0
presidio+kg_pii_base (sanctum prompts),sanctum,0.8,LOCATION,14,0,0.0,0.0,0.0
presidio+kg_pii_base (sanctum prompts),sanctum,0.8,ORGANIZATION,31,4,1.0,0.129,0.229
presidio+kg_pii_base (sanctum prompts),sanctum,0.8,PERSON,48,5,1.0,0.104,0.189
presidio+kg_pii_base (sanctum prompts),sanctum,0.8,PHONE,9,10,0.9,1.0,0.947
presidio+kg_pii_base (sanctum prompts),sanctum,0.8,URL,2,4,0.5,1.0,0.667
presidio+kg_pii_base_onnx_q8,hard,0.15,DATE_TIME,85,91,0.868,0.929,0.898
presidio+kg_pii_base_onnx_q8,hard,0.15,EMAIL,27,27,0.963,0.963,0.963
presidio+kg_pii_base_onnx_q8,hard,0.15,FINANCIAL,19,60,0.3,0.947,0.456
presidio+kg_pii_base_onnx_q8,hard,0.15,GOV_ID,40,40,0.65,0.65,0.65
presidio+kg_pii_base_onnx_q8,hard,0.15,IP,3,5,0.6,1.0,0.75
presidio+kg_pii_base_onnx_q8,hard,0.15,LOCATION,59,88,0.852,0.847,0.85
presidio+kg_pii_base_onnx_q8,hard,0.15,ORGANIZATION,72,141,0.489,0.917,0.638
presidio+kg_pii_base_onnx_q8,hard,0.15,PERSON,155,149,0.926,0.89,0.908
presidio+kg_pii_base_onnx_q8,hard,0.15,PHONE,23,24,0.833,0.87,0.851
presidio+kg_pii_base_onnx_q8,hard,0.15,URL,4,20,0.1,0.5,0.167
presidio+kg_pii_base_onnx_q8,hard,0.2,DATE_TIME,85,85,0.894,0.894,0.894
presidio+kg_pii_base_onnx_q8,hard,0.2,EMAIL,27,27,0.963,0.963,0.963
presidio+kg_pii_base_onnx_q8,hard,0.2,FINANCIAL,19,49,0.367,0.947,0.529
presidio+kg_pii_base_onnx_q8,hard,0.2,GOV_ID,40,40,0.65,0.65,0.65
presidio+kg_pii_base_onnx_q8,hard,0.2,IP,3,4,0.75,1.0,0.857
presidio+kg_pii_base_onnx_q8,hard,0.2,LOCATION,59,80,0.862,0.847,0.855
presidio+kg_pii_base_onnx_q8,hard,0.2,ORGANIZATION,72,114,0.588,0.903,0.712
presidio+kg_pii_base_onnx_q8,hard,0.2,PERSON,155,141,0.965,0.877,0.919
presidio+kg_pii_base_onnx_q8,hard,0.2,PHONE,23,23,0.87,0.87,0.87
presidio+kg_pii_base_onnx_q8,hard,0.2,URL,4,10,0.2,0.5,0.286
presidio+kg_pii_base_onnx_q8,hard,0.25,DATE_TIME,85,81,0.914,0.871,0.892
presidio+kg_pii_base_onnx_q8,hard,0.25,EMAIL,27,27,0.963,0.963,0.963
presidio+kg_pii_base_onnx_q8,hard,0.25,FINANCIAL,19,38,0.474,0.947,0.632
presidio+kg_pii_base_onnx_q8,hard,0.25,GOV_ID,40,35,0.714,0.625,0.667
presidio+kg_pii_base_onnx_q8,hard,0.25,IP,3,3,1.0,1.0,1.0
presidio+kg_pii_base_onnx_q8,hard,0.25,LOCATION,59,72,0.889,0.831,0.859
presidio+kg_pii_base_onnx_q8,hard,0.25,ORGANIZATION,72,96,0.656,0.861,0.745
presidio+kg_pii_base_onnx_q8,hard,0.25,PERSON,155,123,0.992,0.787,0.878
presidio+kg_pii_base_onnx_q8,hard,0.25,PHONE,23,23,0.913,0.913,0.913
presidio+kg_pii_base_onnx_q8,hard,0.25,URL,4,4,0.5,0.5,0.5
presidio+kg_pii_base_onnx_q8,hard,0.3,DATE_TIME,85,76,0.947,0.847,0.894
presidio+kg_pii_base_onnx_q8,hard,0.3,EMAIL,27,27,0.963,0.963,0.963
presidio+kg_pii_base_onnx_q8,hard,0.3,FINANCIAL,19,29,0.621,0.947,0.75
presidio+kg_pii_base_onnx_q8,hard,0.3,GOV_ID,40,32,0.75,0.6,0.667
presidio+kg_pii_base_onnx_q8,hard,0.3,IP,3,3,1.0,1.0,1.0
presidio+kg_pii_base_onnx_q8,hard,0.3,LOCATION,59,63,0.937,0.797,0.861
presidio+kg_pii_base_onnx_q8,hard,0.3,ORGANIZATION,72,87,0.69,0.833,0.755
presidio+kg_pii_base_onnx_q8,hard,0.3,PERSON,155,117,0.991,0.748,0.853
presidio+kg_pii_base_onnx_q8,hard,0.3,PHONE,23,25,0.84,0.913,0.875
presidio+kg_pii_base_onnx_q8,hard,0.3,URL,4,2,1.0,0.5,0.667
presidio+kg_pii_base_onnx_q8,hard,0.4,DATE_TIME,85,57,0.947,0.635,0.761
presidio+kg_pii_base_onnx_q8,hard,0.4,EMAIL,27,26,1.0,0.963,0.981
presidio+kg_pii_base_onnx_q8,hard,0.4,FINANCIAL,19,17,0.882,0.789,0.833
presidio+kg_pii_base_onnx_q8,hard,0.4,GOV_ID,40,26,0.808,0.525,0.636
presidio+kg_pii_base_onnx_q8,hard,0.4,IP,3,3,1.0,1.0,1.0
presidio+kg_pii_base_onnx_q8,hard,0.4,LOCATION,59,36,0.972,0.508,0.668
presidio+kg_pii_base_onnx_q8,hard,0.4,ORGANIZATION,72,60,0.85,0.708,0.773
presidio+kg_pii_base_onnx_q8,hard,0.4,PERSON,155,89,1.0,0.574,0.73
presidio+kg_pii_base_onnx_q8,hard,0.4,PHONE,23,28,0.821,1.0,0.902
presidio+kg_pii_base_onnx_q8,hard,0.4,URL,4,4,1.0,1.0,1.0
presidio+kg_pii_base_onnx_q8,hard,0.5,DATE_TIME,85,44,0.977,0.506,0.667
presidio+kg_pii_base_onnx_q8,hard,0.5,EMAIL,27,27,1.0,1.0,1.0
presidio+kg_pii_base_onnx_q8,hard,0.5,FINANCIAL,19,13,0.923,0.632,0.75
presidio+kg_pii_base_onnx_q8,hard,0.5,GOV_ID,40,19,0.947,0.45,0.61
presidio+kg_pii_base_onnx_q8,hard,0.5,IP,3,3,1.0,1.0,1.0
presidio+kg_pii_base_onnx_q8,hard,0.5,LOCATION,59,9,0.889,0.136,0.235
presidio+kg_pii_base_onnx_q8,hard,0.5,ORGANIZATION,72,42,0.952,0.556,0.702
presidio+kg_pii_base_onnx_q8,hard,0.5,PERSON,155,60,1.0,0.387,0.558
presidio+kg_pii_base_onnx_q8,hard,0.5,PHONE,23,27,0.852,1.0,0.92
presidio+kg_pii_base_onnx_q8,hard,0.5,URL,4,4,1.0,1.0,1.0
presidio+kg_pii_base_onnx_q8,hard,0.6,DATE_TIME,85,38,1.0,0.447,0.618
presidio+kg_pii_base_onnx_q8,hard,0.6,EMAIL,27,27,1.0,1.0,1.0
presidio+kg_pii_base_onnx_q8,hard,0.6,FINANCIAL,19,12,0.917,0.579,0.71
presidio+kg_pii_base_onnx_q8,hard,0.6,GOV_ID,40,17,0.882,0.375,0.526
presidio+kg_pii_base_onnx_q8,hard,0.6,IP,3,3,1.0,1.0,1.0
presidio+kg_pii_base_onnx_q8,hard,0.6,LOCATION,59,3,0.667,0.034,0.065
presidio+kg_pii_base_onnx_q8,hard,0.6,ORGANIZATION,72,15,0.933,0.194,0.322
presidio+kg_pii_base_onnx_q8,hard,0.6,PERSON,155,33,1.0,0.213,0.351
presidio+kg_pii_base_onnx_q8,hard,0.6,PHONE,23,28,0.821,1.0,0.902
presidio+kg_pii_base_onnx_q8,hard,0.6,URL,4,4,1.0,1.0,1.0
presidio+kg_pii_base_onnx_q8,hard,0.7,DATE_TIME,85,33,1.0,0.388,0.559
presidio+kg_pii_base_onnx_q8,hard,0.7,EMAIL,27,27,1.0,1.0,1.0
presidio+kg_pii_base_onnx_q8,hard,0.7,FINANCIAL,19,12,0.917,0.579,0.71
presidio+kg_pii_base_onnx_q8,hard,0.7,GOV_ID,40,16,0.875,0.35,0.5
presidio+kg_pii_base_onnx_q8,hard,0.7,IP,3,3,1.0,1.0,1.0
presidio+kg_pii_base_onnx_q8,hard,0.7,LOCATION,59,0,0.0,0.0,0.0
presidio+kg_pii_base_onnx_q8,hard,0.7,ORGANIZATION,72,4,1.0,0.056,0.105
presidio+kg_pii_base_onnx_q8,hard,0.7,PERSON,155,10,1.0,0.065,0.121
presidio+kg_pii_base_onnx_q8,hard,0.7,PHONE,23,28,0.821,1.0,0.902
presidio+kg_pii_base_onnx_q8,hard,0.7,URL,4,4,1.0,1.0,1.0
presidio+kg_pii_base_onnx_q8,hard,0.8,DATE_TIME,85,30,1.0,0.353,0.522
presidio+kg_pii_base_onnx_q8,hard,0.8,EMAIL,27,27,1.0,1.0,1.0
presidio+kg_pii_base_onnx_q8,hard,0.8,FINANCIAL,19,11,0.909,0.526,0.667
presidio+kg_pii_base_onnx_q8,hard,0.8,GOV_ID,40,15,0.933,0.35,0.509
presidio+kg_pii_base_onnx_q8,hard,0.8,IP,3,3,1.0,1.0,1.0
presidio+kg_pii_base_onnx_q8,hard,0.8,LOCATION,59,0,0.0,0.0,0.0
presidio+kg_pii_base_onnx_q8,hard,0.8,ORGANIZATION,72,0,0.0,0.0,0.0
presidio+kg_pii_base_onnx_q8,hard,0.8,PERSON,155,2,1.0,0.013,0.025
presidio+kg_pii_base_onnx_q8,hard,0.8,PHONE,23,29,0.793,1.0,0.885
presidio+kg_pii_base_onnx_q8,hard,0.8,URL,4,4,1.0,1.0,1.0
presidio+kg_pii_base_onnx_q8,sanctum,0.15,DATE_TIME,30,35,0.829,1.0,0.906
presidio+kg_pii_base_onnx_q8,sanctum,0.15,EMAIL,11,11,1.0,1.0,1.0
presidio+kg_pii_base_onnx_q8,sanctum,0.15,FINANCIAL,5,12,0.417,1.0,0.588
presidio+kg_pii_base_onnx_q8,sanctum,0.15,GOV_ID,3,8,0.375,1.0,0.545
presidio+kg_pii_base_onnx_q8,sanctum,0.15,IP,1,1,1.0,1.0,1.0
presidio+kg_pii_base_onnx_q8,sanctum,0.15,LOCATION,14,22,0.864,1.0,0.927
presidio+kg_pii_base_onnx_q8,sanctum,0.15,ORGANIZATION,31,59,0.492,0.839,0.62
presidio+kg_pii_base_onnx_q8,sanctum,0.15,PERSON,48,55,0.891,1.0,0.942
presidio+kg_pii_base_onnx_q8,sanctum,0.15,PHONE,9,12,0.75,1.0,0.857
presidio+kg_pii_base_onnx_q8,sanctum,0.15,URL,2,8,0.25,1.0,0.4
presidio+kg_pii_base_onnx_q8,sanctum,0.2,DATE_TIME,30,33,0.879,1.0,0.935
presidio+kg_pii_base_onnx_q8,sanctum,0.2,EMAIL,11,11,1.0,1.0,1.0
presidio+kg_pii_base_onnx_q8,sanctum,0.2,FINANCIAL,5,9,0.556,1.0,0.714
presidio+kg_pii_base_onnx_q8,sanctum,0.2,GOV_ID,3,5,0.6,1.0,0.75
presidio+kg_pii_base_onnx_q8,sanctum,0.2,IP,1,1,1.0,1.0,1.0
presidio+kg_pii_base_onnx_q8,sanctum,0.2,LOCATION,14,20,0.85,1.0,0.919
presidio+kg_pii_base_onnx_q8,sanctum,0.2,ORGANIZATION,31,44,0.659,0.839,0.738
presidio+kg_pii_base_onnx_q8,sanctum,0.2,PERSON,48,54,0.907,1.0,0.951
presidio+kg_pii_base_onnx_q8,sanctum,0.2,PHONE,9,12,0.75,1.0,0.857
presidio+kg_pii_base_onnx_q8,sanctum,0.2,URL,2,7,0.286,1.0,0.444
presidio+kg_pii_base_onnx_q8,sanctum,0.25,DATE_TIME,30,32,0.906,1.0,0.951
presidio+kg_pii_base_onnx_q8,sanctum,0.25,EMAIL,11,11,1.0,1.0,1.0
presidio+kg_pii_base_onnx_q8,sanctum,0.25,FINANCIAL,5,6,0.833,1.0,0.909
presidio+kg_pii_base_onnx_q8,sanctum,0.25,GOV_ID,3,3,1.0,1.0,1.0
presidio+kg_pii_base_onnx_q8,sanctum,0.25,IP,1,1,1.0,1.0,1.0
presidio+kg_pii_base_onnx_q8,sanctum,0.25,LOCATION,14,19,0.842,1.0,0.914
presidio+kg_pii_base_onnx_q8,sanctum,0.25,ORGANIZATION,31,41,0.707,0.839,0.767
presidio+kg_pii_base_onnx_q8,sanctum,0.25,PERSON,48,53,0.906,1.0,0.95
presidio+kg_pii_base_onnx_q8,sanctum,0.25,PHONE,9,12,0.75,1.0,0.857
presidio+kg_pii_base_onnx_q8,sanctum,0.25,URL,2,4,0.5,1.0,0.667
presidio+kg_pii_base_onnx_q8,sanctum,0.3,DATE_TIME,30,29,0.966,0.967,0.966
presidio+kg_pii_base_onnx_q8,sanctum,0.3,EMAIL,11,11,1.0,1.0,1.0
presidio+kg_pii_base_onnx_q8,sanctum,0.3,FINANCIAL,5,6,0.833,1.0,0.909
presidio+kg_pii_base_onnx_q8,sanctum,0.3,GOV_ID,3,3,1.0,1.0,1.0
presidio+kg_pii_base_onnx_q8,sanctum,0.3,IP,1,1,1.0,1.0,1.0
presidio+kg_pii_base_onnx_q8,sanctum,0.3,LOCATION,14,17,0.882,1.0,0.938
presidio+kg_pii_base_onnx_q8,sanctum,0.3,ORGANIZATION,31,36,0.778,0.806,0.792
presidio+kg_pii_base_onnx_q8,sanctum,0.3,PERSON,48,52,0.904,0.979,0.94
presidio+kg_pii_base_onnx_q8,sanctum,0.3,PHONE,9,11,0.818,1.0,0.9
presidio+kg_pii_base_onnx_q8,sanctum,0.3,URL,2,4,0.5,1.0,0.667
presidio+kg_pii_base_onnx_q8,sanctum,0.4,DATE_TIME,30,27,0.963,0.9,0.93
presidio+kg_pii_base_onnx_q8,sanctum,0.4,EMAIL,11,11,1.0,1.0,1.0
presidio+kg_pii_base_onnx_q8,sanctum,0.4,FINANCIAL,5,6,0.833,1.0,0.909
presidio+kg_pii_base_onnx_q8,sanctum,0.4,GOV_ID,3,3,1.0,1.0,1.0
presidio+kg_pii_base_onnx_q8,sanctum,0.4,IP,1,1,1.0,1.0,1.0
presidio+kg_pii_base_onnx_q8,sanctum,0.4,LOCATION,14,8,1.0,0.571,0.727
presidio+kg_pii_base_onnx_q8,sanctum,0.4,ORGANIZATION,31,21,0.905,0.581,0.707
presidio+kg_pii_base_onnx_q8,sanctum,0.4,PERSON,48,49,0.959,0.979,0.969
presidio+kg_pii_base_onnx_q8,sanctum,0.4,PHONE,9,11,0.818,1.0,0.9
presidio+kg_pii_base_onnx_q8,sanctum,0.4,URL,2,4,0.5,1.0,0.667
presidio+kg_pii_base_onnx_q8,sanctum,0.5,DATE_TIME,30,21,1.0,0.7,0.824
presidio+kg_pii_base_onnx_q8,sanctum,0.5,EMAIL,11,11,1.0,1.0,1.0
presidio+kg_pii_base_onnx_q8,sanctum,0.5,FINANCIAL,5,5,1.0,1.0,1.0
presidio+kg_pii_base_onnx_q8,sanctum,0.5,GOV_ID,3,3,1.0,1.0,1.0
presidio+kg_pii_base_onnx_q8,sanctum,0.5,IP,1,1,1.0,1.0,1.0
presidio+kg_pii_base_onnx_q8,sanctum,0.5,LOCATION,14,1,1.0,0.071,0.133
presidio+kg_pii_base_onnx_q8,sanctum,0.5,ORGANIZATION,31,13,1.0,0.419,0.591
presidio+kg_pii_base_onnx_q8,sanctum,0.5,PERSON,48,43,1.0,0.896,0.945
presidio+kg_pii_base_onnx_q8,sanctum,0.5,PHONE,9,10,0.9,1.0,0.947
presidio+kg_pii_base_onnx_q8,sanctum,0.5,URL,2,4,0.5,1.0,0.667
presidio+kg_pii_base_onnx_q8,sanctum,0.6,DATE_TIME,30,16,1.0,0.533,0.696
presidio+kg_pii_base_onnx_q8,sanctum,0.6,EMAIL,11,11,1.0,1.0,1.0
presidio+kg_pii_base_onnx_q8,sanctum,0.6,FINANCIAL,5,4,1.0,0.8,0.889
presidio+kg_pii_base_onnx_q8,sanctum,0.6,GOV_ID,3,3,1.0,1.0,1.0
presidio+kg_pii_base_onnx_q8,sanctum,0.6,IP,1,1,1.0,1.0,1.0
presidio+kg_pii_base_onnx_q8,sanctum,0.6,LOCATION,14,0,0.0,0.0,0.0
presidio+kg_pii_base_onnx_q8,sanctum,0.6,ORGANIZATION,31,10,1.0,0.323,0.488
presidio+kg_pii_base_onnx_q8,sanctum,0.6,PERSON,48,33,1.0,0.688,0.815
presidio+kg_pii_base_onnx_q8,sanctum,0.6,PHONE,9,10,0.9,1.0,0.947
presidio+kg_pii_base_onnx_q8,sanctum,0.6,URL,2,4,0.5,1.0,0.667
presidio+kg_pii_base_onnx_q8,sanctum,0.7,DATE_TIME,30,13,1.0,0.433,0.605
presidio+kg_pii_base_onnx_q8,sanctum,0.7,EMAIL,11,11,1.0,1.0,1.0
presidio+kg_pii_base_onnx_q8,sanctum,0.7,FINANCIAL,5,4,1.0,0.8,0.889
presidio+kg_pii_base_onnx_q8,sanctum,0.7,GOV_ID,3,3,1.0,1.0,1.0
presidio+kg_pii_base_onnx_q8,sanctum,0.7,IP,1,1,1.0,1.0,1.0
presidio+kg_pii_base_onnx_q8,sanctum,0.7,LOCATION,14,0,0.0,0.0,0.0
presidio+kg_pii_base_onnx_q8,sanctum,0.7,ORGANIZATION,31,1,1.0,0.032,0.062
presidio+kg_pii_base_onnx_q8,sanctum,0.7,PERSON,48,19,1.0,0.396,0.567
presidio+kg_pii_base_onnx_q8,sanctum,0.7,PHONE,9,10,0.9,1.0,0.947
presidio+kg_pii_base_onnx_q8,sanctum,0.7,URL,2,4,0.5,1.0,0.667
presidio+kg_pii_base_onnx_q8,sanctum,0.8,DATE_TIME,30,13,1.0,0.433,0.605
presidio+kg_pii_base_onnx_q8,sanctum,0.8,EMAIL,11,11,1.0,1.0,1.0
presidio+kg_pii_base_onnx_q8,sanctum,0.8,FINANCIAL,5,3,1.0,0.6,0.75
presidio+kg_pii_base_onnx_q8,sanctum,0.8,GOV_ID,3,3,1.0,1.0,1.0
presidio+kg_pii_base_onnx_q8,sanctum,0.8,IP,1,1,1.0,1.0,1.0
presidio+kg_pii_base_onnx_q8,sanctum,0.8,LOCATION,14,0,0.0,0.0,0.0
presidio+kg_pii_base_onnx_q8,sanctum,0.8,ORGANIZATION,31,0,0.0,0.0,0.0
presidio+kg_pii_base_onnx_q8,sanctum,0.8,PERSON,48,12,1.0,0.25,0.4
presidio+kg_pii_base_onnx_q8,sanctum,0.8,PHONE,9,10,0.9,1.0,0.947
presidio+kg_pii_base_onnx_q8,sanctum,0.8,URL,2,4,0.5,1.0,0.667
presidio+kg_pii_edge,hard,0.15,DATE_TIME,85,75,0.907,0.812,0.857
presidio+kg_pii_edge,hard,0.15,EMAIL,27,25,1.0,0.926,0.962
presidio+kg_pii_edge,hard,0.15,FINANCIAL,19,678,0.027,0.789,0.051
presidio+kg_pii_edge,hard,0.15,GOV_ID,40,80,0.35,0.7,0.467
presidio+kg_pii_edge,hard,0.15,IP,3,8,0.375,1.0,0.545
presidio+kg_pii_edge,hard,0.15,LOCATION,59,87,0.839,0.915,0.876
presidio+kg_pii_edge,hard,0.15,ORGANIZATION,72,180,0.361,0.819,0.501
presidio+kg_pii_edge,hard,0.15,PERSON,155,136,0.956,0.839,0.893
presidio+kg_pii_edge,hard,0.15,PHONE,23,27,0.741,0.87,0.8
presidio+kg_pii_edge,hard,0.15,URL,4,33,0.121,1.0,0.216
presidio+kg_pii_edge,hard,0.2,DATE_TIME,85,75,0.907,0.812,0.857
presidio+kg_pii_edge,hard,0.2,EMAIL,27,25,1.0,0.926,0.962
presidio+kg_pii_edge,hard,0.2,FINANCIAL,19,495,0.036,0.789,0.07
presidio+kg_pii_edge,hard,0.2,GOV_ID,40,72,0.403,0.725,0.518
presidio+kg_pii_edge,hard,0.2,IP,3,7,0.429,1.0,0.6
presidio+kg_pii_edge,hard,0.2,LOCATION,59,84,0.845,0.915,0.879
presidio+kg_pii_edge,hard,0.2,ORGANIZATION,72,165,0.394,0.819,0.532
presidio+kg_pii_edge,hard,0.2,PERSON,155,134,0.963,0.832,0.893
presidio+kg_pii_edge,hard,0.2,PHONE,23,27,0.741,0.87,0.8
presidio+kg_pii_edge,hard,0.2,URL,4,24,0.167,1.0,0.286
presidio+kg_pii_edge,hard,0.25,DATE_TIME,85,75,0.907,0.812,0.857
presidio+kg_pii_edge,hard,0.25,EMAIL,27,25,1.0,0.926,0.962
presidio+kg_pii_edge,hard,0.25,FINANCIAL,19,374,0.048,0.789,0.091
presidio+kg_pii_edge,hard,0.25,GOV_ID,40,60,0.483,0.725,0.58
presidio+kg_pii_edge,hard,0.25,IP,3,6,0.5,1.0,0.667
presidio+kg_pii_edge,hard,0.25,LOCATION,59,79,0.861,0.915,0.887
presidio+kg_pii_edge,hard,0.25,ORGANIZATION,72,147,0.429,0.819,0.563
presidio+kg_pii_edge,hard,0.25,PERSON,155,131,0.962,0.819,0.885
presidio+kg_pii_edge,hard,0.25,PHONE,23,27,0.741,0.87,0.8
presidio+kg_pii_edge,hard,0.25,URL,4,21,0.19,1.0,0.32
presidio+kg_pii_edge,hard,0.3,DATE_TIME,85,75,0.907,0.812,0.857
presidio+kg_pii_edge,hard,0.3,EMAIL,27,25,1.0,0.926,0.962
presidio+kg_pii_edge,hard,0.3,FINANCIAL,19,272,0.07,0.842,0.129
presidio+kg_pii_edge,hard,0.3,GOV_ID,40,56,0.518,0.725,0.604
presidio+kg_pii_edge,hard,0.3,IP,3,5,0.6,1.0,0.75
presidio+kg_pii_edge,hard,0.3,LOCATION,59,73,0.863,0.915,0.888
presidio+kg_pii_edge,hard,0.3,ORGANIZATION,72,124,0.5,0.819,0.621
presidio+kg_pii_edge,hard,0.3,PERSON,155,130,0.962,0.813,0.881
presidio+kg_pii_edge,hard,0.3,PHONE,23,27,0.741,0.87,0.8
presidio+kg_pii_edge,hard,0.3,URL,4,17,0.235,1.0,0.381
presidio+kg_pii_edge,hard,0.4,DATE_TIME,85,72,0.931,0.8,0.86
presidio+kg_pii_edge,hard,0.4,EMAIL,27,25,1.0,0.926,0.962
presidio+kg_pii_edge,hard,0.4,FINANCIAL,19,88,0.182,0.842,0.299
presidio+kg_pii_edge,hard,0.4,GOV_ID,40,41,0.61,0.625,0.617
presidio+kg_pii_edge,hard,0.4,IP,3,4,0.75,1.0,0.857
presidio+kg_pii_edge,hard,0.4,LOCATION,59,56,0.893,0.797,0.842
presidio+kg_pii_edge,hard,0.4,ORGANIZATION,72,87,0.609,0.736,0.667
presidio+kg_pii_edge,hard,0.4,PERSON,155,123,0.967,0.774,0.86
presidio+kg_pii_edge,hard,0.4,PHONE,23,29,0.724,0.913,0.808
presidio+kg_pii_edge,hard,0.4,URL,4,10,0.4,1.0,0.571
presidio+kg_pii_edge,hard,0.5,DATE_TIME,85,71,0.93,0.788,0.853
presidio+kg_pii_edge,hard,0.5,EMAIL,27,26,1.0,0.963,0.981
presidio+kg_pii_edge,hard,0.5,FINANCIAL,19,17,0.647,0.579,0.611
presidio+kg_pii_edge,hard,0.5,GOV_ID,40,25,0.76,0.475,0.585
presidio+kg_pii_edge,hard,0.5,IP,3,4,0.75,1.0,0.857
presidio+kg_pii_edge,hard,0.5,LOCATION,59,48,0.875,0.678,0.764
presidio+kg_pii_edge,hard,0.5,ORGANIZATION,72,54,0.778,0.583,0.667
presidio+kg_pii_edge,hard,0.5,PERSON,155,101,0.97,0.639,0.77
presidio+kg_pii_edge,hard,0.5,PHONE,23,30,0.7,0.913,0.792
presidio+kg_pii_edge,hard,0.5,URL,4,6,0.667,1.0,0.8
presidio+kg_pii_edge,hard,0.6,DATE_TIME,85,54,0.963,0.612,0.748
presidio+kg_pii_edge,hard,0.6,EMAIL,27,26,1.0,0.963,0.981
presidio+kg_pii_edge,hard,0.6,FINANCIAL,19,11,1.0,0.579,0.733
presidio+kg_pii_edge,hard,0.6,GOV_ID,40,19,0.842,0.4,0.542
presidio+kg_pii_edge,hard,0.6,IP,3,3,1.0,1.0,1.0
presidio+kg_pii_edge,hard,0.6,LOCATION,59,26,0.962,0.424,0.588
presidio+kg_pii_edge,hard,0.6,ORGANIZATION,72,23,0.913,0.292,0.442
presidio+kg_pii_edge,hard,0.6,PERSON,155,65,0.969,0.413,0.579
presidio+kg_pii_edge,hard,0.6,PHONE,23,30,0.733,0.957,0.83
presidio+kg_pii_edge,hard,0.6,URL,4,6,0.667,1.0,0.8
presidio+kg_pii_edge,hard,0.7,DATE_TIME,85,43,0.977,0.494,0.656
presidio+kg_pii_edge,hard,0.7,EMAIL,27,27,1.0,1.0,1.0
presidio+kg_pii_edge,hard,0.7,FINANCIAL,19,11,1.0,0.579,0.733
presidio+kg_pii_edge,hard,0.7,GOV_ID,40,13,1.0,0.325,0.491
presidio+kg_pii_edge,hard,0.7,IP,3,3,1.0,1.0,1.0
presidio+kg_pii_edge,hard,0.7,LOCATION,59,6,1.0,0.102,0.185
presidio+kg_pii_edge,hard,0.7,ORGANIZATION,72,8,1.0,0.111,0.2
presidio+kg_pii_edge,hard,0.7,PERSON,155,38,0.974,0.245,0.392
presidio+kg_pii_edge,hard,0.7,PHONE,23,30,0.767,1.0,0.868
presidio+kg_pii_edge,hard,0.7,URL,4,4,1.0,1.0,1.0
presidio+kg_pii_edge,hard,0.8,DATE_TIME,85,36,0.972,0.412,0.579
presidio+kg_pii_edge,hard,0.8,EMAIL,27,27,1.0,1.0,1.0
presidio+kg_pii_edge,hard,0.8,FINANCIAL,19,11,1.0,0.579,0.733
presidio+kg_pii_edge,hard,0.8,GOV_ID,40,13,1.0,0.325,0.491
presidio+kg_pii_edge,hard,0.8,IP,3,3,1.0,1.0,1.0
presidio+kg_pii_edge,hard,0.8,LOCATION,59,1,1.0,0.017,0.033
presidio+kg_pii_edge,hard,0.8,ORGANIZATION,72,0,0.0,0.0,0.0
presidio+kg_pii_edge,hard,0.8,PERSON,155,7,1.0,0.045,0.086
presidio+kg_pii_edge,hard,0.8,PHONE,23,30,0.767,1.0,0.868
presidio+kg_pii_edge,hard,0.8,URL,4,4,1.0,1.0,1.0
presidio+kg_pii_edge,sanctum,0.15,DATE_TIME,30,32,0.938,1.0,0.968
presidio+kg_pii_edge,sanctum,0.15,EMAIL,11,11,1.0,1.0,1.0
presidio+kg_pii_edge,sanctum,0.15,FINANCIAL,5,373,0.011,0.8,0.021
presidio+kg_pii_edge,sanctum,0.15,GOV_ID,3,17,0.176,1.0,0.3
presidio+kg_pii_edge,sanctum,0.15,IP,1,4,0.25,1.0,0.4
presidio+kg_pii_edge,sanctum,0.15,LOCATION,14,20,0.8,1.0,0.889
presidio+kg_pii_edge,sanctum,0.15,ORGANIZATION,31,79,0.342,0.839,0.486
presidio+kg_pii_edge,sanctum,0.15,PERSON,48,50,0.92,0.958,0.939
presidio+kg_pii_edge,sanctum,0.15,PHONE,9,11,0.818,1.0,0.9
presidio+kg_pii_edge,sanctum,0.15,URL,2,34,0.059,1.0,0.111
presidio+kg_pii_edge,sanctum,0.2,DATE_TIME,30,32,0.938,1.0,0.968
presidio+kg_pii_edge,sanctum,0.2,EMAIL,11,11,1.0,1.0,1.0
presidio+kg_pii_edge,sanctum,0.2,FINANCIAL,5,253,0.016,0.8,0.031
presidio+kg_pii_edge,sanctum,0.2,GOV_ID,3,16,0.188,1.0,0.316
presidio+kg_pii_edge,sanctum,0.2,IP,1,4,0.25,1.0,0.4
presidio+kg_pii_edge,sanctum,0.2,LOCATION,14,20,0.8,1.0,0.889
presidio+kg_pii_edge,sanctum,0.2,ORGANIZATION,31,71,0.38,0.839,0.523
presidio+kg_pii_edge,sanctum,0.2,PERSON,48,50,0.92,0.958,0.939
presidio+kg_pii_edge,sanctum,0.2,PHONE,9,11,0.818,1.0,0.9
presidio+kg_pii_edge,sanctum,0.2,URL,2,22,0.091,1.0,0.167
presidio+kg_pii_edge,sanctum,0.25,DATE_TIME,30,32,0.938,1.0,0.968
presidio+kg_pii_edge,sanctum,0.25,EMAIL,11,11,1.0,1.0,1.0
presidio+kg_pii_edge,sanctum,0.25,FINANCIAL,5,172,0.023,0.8,0.045
presidio+kg_pii_edge,sanctum,0.25,GOV_ID,3,14,0.214,1.0,0.353
presidio+kg_pii_edge,sanctum,0.25,IP,1,4,0.25,1.0,0.4
presidio+kg_pii_edge,sanctum,0.25,LOCATION,14,19,0.842,1.0,0.914
presidio+kg_pii_edge,sanctum,0.25,ORGANIZATION,31,58,0.466,0.839,0.599
presidio+kg_pii_edge,sanctum,0.25,PERSON,48,50,0.92,0.958,0.939
presidio+kg_pii_edge,sanctum,0.25,PHONE,9,11,0.818,1.0,0.9
presidio+kg_pii_edge,sanctum,0.25,URL,2,14,0.143,1.0,0.25
presidio+kg_pii_edge,sanctum,0.3,DATE_TIME,30,32,0.938,1.0,0.968
presidio+kg_pii_edge,sanctum,0.3,EMAIL,11,11,1.0,1.0,1.0
presidio+kg_pii_edge,sanctum,0.3,FINANCIAL,5,114,0.035,0.8,0.067
presidio+kg_pii_edge,sanctum,0.3,GOV_ID,3,10,0.3,1.0,0.462
presidio+kg_pii_edge,sanctum,0.3,IP,1,4,0.25,1.0,0.4
presidio+kg_pii_edge,sanctum,0.3,LOCATION,14,16,0.875,1.0,0.933
presidio+kg_pii_edge,sanctum,0.3,ORGANIZATION,31,48,0.562,0.839,0.673
presidio+kg_pii_edge,sanctum,0.3,PERSON,48,50,0.92,0.958,0.939
presidio+kg_pii_edge,sanctum,0.3,PHONE,9,11,0.818,1.0,0.9
presidio+kg_pii_edge,sanctum,0.3,URL,2,8,0.25,1.0,0.4
presidio+kg_pii_edge,sanctum,0.4,DATE_TIME,30,31,0.935,0.967,0.951
presidio+kg_pii_edge,sanctum,0.4,EMAIL,11,11,1.0,1.0,1.0
presidio+kg_pii_edge,sanctum,0.4,FINANCIAL,5,25,0.16,0.8,0.267
presidio+kg_pii_edge,sanctum,0.4,GOV_ID,3,7,0.429,1.0,0.6
presidio+kg_pii_edge,sanctum,0.4,IP,1,2,0.5,1.0,0.667
presidio+kg_pii_edge,sanctum,0.4,LOCATION,14,16,0.875,1.0,0.933
presidio+kg_pii_edge,sanctum,0.4,ORGANIZATION,31,34,0.647,0.71,0.677
presidio+kg_pii_edge,sanctum,0.4,PERSON,48,46,1.0,0.958,0.979
presidio+kg_pii_edge,sanctum,0.4,PHONE,9,10,0.9,1.0,0.947
presidio+kg_pii_edge,sanctum,0.4,URL,2,6,0.333,1.0,0.5
presidio+kg_pii_edge,sanctum,0.5,DATE_TIME,30,27,0.963,0.867,0.912
presidio+kg_pii_edge,sanctum,0.5,EMAIL,11,11,1.0,1.0,1.0
presidio+kg_pii_edge,sanctum,0.5,FINANCIAL,5,6,0.667,0.8,0.727
presidio+kg_pii_edge,sanctum,0.5,GOV_ID,3,4,0.75,1.0,0.857
presidio+kg_pii_edge,sanctum,0.5,IP,1,1,1.0,1.0,1.0
presidio+kg_pii_edge,sanctum,0.5,LOCATION,14,15,0.933,1.0,0.966
presidio+kg_pii_edge,sanctum,0.5,ORGANIZATION,31,18,0.833,0.484,0.612
presidio+kg_pii_edge,sanctum,0.5,PERSON,48,43,1.0,0.896,0.945
presidio+kg_pii_edge,sanctum,0.5,PHONE,9,10,0.9,1.0,0.947
presidio+kg_pii_edge,sanctum,0.5,URL,2,4,0.5,1.0,0.667
presidio+kg_pii_edge,sanctum,0.6,DATE_TIME,30,21,0.952,0.667,0.784
presidio+kg_pii_edge,sanctum,0.6,EMAIL,11,11,1.0,1.0,1.0
presidio+kg_pii_edge,sanctum,0.6,FINANCIAL,5,3,1.0,0.6,0.75
presidio+kg_pii_edge,sanctum,0.6,GOV_ID,3,4,0.75,1.0,0.857
presidio+kg_pii_edge,sanctum,0.6,IP,1,1,1.0,1.0,1.0
presidio+kg_pii_edge,sanctum,0.6,LOCATION,14,11,0.909,0.714,0.8
presidio+kg_pii_edge,sanctum,0.6,ORGANIZATION,31,9,0.889,0.258,0.4
presidio+kg_pii_edge,sanctum,0.6,PERSON,48,38,1.0,0.792,0.884
presidio+kg_pii_edge,sanctum,0.6,PHONE,9,10,0.9,1.0,0.947
presidio+kg_pii_edge,sanctum,0.6,URL,2,4,0.5,1.0,0.667
presidio+kg_pii_edge,sanctum,0.7,DATE_TIME,30,18,0.944,0.567,0.708
presidio+kg_pii_edge,sanctum,0.7,EMAIL,11,11,1.0,1.0,1.0
presidio+kg_pii_edge,sanctum,0.7,FINANCIAL,5,3,1.0,0.6,0.75
presidio+kg_pii_edge,sanctum,0.7,GOV_ID,3,3,1.0,1.0,1.0
presidio+kg_pii_edge,sanctum,0.7,IP,1,1,1.0,1.0,1.0
presidio+kg_pii_edge,sanctum,0.7,LOCATION,14,1,0.0,0.0,0.0
presidio+kg_pii_edge,sanctum,0.7,ORGANIZATION,31,3,1.0,0.097,0.176
presidio+kg_pii_edge,sanctum,0.7,PERSON,48,26,1.0,0.542,0.703
presidio+kg_pii_edge,sanctum,0.7,PHONE,9,10,0.9,1.0,0.947
presidio+kg_pii_edge,sanctum,0.7,URL,2,4,0.5,1.0,0.667
presidio+kg_pii_edge,sanctum,0.8,DATE_TIME,30,15,1.0,0.5,0.667
presidio+kg_pii_edge,sanctum,0.8,EMAIL,11,11,1.0,1.0,1.0
presidio+kg_pii_edge,sanctum,0.8,FINANCIAL,5,3,1.0,0.6,0.75
presidio+kg_pii_edge,sanctum,0.8,GOV_ID,3,3,1.0,1.0,1.0
presidio+kg_pii_edge,sanctum,0.8,IP,1,1,1.0,1.0,1.0
presidio+kg_pii_edge,sanctum,0.8,LOCATION,14,0,0.0,0.0,0.0
presidio+kg_pii_edge,sanctum,0.8,ORGANIZATION,31,1,1.0,0.032,0.062
presidio+kg_pii_edge,sanctum,0.8,PERSON,48,5,1.0,0.104,0.189
presidio+kg_pii_edge,sanctum,0.8,PHONE,9,10,0.9,1.0,0.947
presidio+kg_pii_edge,sanctum,0.8,URL,2,4,0.5,1.0,0.667
presidio+kg_pii_edge_onnx_q8,hard,0.15,DATE_TIME,85,80,0.825,0.8,0.812
presidio+kg_pii_edge_onnx_q8,hard,0.15,EMAIL,27,26,1.0,0.963,0.981
presidio+kg_pii_edge_onnx_q8,hard,0.15,FINANCIAL,19,134,0.112,0.737,0.194
presidio+kg_pii_edge_onnx_q8,hard,0.15,GOV_ID,40,81,0.321,0.65,0.43
presidio+kg_pii_edge_onnx_q8,hard,0.15,IP,3,12,0.25,1.0,0.4
presidio+kg_pii_edge_onnx_q8,hard,0.15,LOCATION,59,202,0.564,0.915,0.698
presidio+kg_pii_edge_onnx_q8,hard,0.15,ORGANIZATION,72,254,0.256,0.819,0.39
presidio+kg_pii_edge_onnx_q8,hard,0.15,PERSON,155,144,0.861,0.794,0.826
presidio+kg_pii_edge_onnx_q8,hard,0.15,PHONE,23,17,0.941,0.696,0.8
presidio+kg_pii_edge_onnx_q8,hard,0.15,URL,4,138,0.029,1.0,0.056
presidio+kg_pii_edge_onnx_q8,hard,0.2,DATE_TIME,85,72,0.847,0.741,0.791
presidio+kg_pii_edge_onnx_q8,hard,0.2,EMAIL,27,26,1.0,0.963,0.981
presidio+kg_pii_edge_onnx_q8,hard,0.2,FINANCIAL,19,74,0.189,0.737,0.301
presidio+kg_pii_edge_onnx_q8,hard,0.2,GOV_ID,40,66,0.394,0.65,0.491
presidio+kg_pii_edge_onnx_q8,hard,0.2,IP,3,12,0.25,1.0,0.4
presidio+kg_pii_edge_onnx_q8,hard,0.2,LOCATION,59,163,0.65,0.915,0.76
presidio+kg_pii_edge_onnx_q8,hard,0.2,ORGANIZATION,72,197,0.31,0.806,0.447
presidio+kg_pii_edge_onnx_q8,hard,0.2,PERSON,155,137,0.891,0.781,0.832
presidio+kg_pii_edge_onnx_q8,hard,0.2,PHONE,23,17,0.941,0.696,0.8
presidio+kg_pii_edge_onnx_q8,hard,0.2,URL,4,85,0.047,1.0,0.09
presidio+kg_pii_edge_onnx_q8,hard,0.25,DATE_TIME,85,60,0.883,0.647,0.747
presidio+kg_pii_edge_onnx_q8,hard,0.25,EMAIL,27,26,1.0,0.963,0.981
presidio+kg_pii_edge_onnx_q8,hard,0.25,FINANCIAL,19,49,0.286,0.737,0.412
presidio+kg_pii_edge_onnx_q8,hard,0.25,GOV_ID,40,50,0.48,0.6,0.533
presidio+kg_pii_edge_onnx_q8,hard,0.25,IP,3,12,0.25,1.0,0.4
presidio+kg_pii_edge_onnx_q8,hard,0.25,LOCATION,59,139,0.698,0.898,0.785
presidio+kg_pii_edge_onnx_q8,hard,0.25,ORGANIZATION,72,151,0.391,0.792,0.523
presidio+kg_pii_edge_onnx_q8,hard,0.25,PERSON,155,129,0.915,0.761,0.831
presidio+kg_pii_edge_onnx_q8,hard,0.25,PHONE,23,17,0.941,0.696,0.8
presidio+kg_pii_edge_onnx_q8,hard,0.25,URL,4,42,0.095,1.0,0.174
presidio+kg_pii_edge_onnx_q8,hard,0.3,DATE_TIME,85,51,0.922,0.576,0.709
presidio+kg_pii_edge_onnx_q8,hard,0.3,EMAIL,27,26,1.0,0.963,0.981
presidio+kg_pii_edge_onnx_q8,hard,0.3,FINANCIAL,19,30,0.467,0.737,0.571
presidio+kg_pii_edge_onnx_q8,hard,0.3,GOV_ID,40,41,0.537,0.55,0.543
presidio+kg_pii_edge_onnx_q8,hard,0.3,IP,3,10,0.3,1.0,0.462
presidio+kg_pii_edge_onnx_q8,hard,0.3,LOCATION,59,107,0.729,0.864,0.791
presidio+kg_pii_edge_onnx_q8,hard,0.3,ORGANIZATION,72,112,0.464,0.722,0.565
presidio+kg_pii_edge_onnx_q8,hard,0.3,PERSON,155,103,0.951,0.639,0.764
presidio+kg_pii_edge_onnx_q8,hard,0.3,PHONE,23,20,0.85,0.739,0.791
presidio+kg_pii_edge_onnx_q8,hard,0.3,URL,4,23,0.174,1.0,0.296
presidio+kg_pii_edge_onnx_q8,hard,0.4,DATE_TIME,85,42,0.952,0.482,0.64
presidio+kg_pii_edge_onnx_q8,hard,0.4,EMAIL,27,27,1.0,1.0,1.0
presidio+kg_pii_edge_onnx_q8,hard,0.4,FINANCIAL,19,16,0.688,0.579,0.629
presidio+kg_pii_edge_onnx_q8,hard,0.4,GOV_ID,40,27,0.704,0.475,0.567
presidio+kg_pii_edge_onnx_q8,hard,0.4,IP,3,6,0.5,1.0,0.667
presidio+kg_pii_edge_onnx_q8,hard,0.4,LOCATION,59,51,0.824,0.627,0.712
presidio+kg_pii_edge_onnx_q8,hard,0.4,ORGANIZATION,72,44,0.591,0.375,0.459
presidio+kg_pii_edge_onnx_q8,hard,0.4,PERSON,155,72,0.986,0.465,0.632
presidio+kg_pii_edge_onnx_q8,hard,0.4,PHONE,23,27,0.778,0.913,0.84
presidio+kg_pii_edge_onnx_q8,hard,0.4,URL,4,6,0.667,1.0,0.8
presidio+kg_pii_edge_onnx_q8,hard,0.5,DATE_TIME,85,36,0.972,0.412,0.579
presidio+kg_pii_edge_onnx_q8,hard,0.5,EMAIL,27,27,1.0,1.0,1.0
presidio+kg_pii_edge_onnx_q8,hard,0.5,FINANCIAL,19,13,0.769,0.526,0.625
presidio+kg_pii_edge_onnx_q8,hard,0.5,GOV_ID,40,16,0.875,0.35,0.5
presidio+kg_pii_edge_onnx_q8,hard,0.5,IP,3,3,1.0,1.0,1.0
presidio+kg_pii_edge_onnx_q8,hard,0.5,LOCATION,59,13,0.923,0.203,0.333
presidio+kg_pii_edge_onnx_q8,hard,0.5,ORGANIZATION,72,7,0.857,0.083,0.152
presidio+kg_pii_edge_onnx_q8,hard,0.5,PERSON,155,47,0.979,0.303,0.463
presidio+kg_pii_edge_onnx_q8,hard,0.5,PHONE,23,28,0.75,0.913,0.824
presidio+kg_pii_edge_onnx_q8,hard,0.5,URL,4,4,1.0,1.0,1.0
presidio+kg_pii_edge_onnx_q8,hard,0.6,DATE_TIME,85,32,0.969,0.365,0.53
presidio+kg_pii_edge_onnx_q8,hard,0.6,EMAIL,27,27,1.0,1.0,1.0
presidio+kg_pii_edge_onnx_q8,hard,0.6,FINANCIAL,19,12,0.833,0.526,0.645
presidio+kg_pii_edge_onnx_q8,hard,0.6,GOV_ID,40,12,1.0,0.3,0.462
presidio+kg_pii_edge_onnx_q8,hard,0.6,IP,3,3,1.0,1.0,1.0
presidio+kg_pii_edge_onnx_q8,hard,0.6,LOCATION,59,1,1.0,0.017,0.033
presidio+kg_pii_edge_onnx_q8,hard,0.6,ORGANIZATION,72,1,1.0,0.014,0.027
presidio+kg_pii_edge_onnx_q8,hard,0.6,PERSON,155,18,0.944,0.11,0.197
presidio+kg_pii_edge_onnx_q8,hard,0.6,PHONE,23,30,0.767,1.0,0.868
presidio+kg_pii_edge_onnx_q8,hard,0.6,URL,4,4,1.0,1.0,1.0
presidio+kg_pii_edge_onnx_q8,hard,0.7,DATE_TIME,85,31,0.968,0.353,0.517
presidio+kg_pii_edge_onnx_q8,hard,0.7,EMAIL,27,27,1.0,1.0,1.0
presidio+kg_pii_edge_onnx_q8,hard,0.7,FINANCIAL,19,12,0.833,0.526,0.645
presidio+kg_pii_edge_onnx_q8,hard,0.7,GOV_ID,40,12,1.0,0.3,0.462
presidio+kg_pii_edge_onnx_q8,hard,0.7,IP,3,3,1.0,1.0,1.0
presidio+kg_pii_edge_onnx_q8,hard,0.7,LOCATION,59,1,1.0,0.017,0.033
presidio+kg_pii_edge_onnx_q8,hard,0.7,ORGANIZATION,72,0,0.0,0.0,0.0
presidio+kg_pii_edge_onnx_q8,hard,0.7,PERSON,155,5,1.0,0.032,0.062
presidio+kg_pii_edge_onnx_q8,hard,0.7,PHONE,23,30,0.767,1.0,0.868
presidio+kg_pii_edge_onnx_q8,hard,0.7,URL,4,4,1.0,1.0,1.0
presidio+kg_pii_edge_onnx_q8,hard,0.8,DATE_TIME,85,31,0.968,0.353,0.517
presidio+kg_pii_edge_onnx_q8,hard,0.8,EMAIL,27,27,1.0,1.0,1.0
presidio+kg_pii_edge_onnx_q8,hard,0.8,FINANCIAL,19,12,0.833,0.526,0.645
presidio+kg_pii_edge_onnx_q8,hard,0.8,GOV_ID,40,12,1.0,0.3,0.462
presidio+kg_pii_edge_onnx_q8,hard,0.8,IP,3,3,1.0,1.0,1.0
presidio+kg_pii_edge_onnx_q8,hard,0.8,LOCATION,59,0,0.0,0.0,0.0
presidio+kg_pii_edge_onnx_q8,hard,0.8,ORGANIZATION,72,0,0.0,0.0,0.0
presidio+kg_pii_edge_onnx_q8,hard,0.8,PERSON,155,0,0.0,0.0,0.0
presidio+kg_pii_edge_onnx_q8,hard,0.8,PHONE,23,30,0.767,1.0,0.868
presidio+kg_pii_edge_onnx_q8,hard,0.8,URL,4,4,1.0,1.0,1.0
presidio+kg_pii_edge_onnx_q8,sanctum,0.15,DATE_TIME,30,32,0.875,0.933,0.903
presidio+kg_pii_edge_onnx_q8,sanctum,0.15,EMAIL,11,11,1.0,1.0,1.0
presidio+kg_pii_edge_onnx_q8,sanctum,0.15,FINANCIAL,5,53,0.075,0.8,0.138
presidio+kg_pii_edge_onnx_q8,sanctum,0.15,GOV_ID,3,34,0.088,1.0,0.162
presidio+kg_pii_edge_onnx_q8,sanctum,0.15,IP,1,8,0.125,1.0,0.222
presidio+kg_pii_edge_onnx_q8,sanctum,0.15,LOCATION,14,48,0.75,0.929,0.83
presidio+kg_pii_edge_onnx_q8,sanctum,0.15,ORGANIZATION,31,108,0.204,0.581,0.302
presidio+kg_pii_edge_onnx_q8,sanctum,0.15,PERSON,48,60,0.717,0.896,0.796
presidio+kg_pii_edge_onnx_q8,sanctum,0.15,PHONE,9,9,0.778,0.778,0.778
presidio+kg_pii_edge_onnx_q8,sanctum,0.15,URL,2,47,0.043,1.0,0.082
presidio+kg_pii_edge_onnx_q8,sanctum,0.2,DATE_TIME,30,27,0.889,0.8,0.842
presidio+kg_pii_edge_onnx_q8,sanctum,0.2,EMAIL,11,11,1.0,1.0,1.0
presidio+kg_pii_edge_onnx_q8,sanctum,0.2,FINANCIAL,5,33,0.121,0.8,0.211
presidio+kg_pii_edge_onnx_q8,sanctum,0.2,GOV_ID,3,22,0.136,1.0,0.24
presidio+kg_pii_edge_onnx_q8,sanctum,0.2,IP,1,7,0.143,1.0,0.25
presidio+kg_pii_edge_onnx_q8,sanctum,0.2,LOCATION,14,40,0.85,0.929,0.888
presidio+kg_pii_edge_onnx_q8,sanctum,0.2,ORGANIZATION,31,79,0.241,0.516,0.328
presidio+kg_pii_edge_onnx_q8,sanctum,0.2,PERSON,48,57,0.754,0.896,0.819
presidio+kg_pii_edge_onnx_q8,sanctum,0.2,PHONE,9,9,0.778,0.778,0.778
presidio+kg_pii_edge_onnx_q8,sanctum,0.2,URL,2,31,0.065,1.0,0.121
presidio+kg_pii_edge_onnx_q8,sanctum,0.25,DATE_TIME,30,22,0.864,0.633,0.731
presidio+kg_pii_edge_onnx_q8,sanctum,0.25,EMAIL,11,11,1.0,1.0,1.0
presidio+kg_pii_edge_onnx_q8,sanctum,0.25,FINANCIAL,5,17,0.235,0.8,0.364
presidio+kg_pii_edge_onnx_q8,sanctum,0.25,GOV_ID,3,14,0.214,1.0,0.353
presidio+kg_pii_edge_onnx_q8,sanctum,0.25,IP,1,7,0.143,1.0,0.25
presidio+kg_pii_edge_onnx_q8,sanctum,0.25,LOCATION,14,37,0.865,0.929,0.896
presidio+kg_pii_edge_onnx_q8,sanctum,0.25,ORGANIZATION,31,51,0.333,0.484,0.395
presidio+kg_pii_edge_onnx_q8,sanctum,0.25,PERSON,48,57,0.754,0.896,0.819
presidio+kg_pii_edge_onnx_q8,sanctum,0.25,PHONE,9,8,0.875,0.778,0.824
presidio+kg_pii_edge_onnx_q8,sanctum,0.25,URL,2,22,0.091,1.0,0.167
presidio+kg_pii_edge_onnx_q8,sanctum,0.3,DATE_TIME,30,20,0.9,0.6,0.72
presidio+kg_pii_edge_onnx_q8,sanctum,0.3,EMAIL,11,11,1.0,1.0,1.0
presidio+kg_pii_edge_onnx_q8,sanctum,0.3,FINANCIAL,5,11,0.273,0.6,0.375
presidio+kg_pii_edge_onnx_q8,sanctum,0.3,GOV_ID,3,9,0.333,1.0,0.5
presidio+kg_pii_edge_onnx_q8,sanctum,0.3,IP,1,4,0.25,1.0,0.4
presidio+kg_pii_edge_onnx_q8,sanctum,0.3,LOCATION,14,31,0.903,0.929,0.916
presidio+kg_pii_edge_onnx_q8,sanctum,0.3,ORGANIZATION,31,40,0.375,0.419,0.396
presidio+kg_pii_edge_onnx_q8,sanctum,0.3,PERSON,48,51,0.824,0.875,0.848
presidio+kg_pii_edge_onnx_q8,sanctum,0.3,PHONE,9,8,0.875,0.778,0.824
presidio+kg_pii_edge_onnx_q8,sanctum,0.3,URL,2,11,0.182,1.0,0.308
presidio+kg_pii_edge_onnx_q8,sanctum,0.4,DATE_TIME,30,15,0.933,0.467,0.622
presidio+kg_pii_edge_onnx_q8,sanctum,0.4,EMAIL,11,11,1.0,1.0,1.0
presidio+kg_pii_edge_onnx_q8,sanctum,0.4,FINANCIAL,5,4,0.75,0.6,0.667
presidio+kg_pii_edge_onnx_q8,sanctum,0.4,GOV_ID,3,4,0.75,1.0,0.857
presidio+kg_pii_edge_onnx_q8,sanctum,0.4,IP,1,4,0.25,1.0,0.4
presidio+kg_pii_edge_onnx_q8,sanctum,0.4,LOCATION,14,19,0.842,0.714,0.773
presidio+kg_pii_edge_onnx_q8,sanctum,0.4,ORGANIZATION,31,16,0.438,0.226,0.298
presidio+kg_pii_edge_onnx_q8,sanctum,0.4,PERSON,48,34,0.941,0.667,0.78
presidio+kg_pii_edge_onnx_q8,sanctum,0.4,PHONE,9,9,0.889,0.889,0.889
presidio+kg_pii_edge_onnx_q8,sanctum,0.4,URL,2,4,0.5,1.0,0.667
presidio+kg_pii_edge_onnx_q8,sanctum,0.5,DATE_TIME,30,13,0.923,0.4,0.558
presidio+kg_pii_edge_onnx_q8,sanctum,0.5,EMAIL,11,11,1.0,1.0,1.0
presidio+kg_pii_edge_onnx_q8,sanctum,0.5,FINANCIAL,5,2,1.0,0.4,0.571
presidio+kg_pii_edge_onnx_q8,sanctum,0.5,GOV_ID,3,4,0.75,1.0,0.857
presidio+kg_pii_edge_onnx_q8,sanctum,0.5,IP,1,2,0.5,1.0,0.667
presidio+kg_pii_edge_onnx_q8,sanctum,0.5,LOCATION,14,8,0.875,0.5,0.636
presidio+kg_pii_edge_onnx_q8,sanctum,0.5,ORGANIZATION,31,4,1.0,0.129,0.229
presidio+kg_pii_edge_onnx_q8,sanctum,0.5,PERSON,48,25,1.0,0.521,0.685
presidio+kg_pii_edge_onnx_q8,sanctum,0.5,PHONE,9,8,0.875,0.778,0.824
presidio+kg_pii_edge_onnx_q8,sanctum,0.5,URL,2,4,0.5,1.0,0.667
presidio+kg_pii_edge_onnx_q8,sanctum,0.6,DATE_TIME,30,12,1.0,0.4,0.571
presidio+kg_pii_edge_onnx_q8,sanctum,0.6,EMAIL,11,11,1.0,1.0,1.0
presidio+kg_pii_edge_onnx_q8,sanctum,0.6,FINANCIAL,5,2,1.0,0.4,0.571
presidio+kg_pii_edge_onnx_q8,sanctum,0.6,GOV_ID,3,3,1.0,1.0,1.0
presidio+kg_pii_edge_onnx_q8,sanctum,0.6,IP,1,1,1.0,1.0,1.0
presidio+kg_pii_edge_onnx_q8,sanctum,0.6,LOCATION,14,1,0.0,0.0,0.0
presidio+kg_pii_edge_onnx_q8,sanctum,0.6,ORGANIZATION,31,1,1.0,0.032,0.062
presidio+kg_pii_edge_onnx_q8,sanctum,0.6,PERSON,48,12,1.0,0.25,0.4
presidio+kg_pii_edge_onnx_q8,sanctum,0.6,PHONE,9,9,0.889,0.889,0.889
presidio+kg_pii_edge_onnx_q8,sanctum,0.6,URL,2,4,0.5,1.0,0.667
presidio+kg_pii_edge_onnx_q8,sanctum,0.7,DATE_TIME,30,12,1.0,0.4,0.571
presidio+kg_pii_edge_onnx_q8,sanctum,0.7,EMAIL,11,11,1.0,1.0,1.0
presidio+kg_pii_edge_onnx_q8,sanctum,0.7,FINANCIAL,5,2,1.0,0.4,0.571
presidio+kg_pii_edge_onnx_q8,sanctum,0.7,GOV_ID,3,3,1.0,1.0,1.0
presidio+kg_pii_edge_onnx_q8,sanctum,0.7,IP,1,1,1.0,1.0,1.0
presidio+kg_pii_edge_onnx_q8,sanctum,0.7,LOCATION,14,0,0.0,0.0,0.0
presidio+kg_pii_edge_onnx_q8,sanctum,0.7,ORGANIZATION,31,0,0.0,0.0,0.0
presidio+kg_pii_edge_onnx_q8,sanctum,0.7,PERSON,48,4,1.0,0.083,0.154
presidio+kg_pii_edge_onnx_q8,sanctum,0.7,PHONE,9,9,0.889,0.889,0.889
presidio+kg_pii_edge_onnx_q8,sanctum,0.7,URL,2,4,0.5,1.0,0.667
presidio+kg_pii_edge_onnx_q8,sanctum,0.8,DATE_TIME,30,11,1.0,0.367,0.537
presidio+kg_pii_edge_onnx_q8,sanctum,0.8,EMAIL,11,11,1.0,1.0,1.0
presidio+kg_pii_edge_onnx_q8,sanctum,0.8,FINANCIAL,5,2,1.0,0.4,0.571
presidio+kg_pii_edge_onnx_q8,sanctum,0.8,GOV_ID,3,3,1.0,1.0,1.0
presidio+kg_pii_edge_onnx_q8,sanctum,0.8,IP,1,1,1.0,1.0,1.0
presidio+kg_pii_edge_onnx_q8,sanctum,0.8,LOCATION,14,0,0.0,0.0,0.0
presidio+kg_pii_edge_onnx_q8,sanctum,0.8,ORGANIZATION,31,0,0.0,0.0,0.0
presidio+kg_pii_edge_onnx_q8,sanctum,0.8,PERSON,48,0,0.0,0.0,0.0
presidio+kg_pii_edge_onnx_q8,sanctum,0.8,PHONE,9,9,0.889,0.889,0.889
presidio+kg_pii_edge_onnx_q8,sanctum,0.8,URL,2,4,0.5,1.0,0.667
presidio+kg_pii_small,hard,0.15,DATE_TIME,85,118,0.703,0.953,0.809
presidio+kg_pii_small,hard,0.15,EMAIL,27,29,0.897,0.963,0.929
presidio+kg_pii_small,hard,0.15,FINANCIAL,19,91,0.143,0.684,0.236
presidio+kg_pii_small,hard,0.15,GOV_ID,40,69,0.449,0.725,0.555
presidio+kg_pii_small,hard,0.15,IP,3,15,0.2,1.0,0.333
presidio+kg_pii_small,hard,0.15,LOCATION,59,103,0.874,0.949,0.91
presidio+kg_pii_small,hard,0.15,ORGANIZATION,72,158,0.38,0.778,0.51
presidio+kg_pii_small,hard,0.15,PERSON,155,188,0.761,0.916,0.831
presidio+kg_pii_small,hard,0.15,PHONE,23,34,0.676,1.0,0.807
presidio+kg_pii_small,hard,0.15,URL,4,12,0.333,1.0,0.5
presidio+kg_pii_small,hard,0.2,DATE_TIME,85,111,0.748,0.953,0.838
presidio+kg_pii_small,hard,0.2,EMAIL,27,28,0.929,0.963,0.945
presidio+kg_pii_small,hard,0.2,FINANCIAL,19,71,0.183,0.684,0.289
presidio+kg_pii_small,hard,0.2,GOV_ID,40,63,0.492,0.725,0.586
presidio+kg_pii_small,hard,0.2,IP,3,14,0.214,1.0,0.353
presidio+kg_pii_small,hard,0.2,LOCATION,59,101,0.891,0.949,0.919
presidio+kg_pii_small,hard,0.2,ORGANIZATION,72,127,0.465,0.764,0.578
presidio+kg_pii_small,hard,0.2,PERSON,155,173,0.798,0.89,0.841
presidio+kg_pii_small,hard,0.2,PHONE,23,34,0.676,1.0,0.807
presidio+kg_pii_small,hard,0.2,URL,4,12,0.333,1.0,0.5
presidio+kg_pii_small,hard,0.25,DATE_TIME,85,102,0.794,0.941,0.861
presidio+kg_pii_small,hard,0.25,EMAIL,27,28,0.929,0.963,0.945
presidio+kg_pii_small,hard,0.25,FINANCIAL,19,56,0.232,0.684,0.347
presidio+kg_pii_small,hard,0.25,GOV_ID,40,60,0.517,0.725,0.603
presidio+kg_pii_small,hard,0.25,IP,3,9,0.333,1.0,0.5
presidio+kg_pii_small,hard,0.25,LOCATION,59,96,0.896,0.915,0.905
presidio+kg_pii_small,hard,0.25,ORGANIZATION,72,110,0.518,0.75,0.613
presidio+kg_pii_small,hard,0.25,PERSON,155,158,0.835,0.852,0.843
presidio+kg_pii_small,hard,0.25,PHONE,23,34,0.676,1.0,0.807
presidio+kg_pii_small,hard,0.25,URL,4,12,0.333,1.0,0.5
presidio+kg_pii_small,hard,0.3,DATE_TIME,85,94,0.819,0.918,0.866
presidio+kg_pii_small,hard,0.3,EMAIL,27,27,0.963,0.963,0.963
presidio+kg_pii_small,hard,0.3,FINANCIAL,19,42,0.31,0.684,0.426
presidio+kg_pii_small,hard,0.3,GOV_ID,40,56,0.536,0.725,0.616
presidio+kg_pii_small,hard,0.3,IP,3,4,0.75,1.0,0.857
presidio+kg_pii_small,hard,0.3,LOCATION,59,89,0.888,0.915,0.901
presidio+kg_pii_small,hard,0.3,ORGANIZATION,72,94,0.585,0.75,0.657
presidio+kg_pii_small,hard,0.3,PERSON,155,144,0.868,0.813,0.84
presidio+kg_pii_small,hard,0.3,PHONE,23,34,0.676,1.0,0.807
presidio+kg_pii_small,hard,0.3,URL,4,9,0.444,1.0,0.615
presidio+kg_pii_small,hard,0.4,DATE_TIME,85,76,0.908,0.824,0.864
presidio+kg_pii_small,hard,0.4,EMAIL,27,27,1.0,1.0,1.0
presidio+kg_pii_small,hard,0.4,FINANCIAL,19,24,0.542,0.684,0.605
presidio+kg_pii_small,hard,0.4,GOV_ID,40,48,0.604,0.7,0.649
presidio+kg_pii_small,hard,0.4,IP,3,4,0.75,1.0,0.857
presidio+kg_pii_small,hard,0.4,LOCATION,59,65,0.954,0.898,0.925
presidio+kg_pii_small,hard,0.4,ORGANIZATION,72,66,0.818,0.75,0.783
presidio+kg_pii_small,hard,0.4,PERSON,155,113,0.92,0.677,0.78
presidio+kg_pii_small,hard,0.4,PHONE,23,34,0.676,1.0,0.807
presidio+kg_pii_small,hard,0.4,URL,4,6,0.667,1.0,0.8
presidio+kg_pii_small,hard,0.5,DATE_TIME,85,65,0.969,0.753,0.848
presidio+kg_pii_small,hard,0.5,EMAIL,27,27,1.0,1.0,1.0
presidio+kg_pii_small,hard,0.5,FINANCIAL,19,17,0.765,0.684,0.722
presidio+kg_pii_small,hard,0.5,GOV_ID,40,36,0.694,0.625,0.658
presidio+kg_pii_small,hard,0.5,IP,3,4,0.75,1.0,0.857
presidio+kg_pii_small,hard,0.5,LOCATION,59,39,0.974,0.593,0.737
presidio+kg_pii_small,hard,0.5,ORGANIZATION,72,50,0.9,0.625,0.738
presidio+kg_pii_small,hard,0.5,PERSON,155,72,0.917,0.432,0.587
presidio+kg_pii_small,hard,0.5,PHONE,23,34,0.676,1.0,0.807
presidio+kg_pii_small,hard,0.5,URL,4,4,1.0,1.0,1.0
presidio+kg_pii_small,hard,0.6,DATE_TIME,85,50,0.98,0.588,0.735
presidio+kg_pii_small,hard,0.6,EMAIL,27,27,1.0,1.0,1.0
presidio+kg_pii_small,hard,0.6,FINANCIAL,19,16,0.812,0.684,0.743
presidio+kg_pii_small,hard,0.6,GOV_ID,40,28,0.821,0.575,0.676
presidio+kg_pii_small,hard,0.6,IP,3,3,1.0,1.0,1.0
presidio+kg_pii_small,hard,0.6,LOCATION,59,20,0.95,0.305,0.462
presidio+kg_pii_small,hard,0.6,ORGANIZATION,72,33,0.939,0.431,0.59
presidio+kg_pii_small,hard,0.6,PERSON,155,24,0.875,0.142,0.244
presidio+kg_pii_small,hard,0.6,PHONE,23,36,0.639,1.0,0.78
presidio+kg_pii_small,hard,0.6,URL,4,4,1.0,1.0,1.0
presidio+kg_pii_small,hard,0.7,DATE_TIME,85,40,1.0,0.482,0.651
presidio+kg_pii_small,hard,0.7,EMAIL,27,27,1.0,1.0,1.0
presidio+kg_pii_small,hard,0.7,FINANCIAL,19,12,0.917,0.579,0.71
presidio+kg_pii_small,hard,0.7,GOV_ID,40,18,0.944,0.425,0.586
presidio+kg_pii_small,hard,0.7,IP,3,3,1.0,1.0,1.0
presidio+kg_pii_small,hard,0.7,LOCATION,59,6,0.833,0.085,0.154
presidio+kg_pii_small,hard,0.7,ORGANIZATION,72,8,1.0,0.111,0.2
presidio+kg_pii_small,hard,0.7,PERSON,155,3,1.0,0.019,0.038
presidio+kg_pii_small,hard,0.7,PHONE,23,36,0.639,1.0,0.78
presidio+kg_pii_small,hard,0.7,URL,4,4,1.0,1.0,1.0
presidio+kg_pii_small,hard,0.8,DATE_TIME,85,32,1.0,0.376,0.547
presidio+kg_pii_small,hard,0.8,EMAIL,27,27,1.0,1.0,1.0
presidio+kg_pii_small,hard,0.8,FINANCIAL,19,10,1.0,0.526,0.69
presidio+kg_pii_small,hard,0.8,GOV_ID,40,15,0.933,0.35,0.509
presidio+kg_pii_small,hard,0.8,IP,3,3,1.0,1.0,1.0
presidio+kg_pii_small,hard,0.8,LOCATION,59,0,0.0,0.0,0.0
presidio+kg_pii_small,hard,0.8,ORGANIZATION,72,0,0.0,0.0,0.0
presidio+kg_pii_small,hard,0.8,PERSON,155,1,1.0,0.006,0.013
presidio+kg_pii_small,hard,0.8,PHONE,23,33,0.697,1.0,0.821
presidio+kg_pii_small,hard,0.8,URL,4,4,1.0,1.0,1.0
presidio+kg_pii_small,sanctum,0.15,DATE_TIME,30,37,0.811,1.0,0.896
presidio+kg_pii_small,sanctum,0.15,EMAIL,11,11,1.0,1.0,1.0
presidio+kg_pii_small,sanctum,0.15,FINANCIAL,5,30,0.1,0.6,0.171
presidio+kg_pii_small,sanctum,0.15,GOV_ID,3,10,0.3,1.0,0.462
presidio+kg_pii_small,sanctum,0.15,IP,1,8,0.125,1.0,0.222
presidio+kg_pii_small,sanctum,0.15,LOCATION,14,29,0.759,1.0,0.863
presidio+kg_pii_small,sanctum,0.15,ORGANIZATION,31,58,0.466,0.806,0.59
presidio+kg_pii_small,sanctum,0.15,PERSON,48,68,0.706,1.0,0.828
presidio+kg_pii_small,sanctum,0.15,PHONE,9,10,0.9,1.0,0.947
presidio+kg_pii_small,sanctum,0.15,URL,2,11,0.182,1.0,0.308
presidio+kg_pii_small,sanctum,0.2,DATE_TIME,30,33,0.879,0.967,0.921
presidio+kg_pii_small,sanctum,0.2,EMAIL,11,11,1.0,1.0,1.0
presidio+kg_pii_small,sanctum,0.2,FINANCIAL,5,19,0.158,0.6,0.25
presidio+kg_pii_small,sanctum,0.2,GOV_ID,3,8,0.375,1.0,0.545
presidio+kg_pii_small,sanctum,0.2,IP,1,7,0.143,1.0,0.25
presidio+kg_pii_small,sanctum,0.2,LOCATION,14,27,0.815,1.0,0.898
presidio+kg_pii_small,sanctum,0.2,ORGANIZATION,31,46,0.565,0.774,0.653
presidio+kg_pii_small,sanctum,0.2,PERSON,48,67,0.716,1.0,0.835
presidio+kg_pii_small,sanctum,0.2,PHONE,9,10,0.9,1.0,0.947
presidio+kg_pii_small,sanctum,0.2,URL,2,8,0.25,1.0,0.4
presidio+kg_pii_small,sanctum,0.25,DATE_TIME,30,33,0.879,0.967,0.921
presidio+kg_pii_small,sanctum,0.25,EMAIL,11,11,1.0,1.0,1.0
presidio+kg_pii_small,sanctum,0.25,FINANCIAL,5,13,0.231,0.6,0.333
presidio+kg_pii_small,sanctum,0.25,GOV_ID,3,8,0.375,1.0,0.545
presidio+kg_pii_small,sanctum,0.25,IP,1,6,0.167,1.0,0.286
presidio+kg_pii_small,sanctum,0.25,LOCATION,14,24,0.833,1.0,0.909
presidio+kg_pii_small,sanctum,0.25,ORGANIZATION,31,40,0.65,0.774,0.707
presidio+kg_pii_small,sanctum,0.25,PERSON,48,65,0.738,1.0,0.85
presidio+kg_pii_small,sanctum,0.25,PHONE,9,10,0.9,1.0,0.947
presidio+kg_pii_small,sanctum,0.25,URL,2,7,0.286,1.0,0.444
presidio+kg_pii_small,sanctum,0.3,DATE_TIME,30,32,0.906,0.967,0.935
presidio+kg_pii_small,sanctum,0.3,EMAIL,11,11,1.0,1.0,1.0
presidio+kg_pii_small,sanctum,0.3,FINANCIAL,5,11,0.273,0.6,0.375
presidio+kg_pii_small,sanctum,0.3,GOV_ID,3,7,0.429,1.0,0.6
presidio+kg_pii_small,sanctum,0.3,IP,1,5,0.2,1.0,0.333
presidio+kg_pii_small,sanctum,0.3,LOCATION,14,24,0.833,1.0,0.909
presidio+kg_pii_small,sanctum,0.3,ORGANIZATION,31,38,0.658,0.774,0.711
presidio+kg_pii_small,sanctum,0.3,PERSON,48,58,0.793,0.958,0.868
presidio+kg_pii_small,sanctum,0.3,PHONE,9,10,0.9,1.0,0.947
presidio+kg_pii_small,sanctum,0.3,URL,2,7,0.286,1.0,0.444
presidio+kg_pii_small,sanctum,0.4,DATE_TIME,30,29,0.931,0.9,0.915
presidio+kg_pii_small,sanctum,0.4,EMAIL,11,11,1.0,1.0,1.0
presidio+kg_pii_small,sanctum,0.4,FINANCIAL,5,5,0.6,0.6,0.6
presidio+kg_pii_small,sanctum,0.4,GOV_ID,3,5,0.6,1.0,0.75
presidio+kg_pii_small,sanctum,0.4,IP,1,5,0.2,1.0,0.333
presidio+kg_pii_small,sanctum,0.4,LOCATION,14,18,0.833,1.0,0.909
presidio+kg_pii_small,sanctum,0.4,ORGANIZATION,31,27,0.778,0.677,0.724
presidio+kg_pii_small,sanctum,0.4,PERSON,48,53,0.811,0.896,0.851
presidio+kg_pii_small,sanctum,0.4,PHONE,9,10,0.9,1.0,0.947
presidio+kg_pii_small,sanctum,0.4,URL,2,7,0.286,1.0,0.444
presidio+kg_pii_small,sanctum,0.5,DATE_TIME,30,26,0.962,0.833,0.893
presidio+kg_pii_small,sanctum,0.5,EMAIL,11,11,1.0,1.0,1.0
presidio+kg_pii_small,sanctum,0.5,FINANCIAL,5,3,1.0,0.6,0.75
presidio+kg_pii_small,sanctum,0.5,GOV_ID,3,4,0.75,1.0,0.857
presidio+kg_pii_small,sanctum,0.5,IP,1,3,0.333,1.0,0.5
presidio+kg_pii_small,sanctum,0.5,LOCATION,14,6,0.667,0.286,0.4
presidio+kg_pii_small,sanctum,0.5,ORGANIZATION,31,24,0.792,0.613,0.691
presidio+kg_pii_small,sanctum,0.5,PERSON,48,41,0.878,0.75,0.809
presidio+kg_pii_small,sanctum,0.5,PHONE,9,10,0.9,1.0,0.947
presidio+kg_pii_small,sanctum,0.5,URL,2,4,0.5,1.0,0.667
presidio+kg_pii_small,sanctum,0.6,DATE_TIME,30,22,1.0,0.733,0.846
presidio+kg_pii_small,sanctum,0.6,EMAIL,11,11,1.0,1.0,1.0
presidio+kg_pii_small,sanctum,0.6,FINANCIAL,5,3,1.0,0.6,0.75
presidio+kg_pii_small,sanctum,0.6,GOV_ID,3,3,1.0,1.0,1.0
presidio+kg_pii_small,sanctum,0.6,IP,1,1,1.0,1.0,1.0
presidio+kg_pii_small,sanctum,0.6,LOCATION,14,2,0.0,0.0,0.0
presidio+kg_pii_small,sanctum,0.6,ORGANIZATION,31,13,0.923,0.387,0.545
presidio+kg_pii_small,sanctum,0.6,PERSON,48,18,0.944,0.354,0.515
presidio+kg_pii_small,sanctum,0.6,PHONE,9,10,0.9,1.0,0.947
presidio+kg_pii_small,sanctum,0.6,URL,2,4,0.5,1.0,0.667
presidio+kg_pii_small,sanctum,0.7,DATE_TIME,30,17,1.0,0.567,0.723
presidio+kg_pii_small,sanctum,0.7,EMAIL,11,11,1.0,1.0,1.0
presidio+kg_pii_small,sanctum,0.7,FINANCIAL,5,3,1.0,0.6,0.75
presidio+kg_pii_small,sanctum,0.7,GOV_ID,3,3,1.0,1.0,1.0
presidio+kg_pii_small,sanctum,0.7,IP,1,1,1.0,1.0,1.0
presidio+kg_pii_small,sanctum,0.7,LOCATION,14,2,0.0,0.0,0.0
presidio+kg_pii_small,sanctum,0.7,ORGANIZATION,31,9,1.0,0.29,0.45
presidio+kg_pii_small,sanctum,0.7,PERSON,48,8,1.0,0.167,0.286
presidio+kg_pii_small,sanctum,0.7,PHONE,9,10,0.9,1.0,0.947
presidio+kg_pii_small,sanctum,0.7,URL,2,4,0.5,1.0,0.667
presidio+kg_pii_small,sanctum,0.8,DATE_TIME,30,13,1.0,0.433,0.605
presidio+kg_pii_small,sanctum,0.8,EMAIL,11,11,1.0,1.0,1.0
presidio+kg_pii_small,sanctum,0.8,FINANCIAL,5,3,1.0,0.6,0.75
presidio+kg_pii_small,sanctum,0.8,GOV_ID,3,3,1.0,1.0,1.0
presidio+kg_pii_small,sanctum,0.8,IP,1,1,1.0,1.0,1.0
presidio+kg_pii_small,sanctum,0.8,LOCATION,14,0,0.0,0.0,0.0
presidio+kg_pii_small,sanctum,0.8,ORGANIZATION,31,2,1.0,0.065,0.121
presidio+kg_pii_small,sanctum,0.8,PERSON,48,2,1.0,0.042,0.08
presidio+kg_pii_small,sanctum,0.8,PHONE,9,10,0.9,1.0,0.947
presidio+kg_pii_small,sanctum,0.8,URL,2,4,0.5,1.0,0.667
presidio+kg_pii_small_onnx_q8,hard,0.15,DATE_TIME,85,105,0.724,0.906,0.805
presidio+kg_pii_small_onnx_q8,hard,0.15,EMAIL,27,26,1.0,0.963,0.981
presidio+kg_pii_small_onnx_q8,hard,0.15,FINANCIAL,19,101,0.149,0.737,0.247
presidio+kg_pii_small_onnx_q8,hard,0.15,GOV_ID,40,70,0.4,0.7,0.509
presidio+kg_pii_small_onnx_q8,hard,0.15,IP,3,23,0.13,1.0,0.231
presidio+kg_pii_small_onnx_q8,hard,0.15,LOCATION,59,106,0.84,0.847,0.844
presidio+kg_pii_small_onnx_q8,hard,0.15,ORGANIZATION,72,173,0.364,0.792,0.499
presidio+kg_pii_small_onnx_q8,hard,0.15,PERSON,155,174,0.81,0.897,0.851
presidio+kg_pii_small_onnx_q8,hard,0.15,PHONE,23,26,0.731,0.826,0.776
presidio+kg_pii_small_onnx_q8,hard,0.15,URL,4,7,0.571,1.0,0.727
presidio+kg_pii_small_onnx_q8,hard,0.2,DATE_TIME,85,90,0.8,0.859,0.828
presidio+kg_pii_small_onnx_q8,hard,0.2,EMAIL,27,26,1.0,0.963,0.981
presidio+kg_pii_small_onnx_q8,hard,0.2,FINANCIAL,19,74,0.203,0.737,0.318
presidio+kg_pii_small_onnx_q8,hard,0.2,GOV_ID,40,66,0.424,0.7,0.528
presidio+kg_pii_small_onnx_q8,hard,0.2,IP,3,20,0.15,1.0,0.261
presidio+kg_pii_small_onnx_q8,hard,0.2,LOCATION,59,97,0.866,0.847,0.857
presidio+kg_pii_small_onnx_q8,hard,0.2,ORGANIZATION,72,136,0.449,0.764,0.565
presidio+kg_pii_small_onnx_q8,hard,0.2,PERSON,155,156,0.833,0.832,0.833
presidio+kg_pii_small_onnx_q8,hard,0.2,PHONE,23,26,0.731,0.826,0.776
presidio+kg_pii_small_onnx_q8,hard,0.2,URL,4,5,0.8,1.0,0.889
presidio+kg_pii_small_onnx_q8,hard,0.25,DATE_TIME,85,80,0.862,0.824,0.843
presidio+kg_pii_small_onnx_q8,hard,0.25,EMAIL,27,26,1.0,0.963,0.981
presidio+kg_pii_small_onnx_q8,hard,0.25,FINANCIAL,19,58,0.259,0.737,0.383
presidio+kg_pii_small_onnx_q8,hard,0.25,GOV_ID,40,60,0.467,0.7,0.56
presidio+kg_pii_small_onnx_q8,hard,0.25,IP,3,17,0.176,1.0,0.3
presidio+kg_pii_small_onnx_q8,hard,0.25,LOCATION,59,93,0.86,0.831,0.845
presidio+kg_pii_small_onnx_q8,hard,0.25,ORGANIZATION,72,112,0.527,0.764,0.624
presidio+kg_pii_small_onnx_q8,hard,0.25,PERSON,155,141,0.887,0.806,0.845
presidio+kg_pii_small_onnx_q8,hard,0.25,PHONE,23,26,0.731,0.826,0.776
presidio+kg_pii_small_onnx_q8,hard,0.25,URL,4,5,0.8,1.0,0.889
presidio+kg_pii_small_onnx_q8,hard,0.3,DATE_TIME,85,72,0.931,0.8,0.86
presidio+kg_pii_small_onnx_q8,hard,0.3,EMAIL,27,26,1.0,0.963,0.981
presidio+kg_pii_small_onnx_q8,hard,0.3,FINANCIAL,19,47,0.319,0.737,0.445
presidio+kg_pii_small_onnx_q8,hard,0.3,GOV_ID,40,54,0.519,0.7,0.596
presidio+kg_pii_small_onnx_q8,hard,0.3,IP,3,12,0.25,1.0,0.4
presidio+kg_pii_small_onnx_q8,hard,0.3,LOCATION,59,85,0.871,0.814,0.841
presidio+kg_pii_small_onnx_q8,hard,0.3,ORGANIZATION,72,86,0.651,0.75,0.697
presidio+kg_pii_small_onnx_q8,hard,0.3,PERSON,155,133,0.91,0.781,0.84
presidio+kg_pii_small_onnx_q8,hard,0.3,PHONE,23,26,0.731,0.826,0.776
presidio+kg_pii_small_onnx_q8,hard,0.3,URL,4,5,0.8,1.0,0.889
presidio+kg_pii_small_onnx_q8,hard,0.4,DATE_TIME,85,60,0.95,0.671,0.786
presidio+kg_pii_small_onnx_q8,hard,0.4,EMAIL,27,27,1.0,1.0,1.0
presidio+kg_pii_small_onnx_q8,hard,0.4,FINANCIAL,19,24,0.583,0.737,0.651
presidio+kg_pii_small_onnx_q8,hard,0.4,GOV_ID,40,47,0.596,0.7,0.644
presidio+kg_pii_small_onnx_q8,hard,0.4,IP,3,12,0.25,1.0,0.4
presidio+kg_pii_small_onnx_q8,hard,0.4,LOCATION,59,63,0.857,0.729,0.788
presidio+kg_pii_small_onnx_q8,hard,0.4,ORGANIZATION,72,67,0.776,0.722,0.748
presidio+kg_pii_small_onnx_q8,hard,0.4,PERSON,155,97,0.907,0.574,0.703
presidio+kg_pii_small_onnx_q8,hard,0.4,PHONE,23,26,0.731,0.826,0.776
presidio+kg_pii_small_onnx_q8,hard,0.4,URL,4,4,1.0,1.0,1.0
presidio+kg_pii_small_onnx_q8,hard,0.5,DATE_TIME,85,46,0.978,0.529,0.687
presidio+kg_pii_small_onnx_q8,hard,0.5,EMAIL,27,27,1.0,1.0,1.0
presidio+kg_pii_small_onnx_q8,hard,0.5,FINANCIAL,19,21,0.667,0.737,0.7
presidio+kg_pii_small_onnx_q8,hard,0.5,GOV_ID,40,40,0.625,0.625,0.625
presidio+kg_pii_small_onnx_q8,hard,0.5,IP,3,7,0.429,1.0,0.6
presidio+kg_pii_small_onnx_q8,hard,0.5,LOCATION,59,42,0.857,0.542,0.664
presidio+kg_pii_small_onnx_q8,hard,0.5,ORGANIZATION,72,42,0.952,0.556,0.702
presidio+kg_pii_small_onnx_q8,hard,0.5,PERSON,155,53,0.887,0.31,0.459
presidio+kg_pii_small_onnx_q8,hard,0.5,PHONE,23,26,0.731,0.826,0.776
presidio+kg_pii_small_onnx_q8,hard,0.5,URL,4,4,1.0,1.0,1.0
presidio+kg_pii_small_onnx_q8,hard,0.6,DATE_TIME,85,39,1.0,0.459,0.629
presidio+kg_pii_small_onnx_q8,hard,0.6,EMAIL,27,27,1.0,1.0,1.0
presidio+kg_pii_small_onnx_q8,hard,0.6,FINANCIAL,19,15,0.8,0.632,0.706
presidio+kg_pii_small_onnx_q8,hard,0.6,GOV_ID,40,26,0.731,0.475,0.576
presidio+kg_pii_small_onnx_q8,hard,0.6,IP,3,7,0.429,1.0,0.6
presidio+kg_pii_small_onnx_q8,hard,0.6,LOCATION,59,20,0.85,0.271,0.411
presidio+kg_pii_small_onnx_q8,hard,0.6,ORGANIZATION,72,22,1.0,0.306,0.468
presidio+kg_pii_small_onnx_q8,hard,0.6,PERSON,155,15,1.0,0.103,0.187
presidio+kg_pii_small_onnx_q8,hard,0.6,PHONE,23,29,0.724,0.913,0.808
presidio+kg_pii_small_onnx_q8,hard,0.6,URL,4,4,1.0,1.0,1.0
presidio+kg_pii_small_onnx_q8,hard,0.7,DATE_TIME,85,31,1.0,0.365,0.534
presidio+kg_pii_small_onnx_q8,hard,0.7,EMAIL,27,27,1.0,1.0,1.0
presidio+kg_pii_small_onnx_q8,hard,0.7,FINANCIAL,19,12,0.917,0.579,0.71
presidio+kg_pii_small_onnx_q8,hard,0.7,GOV_ID,40,17,0.941,0.4,0.561
presidio+kg_pii_small_onnx_q8,hard,0.7,IP,3,3,1.0,1.0,1.0
presidio+kg_pii_small_onnx_q8,hard,0.7,LOCATION,59,7,0.857,0.102,0.182
presidio+kg_pii_small_onnx_q8,hard,0.7,ORGANIZATION,72,6,1.0,0.083,0.154
presidio+kg_pii_small_onnx_q8,hard,0.7,PERSON,155,3,1.0,0.019,0.038
presidio+kg_pii_small_onnx_q8,hard,0.7,PHONE,23,31,0.71,0.957,0.815
presidio+kg_pii_small_onnx_q8,hard,0.7,URL,4,4,1.0,1.0,1.0
presidio+kg_pii_small_onnx_q8,hard,0.8,DATE_TIME,85,30,1.0,0.353,0.522
presidio+kg_pii_small_onnx_q8,hard,0.8,EMAIL,27,27,1.0,1.0,1.0
presidio+kg_pii_small_onnx_q8,hard,0.8,FINANCIAL,19,11,0.909,0.526,0.667
presidio+kg_pii_small_onnx_q8,hard,0.8,GOV_ID,40,15,1.0,0.375,0.545
presidio+kg_pii_small_onnx_q8,hard,0.8,IP,3,3,1.0,1.0,1.0
presidio+kg_pii_small_onnx_q8,hard,0.8,LOCATION,59,0,0.0,0.0,0.0
presidio+kg_pii_small_onnx_q8,hard,0.8,ORGANIZATION,72,0,0.0,0.0,0.0
presidio+kg_pii_small_onnx_q8,hard,0.8,PERSON,155,0,0.0,0.0,0.0
presidio+kg_pii_small_onnx_q8,hard,0.8,PHONE,23,30,0.767,1.0,0.868
presidio+kg_pii_small_onnx_q8,hard,0.8,URL,4,4,1.0,1.0,1.0
presidio+kg_pii_small_onnx_q8,sanctum,0.15,DATE_TIME,30,34,0.853,0.967,0.906
presidio+kg_pii_small_onnx_q8,sanctum,0.15,EMAIL,11,11,1.0,1.0,1.0
presidio+kg_pii_small_onnx_q8,sanctum,0.15,FINANCIAL,5,19,0.158,0.6,0.25
presidio+kg_pii_small_onnx_q8,sanctum,0.15,GOV_ID,3,12,0.25,1.0,0.4
presidio+kg_pii_small_onnx_q8,sanctum,0.15,IP,1,11,0.091,1.0,0.167
presidio+kg_pii_small_onnx_q8,sanctum,0.15,LOCATION,14,33,0.818,1.0,0.9
presidio+kg_pii_small_onnx_q8,sanctum,0.15,ORGANIZATION,31,81,0.432,0.935,0.591
presidio+kg_pii_small_onnx_q8,sanctum,0.15,PERSON,48,61,0.787,1.0,0.881
presidio+kg_pii_small_onnx_q8,sanctum,0.15,PHONE,9,10,0.8,0.889,0.842
presidio+kg_pii_small_onnx_q8,sanctum,0.15,URL,2,6,0.333,1.0,0.5
presidio+kg_pii_small_onnx_q8,sanctum,0.2,DATE_TIME,30,32,0.906,0.967,0.935
presidio+kg_pii_small_onnx_q8,sanctum,0.2,EMAIL,11,11,1.0,1.0,1.0
presidio+kg_pii_small_onnx_q8,sanctum,0.2,FINANCIAL,5,12,0.25,0.6,0.353
presidio+kg_pii_small_onnx_q8,sanctum,0.2,GOV_ID,3,11,0.273,1.0,0.429
presidio+kg_pii_small_onnx_q8,sanctum,0.2,IP,1,11,0.091,1.0,0.167
presidio+kg_pii_small_onnx_q8,sanctum,0.2,LOCATION,14,32,0.844,1.0,0.915
presidio+kg_pii_small_onnx_q8,sanctum,0.2,ORGANIZATION,31,68,0.485,0.935,0.639
presidio+kg_pii_small_onnx_q8,sanctum,0.2,PERSON,48,57,0.825,0.979,0.895
presidio+kg_pii_small_onnx_q8,sanctum,0.2,PHONE,9,10,0.8,0.889,0.842
presidio+kg_pii_small_onnx_q8,sanctum,0.2,URL,2,6,0.333,1.0,0.5
presidio+kg_pii_small_onnx_q8,sanctum,0.25,DATE_TIME,30,31,0.903,0.933,0.918
presidio+kg_pii_small_onnx_q8,sanctum,0.25,EMAIL,11,11,1.0,1.0,1.0
presidio+kg_pii_small_onnx_q8,sanctum,0.25,FINANCIAL,5,10,0.3,0.6,0.4
presidio+kg_pii_small_onnx_q8,sanctum,0.25,GOV_ID,3,11,0.273,1.0,0.429
presidio+kg_pii_small_onnx_q8,sanctum,0.25,IP,1,9,0.111,1.0,0.2
presidio+kg_pii_small_onnx_q8,sanctum,0.25,LOCATION,14,30,0.833,1.0,0.909
presidio+kg_pii_small_onnx_q8,sanctum,0.25,ORGANIZATION,31,58,0.569,0.935,0.708
presidio+kg_pii_small_onnx_q8,sanctum,0.25,PERSON,48,55,0.855,0.979,0.913
presidio+kg_pii_small_onnx_q8,sanctum,0.25,PHONE,9,10,0.8,0.889,0.842
presidio+kg_pii_small_onnx_q8,sanctum,0.25,URL,2,4,0.5,1.0,0.667
presidio+kg_pii_small_onnx_q8,sanctum,0.3,DATE_TIME,30,29,0.931,0.9,0.915
presidio+kg_pii_small_onnx_q8,sanctum,0.3,EMAIL,11,11,1.0,1.0,1.0
presidio+kg_pii_small_onnx_q8,sanctum,0.3,FINANCIAL,5,7,0.429,0.6,0.5
presidio+kg_pii_small_onnx_q8,sanctum,0.3,GOV_ID,3,10,0.3,1.0,0.462
presidio+kg_pii_small_onnx_q8,sanctum,0.3,IP,1,8,0.125,1.0,0.222
presidio+kg_pii_small_onnx_q8,sanctum,0.3,LOCATION,14,28,0.857,1.0,0.923
presidio+kg_pii_small_onnx_q8,sanctum,0.3,ORGANIZATION,31,49,0.653,0.935,0.769
presidio+kg_pii_small_onnx_q8,sanctum,0.3,PERSON,48,53,0.887,0.979,0.931
presidio+kg_pii_small_onnx_q8,sanctum,0.3,PHONE,9,10,0.8,0.889,0.842
presidio+kg_pii_small_onnx_q8,sanctum,0.3,URL,2,4,0.5,1.0,0.667
presidio+kg_pii_small_onnx_q8,sanctum,0.4,DATE_TIME,30,23,0.913,0.7,0.792
presidio+kg_pii_small_onnx_q8,sanctum,0.4,EMAIL,11,11,1.0,1.0,1.0
presidio+kg_pii_small_onnx_q8,sanctum,0.4,FINANCIAL,5,3,1.0,0.6,0.75
presidio+kg_pii_small_onnx_q8,sanctum,0.4,GOV_ID,3,7,0.429,1.0,0.6
presidio+kg_pii_small_onnx_q8,sanctum,0.4,IP,1,7,0.143,1.0,0.25
presidio+kg_pii_small_onnx_q8,sanctum,0.4,LOCATION,14,23,0.826,0.929,0.874
presidio+kg_pii_small_onnx_q8,sanctum,0.4,ORGANIZATION,31,30,0.8,0.742,0.77
presidio+kg_pii_small_onnx_q8,sanctum,0.4,PERSON,48,46,0.913,0.875,0.894
presidio+kg_pii_small_onnx_q8,sanctum,0.4,PHONE,9,11,0.818,1.0,0.9
presidio+kg_pii_small_onnx_q8,sanctum,0.4,URL,2,4,0.5,1.0,0.667
presidio+kg_pii_small_onnx_q8,sanctum,0.5,DATE_TIME,30,20,0.95,0.633,0.76
presidio+kg_pii_small_onnx_q8,sanctum,0.5,EMAIL,11,11,1.0,1.0,1.0
presidio+kg_pii_small_onnx_q8,sanctum,0.5,FINANCIAL,5,3,1.0,0.6,0.75
presidio+kg_pii_small_onnx_q8,sanctum,0.5,GOV_ID,3,6,0.5,1.0,0.667
presidio+kg_pii_small_onnx_q8,sanctum,0.5,IP,1,3,0.333,1.0,0.5
presidio+kg_pii_small_onnx_q8,sanctum,0.5,LOCATION,14,14,0.714,0.714,0.714
presidio+kg_pii_small_onnx_q8,sanctum,0.5,ORGANIZATION,31,19,0.842,0.484,0.615
presidio+kg_pii_small_onnx_q8,sanctum,0.5,PERSON,48,27,0.963,0.542,0.693
presidio+kg_pii_small_onnx_q8,sanctum,0.5,PHONE,9,10,0.9,1.0,0.947
presidio+kg_pii_small_onnx_q8,sanctum,0.5,URL,2,4,0.5,1.0,0.667
presidio+kg_pii_small_onnx_q8,sanctum,0.6,DATE_TIME,30,18,0.944,0.567,0.708
presidio+kg_pii_small_onnx_q8,sanctum,0.6,EMAIL,11,11,1.0,1.0,1.0
presidio+kg_pii_small_onnx_q8,sanctum,0.6,FINANCIAL,5,3,1.0,0.6,0.75
presidio+kg_pii_small_onnx_q8,sanctum,0.6,GOV_ID,3,4,0.75,1.0,0.857
presidio+kg_pii_small_onnx_q8,sanctum,0.6,IP,1,2,0.5,1.0,0.667
presidio+kg_pii_small_onnx_q8,sanctum,0.6,LOCATION,14,4,0.25,0.071,0.111
presidio+kg_pii_small_onnx_q8,sanctum,0.6,ORGANIZATION,31,12,1.0,0.387,0.558
presidio+kg_pii_small_onnx_q8,sanctum,0.6,PERSON,48,14,1.0,0.292,0.452
presidio+kg_pii_small_onnx_q8,sanctum,0.6,PHONE,9,9,0.889,0.889,0.889
presidio+kg_pii_small_onnx_q8,sanctum,0.6,URL,2,4,0.5,1.0,0.667
presidio+kg_pii_small_onnx_q8,sanctum,0.7,DATE_TIME,30,12,1.0,0.4,0.571
presidio+kg_pii_small_onnx_q8,sanctum,0.7,EMAIL,11,11,1.0,1.0,1.0
presidio+kg_pii_small_onnx_q8,sanctum,0.7,FINANCIAL,5,3,1.0,0.6,0.75
presidio+kg_pii_small_onnx_q8,sanctum,0.7,GOV_ID,3,4,0.75,1.0,0.857
presidio+kg_pii_small_onnx_q8,sanctum,0.7,IP,1,1,1.0,1.0,1.0
presidio+kg_pii_small_onnx_q8,sanctum,0.7,LOCATION,14,2,0.0,0.0,0.0
presidio+kg_pii_small_onnx_q8,sanctum,0.7,ORGANIZATION,31,3,1.0,0.097,0.176
presidio+kg_pii_small_onnx_q8,sanctum,0.7,PERSON,48,4,1.0,0.083,0.154
presidio+kg_pii_small_onnx_q8,sanctum,0.7,PHONE,9,9,0.889,0.889,0.889
presidio+kg_pii_small_onnx_q8,sanctum,0.7,URL,2,4,0.5,1.0,0.667
presidio+kg_pii_small_onnx_q8,sanctum,0.8,DATE_TIME,30,11,1.0,0.367,0.537
presidio+kg_pii_small_onnx_q8,sanctum,0.8,EMAIL,11,11,1.0,1.0,1.0
presidio+kg_pii_small_onnx_q8,sanctum,0.8,FINANCIAL,5,3,1.0,0.6,0.75
presidio+kg_pii_small_onnx_q8,sanctum,0.8,GOV_ID,3,3,1.0,1.0,1.0
presidio+kg_pii_small_onnx_q8,sanctum,0.8,IP,1,1,1.0,1.0,1.0
presidio+kg_pii_small_onnx_q8,sanctum,0.8,LOCATION,14,0,0.0,0.0,0.0
presidio+kg_pii_small_onnx_q8,sanctum,0.8,ORGANIZATION,31,0,0.0,0.0,0.0
presidio+kg_pii_small_onnx_q8,sanctum,0.8,PERSON,48,0,0.0,0.0,0.0
presidio+kg_pii_small_onnx_q8,sanctum,0.8,PHONE,9,9,0.889,0.889,0.889
presidio+kg_pii_small_onnx_q8,sanctum,0.8,URL,2,4,0.5,1.0,0.667
presidio+lg,hard,none,DATE_TIME,85,120,0.683,0.906,0.779
presidio+lg,hard,none,EMAIL,27,27,1.0,1.0,1.0
presidio+lg,hard,none,FINANCIAL,19,12,0.833,0.526,0.645
presidio+lg,hard,none,GOV_ID,40,10,1.0,0.25,0.4
presidio+lg,hard,none,IP,3,3,1.0,1.0,1.0
presidio+lg,hard,none,LOCATION,59,65,0.769,0.695,0.73
presidio+lg,hard,none,ORGANIZATION,72,168,0.345,0.792,0.481
presidio+lg,hard,none,PERSON,155,145,0.876,0.806,0.84
presidio+lg,hard,none,PHONE,23,28,0.786,0.957,0.863
presidio+lg,hard,none,URL,4,4,1.0,1.0,1.0
presidio+lg,sanctum,none,DATE_TIME,30,60,0.517,1.0,0.681
presidio+lg,sanctum,none,EMAIL,11,11,1.0,1.0,1.0
presidio+lg,sanctum,none,FINANCIAL,5,2,1.0,0.4,0.571
presidio+lg,sanctum,none,GOV_ID,3,3,1.0,1.0,1.0
presidio+lg,sanctum,none,IP,1,1,1.0,1.0,1.0
presidio+lg,sanctum,none,LOCATION,14,16,0.562,0.643,0.6
presidio+lg,sanctum,none,ORGANIZATION,31,60,0.4,0.677,0.503
presidio+lg,sanctum,none,PERSON,48,79,0.608,1.0,0.756
presidio+lg,sanctum,none,PHONE,9,9,0.889,0.889,0.889
presidio+lg,sanctum,none,URL,2,4,0.5,1.0,0.667
presidio+nvidia_gliner_pii,hard,0.15,DATE_TIME,85,86,0.942,0.953,0.947
presidio+nvidia_gliner_pii,hard,0.15,EMAIL,27,26,1.0,0.963,0.981
presidio+nvidia_gliner_pii,hard,0.15,FINANCIAL,19,17,0.882,0.789,0.833
presidio+nvidia_gliner_pii,hard,0.15,GOV_ID,40,26,0.846,0.55,0.667
presidio+nvidia_gliner_pii,hard,0.15,IP,3,5,0.6,1.0,0.75
presidio+nvidia_gliner_pii,hard,0.15,LOCATION,59,107,0.953,0.966,0.96
presidio+nvidia_gliner_pii,hard,0.15,ORGANIZATION,72,75,0.747,0.778,0.762
presidio+nvidia_gliner_pii,hard,0.15,PERSON,155,166,0.91,0.91,0.91
presidio+nvidia_gliner_pii,hard,0.15,PHONE,23,25,0.84,0.913,0.875
presidio+nvidia_gliner_pii,hard,0.15,URL,4,3,1.0,0.75,0.857
presidio+nvidia_gliner_pii,hard,0.2,DATE_TIME,85,83,0.94,0.918,0.929
presidio+nvidia_gliner_pii,hard,0.2,EMAIL,27,27,1.0,1.0,1.0
presidio+nvidia_gliner_pii,hard,0.2,FINANCIAL,19,15,0.867,0.684,0.765
presidio+nvidia_gliner_pii,hard,0.2,GOV_ID,40,26,0.846,0.55,0.667
presidio+nvidia_gliner_pii,hard,0.2,IP,3,5,0.6,1.0,0.75
presidio+nvidia_gliner_pii,hard,0.2,LOCATION,59,105,0.962,0.966,0.964
presidio+nvidia_gliner_pii,hard,0.2,ORGANIZATION,72,70,0.8,0.778,0.789
presidio+nvidia_gliner_pii,hard,0.2,PERSON,155,159,0.918,0.903,0.911
presidio+nvidia_gliner_pii,hard,0.2,PHONE,23,27,0.815,0.957,0.88
presidio+nvidia_gliner_pii,hard,0.2,URL,4,3,1.0,0.75,0.857
presidio+nvidia_gliner_pii,hard,0.25,DATE_TIME,85,81,0.951,0.906,0.928
presidio+nvidia_gliner_pii,hard,0.25,EMAIL,27,27,1.0,1.0,1.0
presidio+nvidia_gliner_pii,hard,0.25,FINANCIAL,19,15,0.867,0.684,0.765
presidio+nvidia_gliner_pii,hard,0.25,GOV_ID,40,26,0.846,0.55,0.667
presidio+nvidia_gliner_pii,hard,0.25,IP,3,5,0.6,1.0,0.75
presidio+nvidia_gliner_pii,hard,0.25,LOCATION,59,103,0.961,0.932,0.946
presidio+nvidia_gliner_pii,hard,0.25,ORGANIZATION,72,65,0.846,0.764,0.803
presidio+nvidia_gliner_pii,hard,0.25,PERSON,155,152,0.941,0.903,0.922
presidio+nvidia_gliner_pii,hard,0.25,PHONE,23,27,0.815,0.957,0.88
presidio+nvidia_gliner_pii,hard,0.25,URL,4,3,1.0,0.75,0.857
presidio+nvidia_gliner_pii,hard,0.3,DATE_TIME,85,79,0.962,0.894,0.927
presidio+nvidia_gliner_pii,hard,0.3,EMAIL,27,27,1.0,1.0,1.0
presidio+nvidia_gliner_pii,hard,0.3,FINANCIAL,19,15,0.867,0.684,0.765
presidio+nvidia_gliner_pii,hard,0.3,GOV_ID,40,24,0.917,0.55,0.687
presidio+nvidia_gliner_pii,hard,0.3,IP,3,5,0.6,1.0,0.75
presidio+nvidia_gliner_pii,hard,0.3,LOCATION,59,98,0.969,0.881,0.923
presidio+nvidia_gliner_pii,hard,0.3,ORGANIZATION,72,59,0.881,0.722,0.794
presidio+nvidia_gliner_pii,hard,0.3,PERSON,155,150,0.947,0.897,0.921
presidio+nvidia_gliner_pii,hard,0.3,PHONE,23,27,0.815,0.957,0.88
presidio+nvidia_gliner_pii,hard,0.3,URL,4,3,1.0,0.75,0.857
presidio+nvidia_gliner_pii,hard,0.4,DATE_TIME,85,79,0.962,0.894,0.927
presidio+nvidia_gliner_pii,hard,0.4,EMAIL,27,27,1.0,1.0,1.0
presidio+nvidia_gliner_pii,hard,0.4,FINANCIAL,19,15,0.867,0.684,0.765
presidio+nvidia_gliner_pii,hard,0.4,GOV_ID,40,23,0.957,0.55,0.698
presidio+nvidia_gliner_pii,hard,0.4,IP,3,5,0.6,1.0,0.75
presidio+nvidia_gliner_pii,hard,0.4,LOCATION,59,93,0.989,0.881,0.932
presidio+nvidia_gliner_pii,hard,0.4,ORGANIZATION,72,55,0.909,0.694,0.787
presidio+nvidia_gliner_pii,hard,0.4,PERSON,155,145,0.959,0.884,0.92
presidio+nvidia_gliner_pii,hard,0.4,PHONE,23,27,0.815,0.957,0.88
presidio+nvidia_gliner_pii,hard,0.4,URL,4,3,1.0,0.75,0.857
presidio+nvidia_gliner_pii,hard,0.5,DATE_TIME,85,78,0.974,0.894,0.933
presidio+nvidia_gliner_pii,hard,0.5,EMAIL,27,27,1.0,1.0,1.0
presidio+nvidia_gliner_pii,hard,0.5,FINANCIAL,19,15,0.867,0.684,0.765
presidio+nvidia_gliner_pii,hard,0.5,GOV_ID,40,22,0.955,0.525,0.677
presidio+nvidia_gliner_pii,hard,0.5,IP,3,5,0.6,1.0,0.75
presidio+nvidia_gliner_pii,hard,0.5,LOCATION,59,87,0.989,0.881,0.932
presidio+nvidia_gliner_pii,hard,0.5,ORGANIZATION,72,54,0.926,0.694,0.794
presidio+nvidia_gliner_pii,hard,0.5,PERSON,155,136,0.971,0.852,0.907
presidio+nvidia_gliner_pii,hard,0.5,PHONE,23,27,0.815,0.957,0.88
presidio+nvidia_gliner_pii,hard,0.5,URL,4,3,1.0,0.75,0.857
presidio+nvidia_gliner_pii,hard,0.6,DATE_TIME,85,76,0.974,0.871,0.919
presidio+nvidia_gliner_pii,hard,0.6,EMAIL,27,27,1.0,1.0,1.0
presidio+nvidia_gliner_pii,hard,0.6,FINANCIAL,19,14,0.929,0.684,0.788
presidio+nvidia_gliner_pii,hard,0.6,GOV_ID,40,22,0.955,0.525,0.677
presidio+nvidia_gliner_pii,hard,0.6,IP,3,5,0.6,1.0,0.75
presidio+nvidia_gliner_pii,hard,0.6,LOCATION,59,84,0.988,0.881,0.932
presidio+nvidia_gliner_pii,hard,0.6,ORGANIZATION,72,50,0.94,0.653,0.77
presidio+nvidia_gliner_pii,hard,0.6,PERSON,155,130,0.985,0.826,0.898
presidio+nvidia_gliner_pii,hard,0.6,PHONE,23,28,0.786,0.957,0.863
presidio+nvidia_gliner_pii,hard,0.6,URL,4,3,1.0,0.75,0.857
presidio+nvidia_gliner_pii,hard,0.7,DATE_TIME,85,75,0.973,0.859,0.912
presidio+nvidia_gliner_pii,hard,0.7,EMAIL,27,27,1.0,1.0,1.0
presidio+nvidia_gliner_pii,hard,0.7,FINANCIAL,19,14,0.929,0.684,0.788
presidio+nvidia_gliner_pii,hard,0.7,GOV_ID,40,21,0.952,0.5,0.656
presidio+nvidia_gliner_pii,hard,0.7,IP,3,5,0.6,1.0,0.75
presidio+nvidia_gliner_pii,hard,0.7,LOCATION,59,80,0.988,0.864,0.922
presidio+nvidia_gliner_pii,hard,0.7,ORGANIZATION,72,47,0.936,0.611,0.739
presidio+nvidia_gliner_pii,hard,0.7,PERSON,155,124,0.992,0.794,0.882
presidio+nvidia_gliner_pii,hard,0.7,PHONE,23,28,0.786,0.957,0.863
presidio+nvidia_gliner_pii,hard,0.7,URL,4,3,1.0,0.75,0.857
presidio+nvidia_gliner_pii,hard,0.8,DATE_TIME,85,74,0.973,0.847,0.906
presidio+nvidia_gliner_pii,hard,0.8,EMAIL,27,27,1.0,1.0,1.0
presidio+nvidia_gliner_pii,hard,0.8,FINANCIAL,19,14,0.929,0.684,0.788
presidio+nvidia_gliner_pii,hard,0.8,GOV_ID,40,21,0.952,0.5,0.656
presidio+nvidia_gliner_pii,hard,0.8,IP,3,5,0.6,1.0,0.75
presidio+nvidia_gliner_pii,hard,0.8,LOCATION,59,73,0.986,0.847,0.912
presidio+nvidia_gliner_pii,hard,0.8,ORGANIZATION,72,41,0.927,0.528,0.673
presidio+nvidia_gliner_pii,hard,0.8,PERSON,155,114,1.0,0.735,0.848
presidio+nvidia_gliner_pii,hard,0.8,PHONE,23,28,0.786,0.957,0.863
presidio+nvidia_gliner_pii,hard,0.8,URL,4,3,1.0,0.75,0.857
presidio+nvidia_gliner_pii,sanctum,0.15,DATE_TIME,30,35,0.829,1.0,0.906
presidio+nvidia_gliner_pii,sanctum,0.15,EMAIL,11,11,1.0,1.0,1.0
presidio+nvidia_gliner_pii,sanctum,0.15,FINANCIAL,5,6,0.833,1.0,0.909
presidio+nvidia_gliner_pii,sanctum,0.15,GOV_ID,3,4,0.75,1.0,0.857
presidio+nvidia_gliner_pii,sanctum,0.15,IP,1,1,1.0,1.0,1.0
presidio+nvidia_gliner_pii,sanctum,0.15,LOCATION,14,39,0.923,1.0,0.96
presidio+nvidia_gliner_pii,sanctum,0.15,ORGANIZATION,31,31,0.839,0.742,0.787
presidio+nvidia_gliner_pii,sanctum,0.15,PERSON,48,85,0.741,1.0,0.851
presidio+nvidia_gliner_pii,sanctum,0.15,PHONE,9,12,0.75,1.0,0.857
presidio+nvidia_gliner_pii,sanctum,0.15,URL,2,4,0.5,1.0,0.667
presidio+nvidia_gliner_pii,sanctum,0.2,DATE_TIME,30,35,0.829,1.0,0.906
presidio+nvidia_gliner_pii,sanctum,0.2,EMAIL,11,11,1.0,1.0,1.0
presidio+nvidia_gliner_pii,sanctum,0.2,FINANCIAL,5,6,0.833,1.0,0.909
presidio+nvidia_gliner_pii,sanctum,0.2,GOV_ID,3,4,0.75,1.0,0.857
presidio+nvidia_gliner_pii,sanctum,0.2,IP,1,1,1.0,1.0,1.0
presidio+nvidia_gliner_pii,sanctum,0.2,LOCATION,14,35,0.943,1.0,0.971
presidio+nvidia_gliner_pii,sanctum,0.2,ORGANIZATION,31,29,0.897,0.742,0.812
presidio+nvidia_gliner_pii,sanctum,0.2,PERSON,48,82,0.744,1.0,0.853
presidio+nvidia_gliner_pii,sanctum,0.2,PHONE,9,12,0.75,1.0,0.857
presidio+nvidia_gliner_pii,sanctum,0.2,URL,2,4,0.5,1.0,0.667
presidio+nvidia_gliner_pii,sanctum,0.25,DATE_TIME,30,34,0.853,1.0,0.921
presidio+nvidia_gliner_pii,sanctum,0.25,EMAIL,11,11,1.0,1.0,1.0
presidio+nvidia_gliner_pii,sanctum,0.25,FINANCIAL,5,6,0.833,1.0,0.909
presidio+nvidia_gliner_pii,sanctum,0.25,GOV_ID,3,4,0.75,1.0,0.857
presidio+nvidia_gliner_pii,sanctum,0.25,IP,1,1,1.0,1.0,1.0
presidio+nvidia_gliner_pii,sanctum,0.25,LOCATION,14,34,0.941,1.0,0.97
presidio+nvidia_gliner_pii,sanctum,0.25,ORGANIZATION,31,28,0.893,0.742,0.81
presidio+nvidia_gliner_pii,sanctum,0.25,PERSON,48,80,0.762,1.0,0.865
presidio+nvidia_gliner_pii,sanctum,0.25,PHONE,9,12,0.75,1.0,0.857
presidio+nvidia_gliner_pii,sanctum,0.25,URL,2,4,0.5,1.0,0.667
presidio+nvidia_gliner_pii,sanctum,0.3,DATE_TIME,30,34,0.853,1.0,0.921
presidio+nvidia_gliner_pii,sanctum,0.3,EMAIL,11,11,1.0,1.0,1.0
presidio+nvidia_gliner_pii,sanctum,0.3,FINANCIAL,5,6,0.833,1.0,0.909
presidio+nvidia_gliner_pii,sanctum,0.3,GOV_ID,3,4,0.75,1.0,0.857
presidio+nvidia_gliner_pii,sanctum,0.3,IP,1,1,1.0,1.0,1.0
presidio+nvidia_gliner_pii,sanctum,0.3,LOCATION,14,31,0.935,0.857,0.895
presidio+nvidia_gliner_pii,sanctum,0.3,ORGANIZATION,31,28,0.893,0.742,0.81
presidio+nvidia_gliner_pii,sanctum,0.3,PERSON,48,79,0.759,1.0,0.863
presidio+nvidia_gliner_pii,sanctum,0.3,PHONE,9,12,0.75,1.0,0.857
presidio+nvidia_gliner_pii,sanctum,0.3,URL,2,4,0.5,1.0,0.667
presidio+nvidia_gliner_pii,sanctum,0.4,DATE_TIME,30,33,0.879,1.0,0.935
presidio+nvidia_gliner_pii,sanctum,0.4,EMAIL,11,11,1.0,1.0,1.0
presidio+nvidia_gliner_pii,sanctum,0.4,FINANCIAL,5,6,0.833,1.0,0.909
presidio+nvidia_gliner_pii,sanctum,0.4,GOV_ID,3,4,0.75,1.0,0.857
presidio+nvidia_gliner_pii,sanctum,0.4,IP,1,1,1.0,1.0,1.0
presidio+nvidia_gliner_pii,sanctum,0.4,LOCATION,14,30,0.933,0.857,0.894
presidio+nvidia_gliner_pii,sanctum,0.4,ORGANIZATION,31,24,0.958,0.71,0.815
presidio+nvidia_gliner_pii,sanctum,0.4,PERSON,48,73,0.795,1.0,0.885
presidio+nvidia_gliner_pii,sanctum,0.4,PHONE,9,12,0.75,1.0,0.857
presidio+nvidia_gliner_pii,sanctum,0.4,URL,2,4,0.5,1.0,0.667
presidio+nvidia_gliner_pii,sanctum,0.5,DATE_TIME,30,32,0.906,1.0,0.951
presidio+nvidia_gliner_pii,sanctum,0.5,EMAIL,11,11,1.0,1.0,1.0
presidio+nvidia_gliner_pii,sanctum,0.5,FINANCIAL,5,6,0.833,1.0,0.909
presidio+nvidia_gliner_pii,sanctum,0.5,GOV_ID,3,4,0.75,1.0,0.857
presidio+nvidia_gliner_pii,sanctum,0.5,IP,1,1,1.0,1.0,1.0
presidio+nvidia_gliner_pii,sanctum,0.5,LOCATION,14,28,0.929,0.857,0.891
presidio+nvidia_gliner_pii,sanctum,0.5,ORGANIZATION,31,22,0.955,0.677,0.792
presidio+nvidia_gliner_pii,sanctum,0.5,PERSON,48,65,0.846,1.0,0.917
presidio+nvidia_gliner_pii,sanctum,0.5,PHONE,9,11,0.818,1.0,0.9
presidio+nvidia_gliner_pii,sanctum,0.5,URL,2,4,0.5,1.0,0.667
presidio+nvidia_gliner_pii,sanctum,0.6,DATE_TIME,30,30,0.967,1.0,0.983
presidio+nvidia_gliner_pii,sanctum,0.6,EMAIL,11,11,1.0,1.0,1.0
presidio+nvidia_gliner_pii,sanctum,0.6,FINANCIAL,5,5,0.8,0.8,0.8
presidio+nvidia_gliner_pii,sanctum,0.6,GOV_ID,3,4,0.75,1.0,0.857
presidio+nvidia_gliner_pii,sanctum,0.6,IP,1,1,1.0,1.0,1.0
presidio+nvidia_gliner_pii,sanctum,0.6,LOCATION,14,25,0.92,0.857,0.887
presidio+nvidia_gliner_pii,sanctum,0.6,ORGANIZATION,31,20,0.95,0.613,0.745
presidio+nvidia_gliner_pii,sanctum,0.6,PERSON,48,63,0.857,1.0,0.923
presidio+nvidia_gliner_pii,sanctum,0.6,PHONE,9,10,0.9,1.0,0.947
presidio+nvidia_gliner_pii,sanctum,0.6,URL,2,4,0.5,1.0,0.667
presidio+nvidia_gliner_pii,sanctum,0.7,DATE_TIME,30,30,0.967,1.0,0.983
presidio+nvidia_gliner_pii,sanctum,0.7,EMAIL,11,11,1.0,1.0,1.0
presidio+nvidia_gliner_pii,sanctum,0.7,FINANCIAL,5,5,0.8,0.8,0.8
presidio+nvidia_gliner_pii,sanctum,0.7,GOV_ID,3,4,0.75,1.0,0.857
presidio+nvidia_gliner_pii,sanctum,0.7,IP,1,1,1.0,1.0,1.0
presidio+nvidia_gliner_pii,sanctum,0.7,LOCATION,14,22,0.955,0.857,0.903
presidio+nvidia_gliner_pii,sanctum,0.7,ORGANIZATION,31,20,0.95,0.613,0.745
presidio+nvidia_gliner_pii,sanctum,0.7,PERSON,48,58,0.879,1.0,0.936
presidio+nvidia_gliner_pii,sanctum,0.7,PHONE,9,10,0.9,1.0,0.947
presidio+nvidia_gliner_pii,sanctum,0.7,URL,2,4,0.5,1.0,0.667
presidio+nvidia_gliner_pii,sanctum,0.8,DATE_TIME,30,30,0.967,1.0,0.983
presidio+nvidia_gliner_pii,sanctum,0.8,EMAIL,11,11,1.0,1.0,1.0
presidio+nvidia_gliner_pii,sanctum,0.8,FINANCIAL,5,5,0.8,0.8,0.8
presidio+nvidia_gliner_pii,sanctum,0.8,GOV_ID,3,4,0.75,1.0,0.857
presidio+nvidia_gliner_pii,sanctum,0.8,IP,1,1,1.0,1.0,1.0
presidio+nvidia_gliner_pii,sanctum,0.8,LOCATION,14,18,0.944,0.857,0.899
presidio+nvidia_gliner_pii,sanctum,0.8,ORGANIZATION,31,19,1.0,0.613,0.76
presidio+nvidia_gliner_pii,sanctum,0.8,PERSON,48,57,0.895,1.0,0.944
presidio+nvidia_gliner_pii,sanctum,0.8,PHONE,9,10,0.9,1.0,0.947
presidio+nvidia_gliner_pii,sanctum,0.8,URL,2,4,0.5,1.0,0.667
presidio+openai_privacy_filter,hard,0.15,DATE_TIME,85,63,0.968,0.729,0.832
presidio+openai_privacy_filter,hard,0.15,EMAIL,27,28,0.964,1.0,0.982
presidio+openai_privacy_filter,hard,0.15,FINANCIAL,19,65,0.262,0.895,0.405
presidio+openai_privacy_filter,hard,0.15,GOV_ID,40,1,1.0,0.025,0.049
presidio+openai_privacy_filter,hard,0.15,IP,3,1,1.0,0.333,0.5
presidio+openai_privacy_filter,hard,0.15,LOCATION,59,22,1.0,0.373,0.543
presidio+openai_privacy_filter,hard,0.15,ORGANIZATION,72,0,0.0,0.0,0.0
presidio+openai_privacy_filter,hard,0.15,PERSON,155,151,0.94,0.916,0.928
presidio+openai_privacy_filter,hard,0.15,PHONE,23,28,0.714,0.87,0.784
presidio+openai_privacy_filter,hard,0.15,URL,4,6,0.667,1.0,0.8
presidio+openai_privacy_filter,hard,0.2,DATE_TIME,85,63,0.968,0.729,0.832
presidio+openai_privacy_filter,hard,0.2,EMAIL,27,28,0.964,1.0,0.982
presidio+openai_privacy_filter,hard,0.2,FINANCIAL,19,65,0.262,0.895,0.405
presidio+openai_privacy_filter,hard,0.2,GOV_ID,40,1,1.0,0.025,0.049
presidio+openai_privacy_filter,hard,0.2,IP,3,1,1.0,0.333,0.5
presidio+openai_privacy_filter,hard,0.2,LOCATION,59,22,1.0,0.373,0.543
presidio+openai_privacy_filter,hard,0.2,ORGANIZATION,72,0,0.0,0.0,0.0
presidio+openai_privacy_filter,hard,0.2,PERSON,155,151,0.94,0.916,0.928
presidio+openai_privacy_filter,hard,0.2,PHONE,23,28,0.714,0.87,0.784
presidio+openai_privacy_filter,hard,0.2,URL,4,6,0.667,1.0,0.8
presidio+openai_privacy_filter,hard,0.25,DATE_TIME,85,63,0.968,0.729,0.832
presidio+openai_privacy_filter,hard,0.25,EMAIL,27,28,0.964,1.0,0.982
presidio+openai_privacy_filter,hard,0.25,FINANCIAL,19,65,0.262,0.895,0.405
presidio+openai_privacy_filter,hard,0.25,GOV_ID,40,1,1.0,0.025,0.049
presidio+openai_privacy_filter,hard,0.25,IP,3,1,1.0,0.333,0.5
presidio+openai_privacy_filter,hard,0.25,LOCATION,59,22,1.0,0.373,0.543
presidio+openai_privacy_filter,hard,0.25,ORGANIZATION,72,0,0.0,0.0,0.0
presidio+openai_privacy_filter,hard,0.25,PERSON,155,151,0.94,0.916,0.928
presidio+openai_privacy_filter,hard,0.25,PHONE,23,28,0.714,0.87,0.784
presidio+openai_privacy_filter,hard,0.25,URL,4,6,0.667,1.0,0.8
presidio+openai_privacy_filter,hard,0.3,DATE_TIME,85,63,0.968,0.729,0.832
presidio+openai_privacy_filter,hard,0.3,EMAIL,27,28,0.964,1.0,0.982
presidio+openai_privacy_filter,hard,0.3,FINANCIAL,19,65,0.262,0.895,0.405
presidio+openai_privacy_filter,hard,0.3,GOV_ID,40,1,1.0,0.025,0.049
presidio+openai_privacy_filter,hard,0.3,IP,3,1,1.0,0.333,0.5
presidio+openai_privacy_filter,hard,0.3,LOCATION,59,22,1.0,0.373,0.543
presidio+openai_privacy_filter,hard,0.3,ORGANIZATION,72,0,0.0,0.0,0.0
presidio+openai_privacy_filter,hard,0.3,PERSON,155,151,0.94,0.916,0.928
presidio+openai_privacy_filter,hard,0.3,PHONE,23,28,0.714,0.87,0.784
presidio+openai_privacy_filter,hard,0.3,URL,4,6,0.667,1.0,0.8
presidio+openai_privacy_filter,hard,0.4,DATE_TIME,85,63,0.968,0.729,0.832
presidio+openai_privacy_filter,hard,0.4,EMAIL,27,28,0.964,1.0,0.982
presidio+openai_privacy_filter,hard,0.4,FINANCIAL,19,65,0.262,0.895,0.405
presidio+openai_privacy_filter,hard,0.4,GOV_ID,40,1,1.0,0.025,0.049
presidio+openai_privacy_filter,hard,0.4,IP,3,1,1.0,0.333,0.5
presidio+openai_privacy_filter,hard,0.4,LOCATION,59,22,1.0,0.373,0.543
presidio+openai_privacy_filter,hard,0.4,ORGANIZATION,72,0,0.0,0.0,0.0
presidio+openai_privacy_filter,hard,0.4,PERSON,155,151,0.94,0.916,0.928
presidio+openai_privacy_filter,hard,0.4,PHONE,23,28,0.714,0.87,0.784
presidio+openai_privacy_filter,hard,0.4,URL,4,6,0.667,1.0,0.8
presidio+openai_privacy_filter,hard,0.5,DATE_TIME,85,63,0.968,0.729,0.832
presidio+openai_privacy_filter,hard,0.5,EMAIL,27,28,0.964,1.0,0.982
presidio+openai_privacy_filter,hard,0.5,FINANCIAL,19,65,0.262,0.895,0.405
presidio+openai_privacy_filter,hard,0.5,GOV_ID,40,1,1.0,0.025,0.049
presidio+openai_privacy_filter,hard,0.5,IP,3,1,1.0,0.333,0.5
presidio+openai_privacy_filter,hard,0.5,LOCATION,59,22,1.0,0.373,0.543
presidio+openai_privacy_filter,hard,0.5,ORGANIZATION,72,0,0.0,0.0,0.0
presidio+openai_privacy_filter,hard,0.5,PERSON,155,151,0.94,0.916,0.928
presidio+openai_privacy_filter,hard,0.5,PHONE,23,28,0.714,0.87,0.784
presidio+openai_privacy_filter,hard,0.5,URL,4,6,0.667,1.0,0.8
presidio+openai_privacy_filter,hard,0.6,DATE_TIME,85,62,0.968,0.718,0.824
presidio+openai_privacy_filter,hard,0.6,EMAIL,27,28,0.964,1.0,0.982
presidio+openai_privacy_filter,hard,0.6,FINANCIAL,19,63,0.27,0.895,0.415
presidio+openai_privacy_filter,hard,0.6,GOV_ID,40,1,1.0,0.025,0.049
presidio+openai_privacy_filter,hard,0.6,IP,3,1,1.0,0.333,0.5
presidio+openai_privacy_filter,hard,0.6,LOCATION,59,20,1.0,0.356,0.525
presidio+openai_privacy_filter,hard,0.6,ORGANIZATION,72,0,0.0,0.0,0.0
presidio+openai_privacy_filter,hard,0.6,PERSON,155,149,0.94,0.903,0.921
presidio+openai_privacy_filter,hard,0.6,PHONE,23,26,0.769,0.87,0.816
presidio+openai_privacy_filter,hard,0.6,URL,4,6,0.667,1.0,0.8
presidio+openai_privacy_filter,hard,0.7,DATE_TIME,85,60,0.967,0.694,0.808
presidio+openai_privacy_filter,hard,0.7,EMAIL,27,28,0.964,1.0,0.982
presidio+openai_privacy_filter,hard,0.7,FINANCIAL,19,62,0.274,0.895,0.42
presidio+openai_privacy_filter,hard,0.7,GOV_ID,40,1,1.0,0.025,0.049
presidio+openai_privacy_filter,hard,0.7,IP,3,1,1.0,0.333,0.5
presidio+openai_privacy_filter,hard,0.7,LOCATION,59,20,1.0,0.356,0.525
presidio+openai_privacy_filter,hard,0.7,ORGANIZATION,72,0,0.0,0.0,0.0
presidio+openai_privacy_filter,hard,0.7,PERSON,155,149,0.94,0.903,0.921
presidio+openai_privacy_filter,hard,0.7,PHONE,23,24,0.833,0.87,0.851
presidio+openai_privacy_filter,hard,0.7,URL,4,6,0.667,1.0,0.8
presidio+openai_privacy_filter,hard,0.8,DATE_TIME,85,59,0.966,0.682,0.8
presidio+openai_privacy_filter,hard,0.8,EMAIL,27,28,0.964,1.0,0.982
presidio+openai_privacy_filter,hard,0.8,FINANCIAL,19,58,0.276,0.842,0.416
presidio+openai_privacy_filter,hard,0.8,GOV_ID,40,3,0.667,0.05,0.093
presidio+openai_privacy_filter,hard,0.8,IP,3,1,1.0,0.333,0.5
presidio+openai_privacy_filter,hard,0.8,LOCATION,59,19,1.0,0.339,0.506
presidio+openai_privacy_filter,hard,0.8,ORGANIZATION,72,0,0.0,0.0,0.0
presidio+openai_privacy_filter,hard,0.8,PERSON,155,148,0.939,0.897,0.917
presidio+openai_privacy_filter,hard,0.8,PHONE,23,22,0.909,0.87,0.889
presidio+openai_privacy_filter,hard,0.8,URL,4,6,0.667,1.0,0.8
presidio+openai_privacy_filter,sanctum,0.15,DATE_TIME,30,23,0.957,0.733,0.83
presidio+openai_privacy_filter,sanctum,0.15,EMAIL,11,11,1.0,1.0,1.0
presidio+openai_privacy_filter,sanctum,0.15,FINANCIAL,5,8,0.5,0.8,0.615
presidio+openai_privacy_filter,sanctum,0.15,GOV_ID,3,0,0.0,0.0,0.0
presidio+openai_privacy_filter,sanctum,0.15,IP,1,0,0.0,0.0,0.0
presidio+openai_privacy_filter,sanctum,0.15,LOCATION,14,11,1.0,0.714,0.833
presidio+openai_privacy_filter,sanctum,0.15,ORGANIZATION,31,0,0.0,0.0,0.0
presidio+openai_privacy_filter,sanctum,0.15,PERSON,48,68,0.706,1.0,0.828
presidio+openai_privacy_filter,sanctum,0.15,PHONE,9,15,0.6,1.0,0.75
presidio+openai_privacy_filter,sanctum,0.15,URL,2,6,0.333,1.0,0.5
presidio+openai_privacy_filter,sanctum,0.2,DATE_TIME,30,23,0.957,0.733,0.83
presidio+openai_privacy_filter,sanctum,0.2,EMAIL,11,11,1.0,1.0,1.0
presidio+openai_privacy_filter,sanctum,0.2,FINANCIAL,5,8,0.5,0.8,0.615
presidio+openai_privacy_filter,sanctum,0.2,GOV_ID,3,0,0.0,0.0,0.0
presidio+openai_privacy_filter,sanctum,0.2,IP,1,0,0.0,0.0,0.0
presidio+openai_privacy_filter,sanctum,0.2,LOCATION,14,11,1.0,0.714,0.833
presidio+openai_privacy_filter,sanctum,0.2,ORGANIZATION,31,0,0.0,0.0,0.0
presidio+openai_privacy_filter,sanctum,0.2,PERSON,48,68,0.706,1.0,0.828
presidio+openai_privacy_filter,sanctum,0.2,PHONE,9,15,0.6,1.0,0.75
presidio+openai_privacy_filter,sanctum,0.2,URL,2,6,0.333,1.0,0.5
presidio+openai_privacy_filter,sanctum,0.25,DATE_TIME,30,23,0.957,0.733,0.83
presidio+openai_privacy_filter,sanctum,0.25,EMAIL,11,11,1.0,1.0,1.0
presidio+openai_privacy_filter,sanctum,0.25,FINANCIAL,5,8,0.5,0.8,0.615
presidio+openai_privacy_filter,sanctum,0.25,GOV_ID,3,0,0.0,0.0,0.0
presidio+openai_privacy_filter,sanctum,0.25,IP,1,0,0.0,0.0,0.0
presidio+openai_privacy_filter,sanctum,0.25,LOCATION,14,11,1.0,0.714,0.833
presidio+openai_privacy_filter,sanctum,0.25,ORGANIZATION,31,0,0.0,0.0,0.0
presidio+openai_privacy_filter,sanctum,0.25,PERSON,48,68,0.706,1.0,0.828
presidio+openai_privacy_filter,sanctum,0.25,PHONE,9,15,0.6,1.0,0.75
presidio+openai_privacy_filter,sanctum,0.25,URL,2,6,0.333,1.0,0.5
presidio+openai_privacy_filter,sanctum,0.3,DATE_TIME,30,23,0.957,0.733,0.83
presidio+openai_privacy_filter,sanctum,0.3,EMAIL,11,11,1.0,1.0,1.0
presidio+openai_privacy_filter,sanctum,0.3,FINANCIAL,5,8,0.5,0.8,0.615
presidio+openai_privacy_filter,sanctum,0.3,GOV_ID,3,0,0.0,0.0,0.0
presidio+openai_privacy_filter,sanctum,0.3,IP,1,0,0.0,0.0,0.0
presidio+openai_privacy_filter,sanctum,0.3,LOCATION,14,11,1.0,0.714,0.833
presidio+openai_privacy_filter,sanctum,0.3,ORGANIZATION,31,0,0.0,0.0,0.0
presidio+openai_privacy_filter,sanctum,0.3,PERSON,48,68,0.706,1.0,0.828
presidio+openai_privacy_filter,sanctum,0.3,PHONE,9,15,0.6,1.0,0.75
presidio+openai_privacy_filter,sanctum,0.3,URL,2,6,0.333,1.0,0.5
presidio+openai_privacy_filter,sanctum,0.4,DATE_TIME,30,23,0.957,0.733,0.83
presidio+openai_privacy_filter,sanctum,0.4,EMAIL,11,11,1.0,1.0,1.0
presidio+openai_privacy_filter,sanctum,0.4,FINANCIAL,5,8,0.5,0.8,0.615
presidio+openai_privacy_filter,sanctum,0.4,GOV_ID,3,0,0.0,0.0,0.0
presidio+openai_privacy_filter,sanctum,0.4,IP,1,0,0.0,0.0,0.0
presidio+openai_privacy_filter,sanctum,0.4,LOCATION,14,11,1.0,0.714,0.833
presidio+openai_privacy_filter,sanctum,0.4,ORGANIZATION,31,0,0.0,0.0,0.0
presidio+openai_privacy_filter,sanctum,0.4,PERSON,48,68,0.706,1.0,0.828
presidio+openai_privacy_filter,sanctum,0.4,PHONE,9,15,0.6,1.0,0.75
presidio+openai_privacy_filter,sanctum,0.4,URL,2,6,0.333,1.0,0.5
presidio+openai_privacy_filter,sanctum,0.5,DATE_TIME,30,23,0.957,0.733,0.83
presidio+openai_privacy_filter,sanctum,0.5,EMAIL,11,11,1.0,1.0,1.0
presidio+openai_privacy_filter,sanctum,0.5,FINANCIAL,5,8,0.5,0.8,0.615
presidio+openai_privacy_filter,sanctum,0.5,GOV_ID,3,0,0.0,0.0,0.0
presidio+openai_privacy_filter,sanctum,0.5,IP,1,0,0.0,0.0,0.0
presidio+openai_privacy_filter,sanctum,0.5,LOCATION,14,11,1.0,0.714,0.833
presidio+openai_privacy_filter,sanctum,0.5,ORGANIZATION,31,0,0.0,0.0,0.0
presidio+openai_privacy_filter,sanctum,0.5,PERSON,48,68,0.706,1.0,0.828
presidio+openai_privacy_filter,sanctum,0.5,PHONE,9,15,0.6,1.0,0.75
presidio+openai_privacy_filter,sanctum,0.5,URL,2,6,0.333,1.0,0.5
presidio+openai_privacy_filter,sanctum,0.6,DATE_TIME,30,22,0.955,0.7,0.808
presidio+openai_privacy_filter,sanctum,0.6,EMAIL,11,11,1.0,1.0,1.0
presidio+openai_privacy_filter,sanctum,0.6,FINANCIAL,5,8,0.5,0.8,0.615
presidio+openai_privacy_filter,sanctum,0.6,GOV_ID,3,0,0.0,0.0,0.0
presidio+openai_privacy_filter,sanctum,0.6,IP,1,0,0.0,0.0,0.0
presidio+openai_privacy_filter,sanctum,0.6,LOCATION,14,11,1.0,0.714,0.833
presidio+openai_privacy_filter,sanctum,0.6,ORGANIZATION,31,0,0.0,0.0,0.0
presidio+openai_privacy_filter,sanctum,0.6,PERSON,48,67,0.716,1.0,0.835
presidio+openai_privacy_filter,sanctum,0.6,PHONE,9,14,0.643,1.0,0.783
presidio+openai_privacy_filter,sanctum,0.6,URL,2,6,0.333,1.0,0.5
presidio+openai_privacy_filter,sanctum,0.7,DATE_TIME,30,22,0.955,0.7,0.808
presidio+openai_privacy_filter,sanctum,0.7,EMAIL,11,11,1.0,1.0,1.0
presidio+openai_privacy_filter,sanctum,0.7,FINANCIAL,5,8,0.5,0.8,0.615
presidio+openai_privacy_filter,sanctum,0.7,GOV_ID,3,0,0.0,0.0,0.0
presidio+openai_privacy_filter,sanctum,0.7,IP,1,0,0.0,0.0,0.0
presidio+openai_privacy_filter,sanctum,0.7,LOCATION,14,10,1.0,0.714,0.833
presidio+openai_privacy_filter,sanctum,0.7,ORGANIZATION,31,0,0.0,0.0,0.0
presidio+openai_privacy_filter,sanctum,0.7,PERSON,48,66,0.727,1.0,0.842
presidio+openai_privacy_filter,sanctum,0.7,PHONE,9,14,0.643,1.0,0.783
presidio+openai_privacy_filter,sanctum,0.7,URL,2,6,0.333,1.0,0.5
presidio+openai_privacy_filter,sanctum,0.8,DATE_TIME,30,20,0.95,0.633,0.76
presidio+openai_privacy_filter,sanctum,0.8,EMAIL,11,11,1.0,1.0,1.0
presidio+openai_privacy_filter,sanctum,0.8,FINANCIAL,5,8,0.5,0.8,0.615
presidio+openai_privacy_filter,sanctum,0.8,GOV_ID,3,0,0.0,0.0,0.0
presidio+openai_privacy_filter,sanctum,0.8,IP,1,0,0.0,0.0,0.0
presidio+openai_privacy_filter,sanctum,0.8,LOCATION,14,10,1.0,0.714,0.833
presidio+openai_privacy_filter,sanctum,0.8,ORGANIZATION,31,0,0.0,0.0,0.0
presidio+openai_privacy_filter,sanctum,0.8,PERSON,48,66,0.727,1.0,0.842
presidio+openai_privacy_filter,sanctum,0.8,PHONE,9,13,0.692,1.0,0.818
presidio+openai_privacy_filter,sanctum,0.8,URL,2,6,0.333,1.0,0.5
presidio+sm,hard,none,DATE_TIME,85,135,0.6,0.941,0.733
presidio+sm,hard,none,EMAIL,27,26,1.0,0.963,0.981
presidio+sm,hard,none,FINANCIAL,19,11,0.909,0.526,0.667
presidio+sm,hard,none,GOV_ID,40,11,1.0,0.275,0.431
presidio+sm,hard,none,IP,3,2,1.0,0.667,0.8
presidio+sm,hard,none,LOCATION,59,58,0.638,0.525,0.576
presidio+sm,hard,none,ORGANIZATION,72,155,0.245,0.514,0.332
presidio+sm,hard,none,PERSON,155,134,0.694,0.594,0.64
presidio+sm,hard,none,PHONE,23,28,0.786,0.957,0.863
presidio+sm,hard,none,URL,4,4,1.0,1.0,1.0
presidio+sm,sanctum,none,DATE_TIME,30,63,0.413,0.9,0.566
presidio+sm,sanctum,none,EMAIL,11,11,1.0,1.0,1.0
presidio+sm,sanctum,none,FINANCIAL,5,1,1.0,0.2,0.333
presidio+sm,sanctum,none,GOV_ID,3,3,1.0,1.0,1.0
presidio+sm,sanctum,none,IP,1,1,1.0,1.0,1.0
presidio+sm,sanctum,none,LOCATION,14,18,0.722,0.786,0.753
presidio+sm,sanctum,none,ORGANIZATION,31,59,0.424,0.645,0.512
presidio+sm,sanctum,none,PERSON,48,79,0.57,0.938,0.709
presidio+sm,sanctum,none,PHONE,9,9,0.889,0.889,0.889
presidio+sm,sanctum,none,URL,2,4,0.5,1.0,0.667
presidio+trf,hard,none,DATE_TIME,85,125,0.672,0.976,0.796
presidio+trf,hard,none,EMAIL,27,27,1.0,1.0,1.0
presidio+trf,hard,none,FINANCIAL,19,13,0.846,0.579,0.688
presidio+trf,hard,none,GOV_ID,40,11,1.0,0.275,0.431
presidio+trf,hard,none,IP,3,3,1.0,1.0,1.0
presidio+trf,hard,none,LOCATION,59,67,0.896,0.797,0.843
presidio+trf,hard,none,ORGANIZATION,72,104,0.567,0.819,0.67
presidio+trf,hard,none,PERSON,155,139,0.978,0.884,0.929
presidio+trf,hard,none,PHONE,23,29,0.793,1.0,0.885
presidio+trf,hard,none,URL,4,4,1.0,1.0,1.0
presidio+trf,sanctum,none,DATE_TIME,30,59,0.492,1.0,0.659
presidio+trf,sanctum,none,EMAIL,11,11,1.0,1.0,1.0
presidio+trf,sanctum,none,FINANCIAL,5,2,1.0,0.4,0.571
presidio+trf,sanctum,none,GOV_ID,3,3,1.0,1.0,1.0
presidio+trf,sanctum,none,IP,1,1,1.0,1.0,1.0
presidio+trf,sanctum,none,LOCATION,14,30,0.933,1.0,0.966
presidio+trf,sanctum,none,ORGANIZATION,31,29,0.69,0.645,0.667
presidio+trf,sanctum,none,PERSON,48,61,0.787,1.0,0.881
presidio+trf,sanctum,none,PHONE,9,9,0.889,0.889,0.889
presidio+trf,sanctum,none,URL,2,4,0.5,1.0,0.667
soelmgd_bert_pii,hard,0.15,DATE_TIME,85,107,0.738,0.941,0.827
soelmgd_bert_pii,hard,0.15,EMAIL,27,34,0.971,0.704,0.816
soelmgd_bert_pii,hard,0.15,FINANCIAL,19,0,0.0,0.0,0.0
soelmgd_bert_pii,hard,0.15,GOV_ID,40,71,0.423,0.725,0.534
soelmgd_bert_pii,hard,0.15,IP,3,20,0.1,0.667,0.174
soelmgd_bert_pii,hard,0.15,LOCATION,59,129,0.721,0.814,0.764
soelmgd_bert_pii,hard,0.15,ORGANIZATION,72,26,0.538,0.139,0.221
soelmgd_bert_pii,hard,0.15,PERSON,155,166,0.928,0.858,0.892
soelmgd_bert_pii,hard,0.15,PHONE,23,61,0.295,0.783,0.429
soelmgd_bert_pii,hard,0.15,URL,4,2,1.0,0.5,0.667
soelmgd_bert_pii,hard,0.2,DATE_TIME,85,106,0.745,0.941,0.832
soelmgd_bert_pii,hard,0.2,EMAIL,27,34,0.971,0.704,0.816
soelmgd_bert_pii,hard,0.2,FINANCIAL,19,0,0.0,0.0,0.0
soelmgd_bert_pii,hard,0.2,GOV_ID,40,69,0.435,0.725,0.544
soelmgd_bert_pii,hard,0.2,IP,3,19,0.105,0.667,0.182
soelmgd_bert_pii,hard,0.2,LOCATION,59,127,0.724,0.814,0.766
soelmgd_bert_pii,hard,0.2,ORGANIZATION,72,24,0.583,0.139,0.224
soelmgd_bert_pii,hard,0.2,PERSON,155,164,0.939,0.858,0.897
soelmgd_bert_pii,hard,0.2,PHONE,23,59,0.305,0.783,0.439
soelmgd_bert_pii,hard,0.2,URL,4,2,1.0,0.5,0.667
soelmgd_bert_pii,hard,0.25,DATE_TIME,85,103,0.767,0.941,0.845
soelmgd_bert_pii,hard,0.25,EMAIL,27,33,0.97,0.667,0.79
soelmgd_bert_pii,hard,0.25,FINANCIAL,19,0,0.0,0.0,0.0
soelmgd_bert_pii,hard,0.25,GOV_ID,40,63,0.397,0.6,0.478
soelmgd_bert_pii,hard,0.25,IP,3,15,0.133,0.667,0.222
soelmgd_bert_pii,hard,0.25,LOCATION,59,121,0.744,0.814,0.777
soelmgd_bert_pii,hard,0.25,ORGANIZATION,72,23,0.609,0.139,0.226
soelmgd_bert_pii,hard,0.25,PERSON,155,162,0.951,0.858,0.902
soelmgd_bert_pii,hard,0.25,PHONE,23,54,0.333,0.783,0.468
soelmgd_bert_pii,hard,0.25,URL,4,2,1.0,0.5,0.667
soelmgd_bert_pii,hard,0.3,DATE_TIME,85,101,0.782,0.941,0.854
soelmgd_bert_pii,hard,0.3,EMAIL,27,32,0.969,0.667,0.79
soelmgd_bert_pii,hard,0.3,FINANCIAL,19,0,0.0,0.0,0.0
soelmgd_bert_pii,hard,0.3,GOV_ID,40,56,0.375,0.5,0.429
soelmgd_bert_pii,hard,0.3,IP,3,14,0.143,0.667,0.235
soelmgd_bert_pii,hard,0.3,LOCATION,59,110,0.773,0.78,0.776
soelmgd_bert_pii,hard,0.3,ORGANIZATION,72,16,0.688,0.111,0.191
soelmgd_bert_pii,hard,0.3,PERSON,155,158,0.956,0.839,0.893
soelmgd_bert_pii,hard,0.3,PHONE,23,46,0.391,0.783,0.522
soelmgd_bert_pii,hard,0.3,URL,4,2,1.0,0.5,0.667
soelmgd_bert_pii,hard,0.4,DATE_TIME,85,92,0.837,0.929,0.881
soelmgd_bert_pii,hard,0.4,EMAIL,27,31,0.968,0.667,0.789
soelmgd_bert_pii,hard,0.4,FINANCIAL,19,0,0.0,0.0,0.0
soelmgd_bert_pii,hard,0.4,GOV_ID,40,48,0.375,0.425,0.398
soelmgd_bert_pii,hard,0.4,IP,3,11,0.182,0.667,0.286
soelmgd_bert_pii,hard,0.4,LOCATION,59,99,0.778,0.729,0.752
soelmgd_bert_pii,hard,0.4,ORGANIZATION,72,13,0.846,0.111,0.196
soelmgd_bert_pii,hard,0.4,PERSON,155,145,0.959,0.794,0.868
soelmgd_bert_pii,hard,0.4,PHONE,23,37,0.486,0.783,0.6
soelmgd_bert_pii,hard,0.4,URL,4,2,1.0,0.5,0.667
soelmgd_bert_pii,hard,0.5,DATE_TIME,85,84,0.869,0.882,0.876
soelmgd_bert_pii,hard,0.5,EMAIL,27,27,0.963,0.593,0.734
soelmgd_bert_pii,hard,0.5,FINANCIAL,19,0,0.0,0.0,0.0
soelmgd_bert_pii,hard,0.5,GOV_ID,40,38,0.395,0.375,0.385
soelmgd_bert_pii,hard,0.5,IP,3,9,0.222,0.667,0.333
soelmgd_bert_pii,hard,0.5,LOCATION,59,80,0.762,0.593,0.667
soelmgd_bert_pii,hard,0.5,ORGANIZATION,72,12,0.833,0.111,0.196
soelmgd_bert_pii,hard,0.5,PERSON,155,118,0.983,0.697,0.816
soelmgd_bert_pii,hard,0.5,PHONE,23,28,0.643,0.783,0.706
soelmgd_bert_pii,hard,0.5,URL,4,2,1.0,0.5,0.667
soelmgd_bert_pii,hard,0.6,DATE_TIME,85,66,0.879,0.694,0.776
soelmgd_bert_pii,hard,0.6,EMAIL,27,24,0.958,0.556,0.703
soelmgd_bert_pii,hard,0.6,FINANCIAL,19,0,0.0,0.0,0.0
soelmgd_bert_pii,hard,0.6,GOV_ID,40,30,0.433,0.325,0.371
soelmgd_bert_pii,hard,0.6,IP,3,5,0.4,0.667,0.5
soelmgd_bert_pii,hard,0.6,LOCATION,59,63,0.762,0.525,0.622
soelmgd_bert_pii,hard,0.6,ORGANIZATION,72,7,0.714,0.042,0.079
soelmgd_bert_pii,hard,0.6,PERSON,155,96,1.0,0.581,0.735
soelmgd_bert_pii,hard,0.6,PHONE,23,25,0.68,0.739,0.708
soelmgd_bert_pii,hard,0.6,URL,4,2,1.0,0.5,0.667
soelmgd_bert_pii,hard,0.7,DATE_TIME,85,55,0.891,0.588,0.709
soelmgd_bert_pii,hard,0.7,EMAIL,27,17,0.941,0.444,0.604
soelmgd_bert_pii,hard,0.7,FINANCIAL,19,0,0.0,0.0,0.0
soelmgd_bert_pii,hard,0.7,GOV_ID,40,25,0.4,0.25,0.308
soelmgd_bert_pii,hard,0.7,IP,3,4,0.5,0.667,0.571
soelmgd_bert_pii,hard,0.7,LOCATION,59,49,0.755,0.424,0.543
soelmgd_bert_pii,hard,0.7,ORGANIZATION,72,5,0.8,0.042,0.079
soelmgd_bert_pii,hard,0.7,PERSON,155,72,1.0,0.452,0.622
soelmgd_bert_pii,hard,0.7,PHONE,23,20,0.85,0.739,0.791
soelmgd_bert_pii,hard,0.7,URL,4,2,1.0,0.5,0.667
soelmgd_bert_pii,hard,0.8,DATE_TIME,85,39,0.872,0.412,0.559
soelmgd_bert_pii,hard,0.8,EMAIL,27,4,1.0,0.148,0.258
soelmgd_bert_pii,hard,0.8,FINANCIAL,19,0,0.0,0.0,0.0
soelmgd_bert_pii,hard,0.8,GOV_ID,40,16,0.25,0.1,0.143
soelmgd_bert_pii,hard,0.8,IP,3,0,0.0,0.0,0.0
soelmgd_bert_pii,hard,0.8,LOCATION,59,38,0.789,0.356,0.491
soelmgd_bert_pii,hard,0.8,ORGANIZATION,72,2,0.5,0.014,0.027
soelmgd_bert_pii,hard,0.8,PERSON,155,39,1.0,0.252,0.402
soelmgd_bert_pii,hard,0.8,PHONE,23,19,0.842,0.696,0.762
soelmgd_bert_pii,hard,0.8,URL,4,2,1.0,0.5,0.667
soelmgd_bert_pii,sanctum,0.15,DATE_TIME,30,33,0.879,0.967,0.921
soelmgd_bert_pii,sanctum,0.15,EMAIL,11,12,1.0,0.909,0.952
soelmgd_bert_pii,sanctum,0.15,FINANCIAL,5,0,0.0,0.0,0.0
soelmgd_bert_pii,sanctum,0.15,GOV_ID,3,28,0.107,1.0,0.194
soelmgd_bert_pii,sanctum,0.15,IP,1,7,0.143,1.0,0.25
soelmgd_bert_pii,sanctum,0.15,LOCATION,14,45,0.844,1.0,0.916
soelmgd_bert_pii,sanctum,0.15,ORGANIZATION,31,29,0.862,0.742,0.798
soelmgd_bert_pii,sanctum,0.15,PERSON,48,56,0.875,1.0,0.933
soelmgd_bert_pii,sanctum,0.15,PHONE,9,15,0.4,0.667,0.5
soelmgd_bert_pii,sanctum,0.15,URL,2,3,0.667,1.0,0.8
soelmgd_bert_pii,sanctum,0.2,DATE_TIME,30,33,0.879,0.967,0.921
soelmgd_bert_pii,sanctum,0.2,EMAIL,11,12,1.0,0.909,0.952
soelmgd_bert_pii,sanctum,0.2,FINANCIAL,5,0,0.0,0.0,0.0
soelmgd_bert_pii,sanctum,0.2,GOV_ID,3,27,0.111,1.0,0.2
soelmgd_bert_pii,sanctum,0.2,IP,1,5,0.2,1.0,0.333
soelmgd_bert_pii,sanctum,0.2,LOCATION,14,44,0.841,1.0,0.914
soelmgd_bert_pii,sanctum,0.2,ORGANIZATION,31,29,0.862,0.742,0.798
soelmgd_bert_pii,sanctum,0.2,PERSON,48,56,0.875,1.0,0.933
soelmgd_bert_pii,sanctum,0.2,PHONE,9,14,0.429,0.667,0.522
soelmgd_bert_pii,sanctum,0.2,URL,2,3,0.667,1.0,0.8
soelmgd_bert_pii,sanctum,0.25,DATE_TIME,30,33,0.879,0.967,0.921
soelmgd_bert_pii,sanctum,0.25,EMAIL,11,12,1.0,0.909,0.952
soelmgd_bert_pii,sanctum,0.25,FINANCIAL,5,0,0.0,0.0,0.0
soelmgd_bert_pii,sanctum,0.25,GOV_ID,3,26,0.115,1.0,0.207
soelmgd_bert_pii,sanctum,0.25,IP,1,4,0.25,1.0,0.4
soelmgd_bert_pii,sanctum,0.25,LOCATION,14,40,0.85,1.0,0.919
soelmgd_bert_pii,sanctum,0.25,ORGANIZATION,31,27,0.926,0.742,0.824
soelmgd_bert_pii,sanctum,0.25,PERSON,48,56,0.875,1.0,0.933
soelmgd_bert_pii,sanctum,0.25,PHONE,9,11,0.545,0.667,0.6
soelmgd_bert_pii,sanctum,0.25,URL,2,3,0.667,1.0,0.8
soelmgd_bert_pii,sanctum,0.3,DATE_TIME,30,33,0.879,0.967,0.921
soelmgd_bert_pii,sanctum,0.3,EMAIL,11,12,1.0,0.909,0.952
soelmgd_bert_pii,sanctum,0.3,FINANCIAL,5,0,0.0,0.0,0.0
soelmgd_bert_pii,sanctum,0.3,GOV_ID,3,26,0.115,1.0,0.207
soelmgd_bert_pii,sanctum,0.3,IP,1,4,0.25,1.0,0.4
soelmgd_bert_pii,sanctum,0.3,LOCATION,14,38,0.868,1.0,0.93
soelmgd_bert_pii,sanctum,0.3,ORGANIZATION,31,27,0.926,0.742,0.824
soelmgd_bert_pii,sanctum,0.3,PERSON,48,56,0.875,1.0,0.933
soelmgd_bert_pii,sanctum,0.3,PHONE,9,11,0.545,0.667,0.6
soelmgd_bert_pii,sanctum,0.3,URL,2,3,0.667,1.0,0.8
soelmgd_bert_pii,sanctum,0.4,DATE_TIME,30,33,0.879,0.967,0.921
soelmgd_bert_pii,sanctum,0.4,EMAIL,11,10,1.0,0.818,0.9
soelmgd_bert_pii,sanctum,0.4,FINANCIAL,5,0,0.0,0.0,0.0
soelmgd_bert_pii,sanctum,0.4,GOV_ID,3,20,0.15,1.0,0.261
soelmgd_bert_pii,sanctum,0.4,IP,1,4,0.25,1.0,0.4
soelmgd_bert_pii,sanctum,0.4,LOCATION,14,36,0.889,1.0,0.941
soelmgd_bert_pii,sanctum,0.4,ORGANIZATION,31,27,0.926,0.742,0.824
soelmgd_bert_pii,sanctum,0.4,PERSON,48,53,0.906,0.979,0.941
soelmgd_bert_pii,sanctum,0.4,PHONE,9,10,0.6,0.667,0.632
soelmgd_bert_pii,sanctum,0.4,URL,2,2,1.0,1.0,1.0
soelmgd_bert_pii,sanctum,0.5,DATE_TIME,30,33,0.879,0.967,0.921
soelmgd_bert_pii,sanctum,0.5,EMAIL,11,9,1.0,0.727,0.842
soelmgd_bert_pii,sanctum,0.5,FINANCIAL,5,0,0.0,0.0,0.0
soelmgd_bert_pii,sanctum,0.5,GOV_ID,3,16,0.125,0.667,0.211
soelmgd_bert_pii,sanctum,0.5,IP,1,2,0.5,1.0,0.667
soelmgd_bert_pii,sanctum,0.5,LOCATION,14,35,0.914,1.0,0.955
soelmgd_bert_pii,sanctum,0.5,ORGANIZATION,31,25,0.96,0.71,0.816
soelmgd_bert_pii,sanctum,0.5,PERSON,48,49,0.939,0.938,0.938
soelmgd_bert_pii,sanctum,0.5,PHONE,9,7,0.714,0.556,0.625
soelmgd_bert_pii,sanctum,0.5,URL,2,1,1.0,0.5,0.667
soelmgd_bert_pii,sanctum,0.6,DATE_TIME,30,23,0.913,0.733,0.813
soelmgd_bert_pii,sanctum,0.6,EMAIL,11,7,1.0,0.636,0.778
soelmgd_bert_pii,sanctum,0.6,FINANCIAL,5,0,0.0,0.0,0.0
soelmgd_bert_pii,sanctum,0.6,GOV_ID,3,13,0.154,0.667,0.25
soelmgd_bert_pii,sanctum,0.6,IP,1,2,0.5,1.0,0.667
soelmgd_bert_pii,sanctum,0.6,LOCATION,14,33,0.939,1.0,0.969
soelmgd_bert_pii,sanctum,0.6,ORGANIZATION,31,24,0.958,0.677,0.794
soelmgd_bert_pii,sanctum,0.6,PERSON,48,42,0.929,0.792,0.855
soelmgd_bert_pii,sanctum,0.6,PHONE,9,6,0.667,0.444,0.533
soelmgd_bert_pii,sanctum,0.6,URL,2,1,1.0,0.5,0.667
soelmgd_bert_pii,sanctum,0.7,DATE_TIME,30,19,0.895,0.6,0.718
soelmgd_bert_pii,sanctum,0.7,EMAIL,11,5,1.0,0.455,0.625
soelmgd_bert_pii,sanctum,0.7,FINANCIAL,5,0,0.0,0.0,0.0
soelmgd_bert_pii,sanctum,0.7,GOV_ID,3,8,0.25,0.667,0.364
soelmgd_bert_pii,sanctum,0.7,IP,1,1,1.0,1.0,1.0
soelmgd_bert_pii,sanctum,0.7,LOCATION,14,30,0.967,1.0,0.983
soelmgd_bert_pii,sanctum,0.7,ORGANIZATION,31,22,0.955,0.645,0.77
soelmgd_bert_pii,sanctum,0.7,PERSON,48,28,0.929,0.542,0.684
soelmgd_bert_pii,sanctum,0.7,PHONE,9,6,0.667,0.444,0.533
soelmgd_bert_pii,sanctum,0.7,URL,2,1,1.0,0.5,0.667
soelmgd_bert_pii,sanctum,0.8,DATE_TIME,30,15,0.867,0.433,0.578
soelmgd_bert_pii,sanctum,0.8,EMAIL,11,4,1.0,0.364,0.533
soelmgd_bert_pii,sanctum,0.8,FINANCIAL,5,0,0.0,0.0,0.0
soelmgd_bert_pii,sanctum,0.8,GOV_ID,3,5,0.4,0.667,0.5
soelmgd_bert_pii,sanctum,0.8,IP,1,1,1.0,1.0,1.0
soelmgd_bert_pii,sanctum,0.8,LOCATION,14,24,0.958,1.0,0.979
soelmgd_bert_pii,sanctum,0.8,ORGANIZATION,31,22,0.955,0.645,0.77
soelmgd_bert_pii,sanctum,0.8,PERSON,48,16,0.938,0.312,0.469
soelmgd_bert_pii,sanctum,0.8,PHONE,9,4,0.75,0.333,0.462
soelmgd_bert_pii,sanctum,0.8,URL,2,1,1.0,0.5,0.667
